linha_base,direcao_base,total_pontos_linha_base,linha_compartilhada,direcao_compartilhada,num_pontos_compartilhados,percentual_cobertura,pontos_compartilhados
805,Ida,31,SPB550,Ida,1,3.23,Barra Private
805,Ida,31,SV692,Volta,1,3.23,Alfabarra II
805,Ida,31,SV692,Ida,1,3.23,Alfabarra II
805,Ida,31,343,Volta,2,6.45,"Barra Private, Terminal Nuta James"
805,Ida,31,343,Ida,2,6.45,"Gilberto Amado, Terminal Nuta James"
805,Ida,31,SN302,Ida,1,3.23,Barra Private
805,Ida,31,SN302,Volta,23,74.19,"Alfabarra II, Clube Riviera, Embaixador Egberto Mafra, Eugênio Lyra Neto, General Ivan Raposo, Hercílio Gonçalves, Jornalista Pierre Plancher, Marcelo Roberto, Padre Alfredo Gonzales, Peregrino Junior, Praça do Ó, Praia da Barra - Posto 2, Praia da Barra - Posto 3, Praia da Barra - Posto 4, Praia da Barra - Posto 5, Praia da Barra - Posto 6, Praia da Barra - Posto 6, Praia da Barra - Posto 7, Praia da Barra - Posto 8, Praia da Barra - Posto 8, Prudência do Amaral, Rodolfo de Campos, São Regulo"
805,Ida,31,550,Ida,1,3.23,Barra Private
805,Ida,31,555,Ida,1,3.23,Barra Private
805,Ida,31,565,Volta,2,6.45,"Barra Private, Passarela da Barra"
805,Ida,31,SN309,Volta,2,6.45,"Barra Private, Passarela da Barra"
805,Ida,31,SN309,Ida,26,83.87,"Alfabarra II, Clube Riviera, Comandante Júlio de Moura, Embaixador Egberto Mafra, Eugênio Lyra Neto, General Ivan Raposo, Gilberto Amado, Hercílio Gonçalves, Jornalista Pierre Plancher, Marcelo Roberto, Padre Alfredo Gonzales, Peregrino Junior, Praça do Ó, Praça Euvaldo Lodi, Praia da Barra - Posto 2, Praia da Barra - Posto 3, Praia da Barra - Posto 4, Praia da Barra - Posto 5, Praia da Barra - Posto 6, Praia da Barra - Posto 6, Praia da Barra - Posto 7, Praia da Barra - Posto 8, Praia da Barra - Posto 8, Prudência do Amaral, Rodolfo de Campos, São Regulo"
805,Ida,31,309,Ida,26,83.87,"Alfabarra II, Clube Riviera, Comandante Júlio de Moura, Embaixador Egberto Mafra, Eugênio Lyra Neto, General Ivan Raposo, Gilberto Amado, Hercílio Gonçalves, Jornalista Pierre Plancher, Marcelo Roberto, Padre Alfredo Gonzales, Peregrino Junior, Praça do Ó, Praça Euvaldo Lodi, Praia da Barra - Posto 2, Praia da Barra - Posto 3, Praia da Barra - Posto 4, Praia da Barra - Posto 5, Praia da Barra - Posto 6, Praia da Barra - Posto 6, Praia da Barra - Posto 7, Praia da Barra - Posto 8, Praia da Barra - Posto 8, Prudência do Amaral, Rodolfo de Campos, São Regulo"
805,Ida,31,309,Volta,2,6.45,"Barra Private, Passarela da Barra"
805,Ida,31,302,Ida,1,3.23,Barra Private
805,Ida,31,302,Volta,23,74.19,"Alfabarra II, Clube Riviera, Embaixador Egberto Mafra, Eugênio Lyra Neto, General Ivan Raposo, Hercílio Gonçalves, Jornalista Pierre Plancher, Marcelo Roberto, Padre Alfredo Gonzales, Peregrino Junior, Praça do Ó, Praia da Barra - Posto 2, Praia da Barra - Posto 3, Praia da Barra - Posto 4, Praia da Barra - Posto 5, Praia da Barra - Posto 6, Praia da Barra - Posto 6, Praia da Barra - Posto 7, Praia da Barra - Posto 8, Praia da Barra - Posto 8, Prudência do Amaral, Rodolfo de Campos, São Regulo"
805,Ida,31,SN565,Volta,2,6.45,"Barra Private, Passarela da Barra"
805,Ida,31,844,Ida,3,9.68,"Barra Private, Gilberto Amado, Terminal Nuta James"
805,Ida,31,SN550,Ida,1,3.23,Barra Private
805,Ida,31,878,Ida,1,3.23,Barra Private
805,Ida,31,878,Volta,9,29.03,"Clube Riviera, Embaixador Egberto Mafra, General Ivan Raposo, Praça do Ó, Praia da Barra - Posto 2, Praia da Barra - Posto 3, Praia da Barra - Posto 4, Praia da Barra - Posto 5, Prudência do Amaral"
805,Ida,31,SV878,Ida,1,3.23,Barra Private
805,Ida,31,SV878,Volta,9,29.03,"Clube Riviera, Embaixador Egberto Mafra, General Ivan Raposo, Praça do Ó, Praia da Barra - Posto 2, Praia da Barra - Posto 3, Praia da Barra - Posto 4, Praia da Barra - Posto 5, Prudência do Amaral"
805,Ida,31,863,Volta,1,3.23,Gilberto Amado
805,Ida,31,862,Ida,1,3.23,Barra Private
805,Ida,31,693,Volta,1,3.23,Alfabarra II
805,Ida,31,693,Ida,1,3.23,Alfabarra II
805,Ida,31,692,Ida,1,3.23,Alfabarra II
805,Ida,31,692,Volta,1,3.23,Alfabarra II
805,Ida,31,2803,Ida,1,3.23,Gilberto Amado
805,Ida,31,2803,Volta,1,3.23,Barra Private
805,Ida,31,SN878,Ida,1,3.23,Barra Private
805,Ida,31,SN878,Volta,9,29.03,"Clube Riviera, Embaixador Egberto Mafra, General Ivan Raposo, Praça do Ó, Praia da Barra - Posto 2, Praia da Barra - Posto 3, Praia da Barra - Posto 4, Praia da Barra - Posto 5, Prudência do Amaral"
805,Ida,31,2334,Volta,2,6.45,"Barra Private, Passarela da Barra"
805,Ida,31,2335,Volta,2,6.45,"Barra Private, Passarela da Barra"
805,Ida,31,2337,Volta,2,6.45,"Barra Private, Passarela da Barra"
805,Ida,31,2802,Volta,1,3.23,Terminal Nuta James
805,Ida,31,2802,Ida,4,12.9,"Barra Private, Gilberto Amado, Passarela da Barra, Terminal Nuta James"
805,Ida,31,2804,Ida,1,3.23,Gilberto Amado
805,Ida,31,2804,Volta,1,3.23,Barra Private
805,Ida,31,2338,Volta,2,6.45,"Barra Private, Passarela da Barra"
805,Ida,31,181,Ida,1,3.23,Alfabarra II
805,Ida,31,553,Volta,2,6.45,"Barra Private, Passarela da Barra"
805,Ida,31,SN554,Volta,2,6.45,"Barra Private, Passarela da Barra"
805,Ida,31,SPA550,Ida,1,3.23,Barra Private
805,Ida,31,SP805,Volta,1,3.23,Terminal Alvorada :: Plataforma C6
805,Ida,31,SP805,Ida,27,87.1,"Alfabarra II, Clube Riviera, Comandante Júlio de Moura, Embaixador Egberto Mafra, Eugênio Lyra Neto, General Ivan Raposo, Gilberto Amado, Hercílio Gonçalves, Jornalista Pierre Plancher, Marcelo Roberto, Padre Alfredo Gonzales, Peregrino Junior, Praça do Ó, Praça Euvaldo Lodi, Praia da Barra - Posto 2, Praia da Barra - Posto 3, Praia da Barra - Posto 4, Praia da Barra - Posto 5, Praia da Barra - Posto 6, Praia da Barra - Posto 6, Praia da Barra - Posto 7, Praia da Barra - Posto 8, Praia da Barra - Posto 8, Prudência do Amaral, Rodolfo de Campos, São Regulo, Terminal Alvorada :: Plataforma C6"
805,Ida,31,957,Ida,2,6.45,"Barra Private, Passarela da Barra"
805,Ida,31,990,Ida,2,6.45,"Gilberto Amado, Passarela da Barra"
805,Ida,31,990,Volta,2,6.45,"Barra Private, Passarela da Barra"
805,Ida,31,645,Ida,1,3.23,Gilberto Amado
805,Ida,31,645,Volta,1,3.23,Barra Private
805,Ida,31,552,Ida,26,83.87,"Alfabarra II, Clube Riviera, Comandante Júlio de Moura, Embaixador Egberto Mafra, Eugênio Lyra Neto, General Ivan Raposo, Gilberto Amado, Hercílio Gonçalves, Jornalista Pierre Plancher, Marcelo Roberto, Padre Alfredo Gonzales, Peregrino Junior, Praça do Ó, Praça Euvaldo Lodi, Praia da Barra - Posto 2, Praia da Barra - Posto 3, Praia da Barra - Posto 4, Praia da Barra - Posto 5, Praia da Barra - Posto 6, Praia da Barra - Posto 6, Praia da Barra - Posto 7, Praia da Barra - Posto 8, Praia da Barra - Posto 8, Prudência do Amaral, Rodolfo de Campos, São Regulo"
805,Ida,31,552,Volta,2,6.45,"Barra Private, Passarela da Barra"
805,Ida,31,554,Volta,2,6.45,"Barra Private, Passarela da Barra"
805,Ida,31,558,Ida,1,3.23,Barra Private
805,Ida,31,301,Ida,1,3.23,Barra Private
805,Ida,31,301,Volta,1,3.23,Gilberto Amado
805,Ida,31,SV863,Volta,1,3.23,Gilberto Amado
805,Ida,31,548,Ida,2,6.45,"Barra Private, Passarela da Barra"
805,Volta,24,SPB550,Ida,5,20.83,"Daut Peres, Gumercindo da Silva, Metrô Jardim Oceânico :: Ônibus Convencionais, Paulo Mazzucchelli, Praça Professor Souza Araújo"
805,Volta,24,SV692,Volta,2,8.33,"Alfa Barra, Prefeito Dulcídio Cardoso"
805,Volta,24,SV692,Ida,2,8.33,"Alfa Barra, Prefeito Dulcídio Cardoso"
805,Volta,24,343,Volta,1,4.17,Terminal Nuta James
805,Volta,24,343,Ida,6,25,"Daut Peres, Gumercindo da Silva, Metrô Jardim Oceânico :: Ônibus Convencionais, Paulo Mazzucchelli, Praça Professor Souza Araújo, Terminal Nuta James"
805,Volta,24,SN302,Ida,22,91.67,"Aldo Bonadei, Alfa Barra, Clube Riviera, Comandante Júlio de Moura, Daut Peres, Gumercindo da Silva, Metrô Jardim Oceânico :: Ônibus Convencionais, Paulo Mazzucchelli, Peregrino Junior, Praça do Ó, Praça Euvaldo Lodi, Praça Professor José Bernardino, Praça Professor Souza Araújo, Praia da Barra - Posto 4, Praia da Barra - Posto 5, Praia da Barra - Posto 6, Praia da Barra - Posto 7, Praia da Barra - Posto 8, Prefeito Dulcídio Cardoso, Prudência do Amaral, Rodolfo de Campos, São Regulo"
805,Volta,24,550,Ida,5,20.83,"Daut Peres, Gumercindo da Silva, Metrô Jardim Oceânico :: Ônibus Convencionais, Paulo Mazzucchelli, Praça Professor Souza Araújo"
805,Volta,24,555,Ida,5,20.83,"Daut Peres, Gumercindo da Silva, Metrô Jardim Oceânico :: Ônibus Convencionais, Paulo Mazzucchelli, Praça Professor Souza Araújo"
805,Volta,24,565,Ida,2,8.33,"Metrô Jardim Oceânico :: Ônibus Convencionais, Paulo Mazzucchelli"
805,Volta,24,SN309,Volta,21,87.5,"Aldo Bonadei, Alfa Barra, Clube Riviera, Comandante Júlio de Moura, Daut Peres, Metrô Jardim Oceânico :: Ônibus Convencionais, Paulo Mazzucchelli, Peregrino Junior, Praça do Ó, Praça Euvaldo Lodi, Praça Professor José Bernardino, Praça Professor Souza Araújo, Praia da Barra - Posto 4, Praia da Barra - Posto 5, Praia da Barra - Posto 6, Praia da Barra - Posto 7, Praia da Barra - Posto 8, Prefeito Dulcídio Cardoso, Prudência do Amaral, Rodolfo de Campos, São Regulo"
805,Volta,24,309,Volta,22,91.67,"Aldo Bonadei, Alfa Barra, Clube Riviera, Comandante Júlio de Moura, Daut Peres, Gumercindo da Silva, Metrô Jardim Oceânico :: Ônibus Convencionais, Paulo Mazzucchelli, Peregrino Junior, Praça do Ó, Praça Euvaldo Lodi, Praça Professor José Bernardino, Praça Professor Souza Araújo, Praia da Barra - Posto 4, Praia da Barra - Posto 5, Praia da Barra - Posto 6, Praia da Barra - Posto 7, Praia da Barra - Posto 8, Prefeito Dulcídio Cardoso, Prudência do Amaral, Rodolfo de Campos, São Regulo"
805,Volta,24,302,Ida,22,91.67,"Aldo Bonadei, Alfa Barra, Clube Riviera, Comandante Júlio de Moura, Daut Peres, Gumercindo da Silva, Metrô Jardim Oceânico :: Ônibus Convencionais, Paulo Mazzucchelli, Peregrino Junior, Praça do Ó, Praça Euvaldo Lodi, Praça Professor José Bernardino, Praça Professor Souza Araújo, Praia da Barra - Posto 4, Praia da Barra - Posto 5, Praia da Barra - Posto 6, Praia da Barra - Posto 7, Praia da Barra - Posto 8, Prefeito Dulcídio Cardoso, Prudência do Amaral, Rodolfo de Campos, São Regulo"
805,Volta,24,SN565,Ida,2,8.33,"Metrô Jardim Oceânico :: Ônibus Convencionais, Paulo Mazzucchelli"
805,Volta,24,844,Ida,6,25,"Daut Peres, Gumercindo da Silva, Metrô Jardim Oceânico :: Ônibus Convencionais, Paulo Mazzucchelli, Praça Professor Souza Araújo, Terminal Nuta James"
805,Volta,24,SN550,Ida,4,16.67,"Daut Peres, Metrô Jardim Oceânico :: Ônibus Convencionais, Paulo Mazzucchelli, Praça Professor Souza Araújo"
805,Volta,24,2918,Ida,3,12.5,"Metrô Jardim Oceânico :: Ônibus Convencionais, Praia da Barra - Posto 7, Prudência do Amaral"
805,Volta,24,878,Ida,1,4.17,Daut Peres
805,Volta,24,878,Volta,3,12.5,"Praia da Barra - Posto 4, Praia da Barra - Posto 5, Prudência do Amaral"
805,Volta,24,SV878,Ida,1,4.17,Daut Peres
805,Volta,24,SV878,Volta,3,12.5,"Praia da Barra - Posto 4, Praia da Barra - Posto 5, Prudência do Amaral"
805,Volta,24,863,Volta,2,8.33,"Metrô Jardim Oceânico :: Ônibus Convencionais, Paulo Mazzucchelli"
805,Volta,24,693,Volta,2,8.33,"Alfa Barra, Prefeito Dulcídio Cardoso"
805,Volta,24,693,Ida,2,8.33,"Alfa Barra, Prefeito Dulcídio Cardoso"
805,Volta,24,692,Ida,2,8.33,"Alfa Barra, Prefeito Dulcídio Cardoso"
805,Volta,24,692,Volta,2,8.33,"Alfa Barra, Prefeito Dulcídio Cardoso"
805,Volta,24,2803,Ida,1,4.17,Paulo Mazzucchelli
805,Volta,24,SN878,Ida,1,4.17,Daut Peres
805,Volta,24,SN878,Volta,3,12.5,"Praia da Barra - Posto 4, Praia da Barra - Posto 5, Prudência do Amaral"
805,Volta,24,2334,Ida,1,4.17,Paulo Mazzucchelli
805,Volta,24,2335,Ida,1,4.17,Paulo Mazzucchelli
805,Volta,24,2337,Ida,1,4.17,Paulo Mazzucchelli
805,Volta,24,2802,Volta,1,4.17,Terminal Nuta James
805,Volta,24,2802,Ida,2,8.33,"Paulo Mazzucchelli, Terminal Nuta James"
805,Volta,24,2804,Ida,1,4.17,Paulo Mazzucchelli
805,Volta,24,2338,Ida,1,4.17,Paulo Mazzucchelli
805,Volta,24,181,Ida,4,16.67,"Alfa Barra, Metrô Jardim Oceânico :: Ônibus Convencionais, Paulo Mazzucchelli, Prefeito Dulcídio Cardoso"
805,Volta,24,553,Ida,2,8.33,"Metrô Jardim Oceânico :: Ônibus Convencionais, Paulo Mazzucchelli"
805,Volta,24,SP553,Ida,2,8.33,"Metrô Jardim Oceânico :: Ônibus Convencionais, Paulo Mazzucchelli"
805,Volta,24,SN554,Ida,2,8.33,"Metrô Jardim Oceânico :: Ônibus Convencionais, Paulo Mazzucchelli"
805,Volta,24,SPA550,Ida,5,20.83,"Daut Peres, Gumercindo da Silva, Metrô Jardim Oceânico :: Ônibus Convencionais, Paulo Mazzucchelli, Praça Professor Souza Araújo"
805,Volta,24,SP805,Volta,18,75,"Aldo Bonadei, Alfa Barra, Clube Riviera, Comandante Júlio de Moura, Peregrino Junior, Praça do Ó, Praça Euvaldo Lodi, Praça Professor José Bernardino, Praia da Barra - Posto 4, Praia da Barra - Posto 5, Praia da Barra - Posto 6, Praia da Barra - Posto 7, Praia da Barra - Posto 8, Prefeito Dulcídio Cardoso, Prudência do Amaral, Rodolfo de Campos, São Regulo, Terminal Alvorada :: Plataforma C6"
805,Volta,24,SP805,Ida,2,8.33,"Praça Euvaldo Lodi, Terminal Alvorada :: Plataforma C6"
805,Volta,24,957,Ida,22,91.67,"Aldo Bonadei, Alfa Barra, Clube Riviera, Comandante Júlio de Moura, Daut Peres, Gumercindo da Silva, Metrô Jardim Oceânico :: Ônibus Convencionais, Paulo Mazzucchelli, Peregrino Junior, Praça do Ó, Praça Euvaldo Lodi, Praça Professor José Bernardino, Praça Professor Souza Araújo, Praia da Barra - Posto 4, Praia da Barra - Posto 5, Praia da Barra - Posto 6, Praia da Barra - Posto 7, Praia da Barra - Posto 8, Prefeito Dulcídio Cardoso, Prudência do Amaral, Rodolfo de Campos, São Regulo"
805,Volta,24,990,Ida,2,8.33,"Metrô Jardim Oceânico :: Ônibus Convencionais, Paulo Mazzucchelli"
805,Volta,24,645,Ida,2,8.33,"Metrô Jardim Oceânico :: Ônibus Convencionais, Paulo Mazzucchelli"
805,Volta,24,552,Volta,22,91.67,"Aldo Bonadei, Alfa Barra, Clube Riviera, Comandante Júlio de Moura, Daut Peres, Gumercindo da Silva, Metrô Jardim Oceânico :: Ônibus Convencionais, Paulo Mazzucchelli, Peregrino Junior, Praça do Ó, Praça Euvaldo Lodi, Praça Professor José Bernardino, Praça Professor Souza Araújo, Praia da Barra - Posto 4, Praia da Barra - Posto 5, Praia da Barra - Posto 6, Praia da Barra - Posto 7, Praia da Barra - Posto 8, Prefeito Dulcídio Cardoso, Prudência do Amaral, Rodolfo de Campos, São Regulo"
805,Volta,24,554,Ida,2,8.33,"Metrô Jardim Oceânico :: Ônibus Convencionais, Paulo Mazzucchelli"
805,Volta,24,558,Ida,5,20.83,"Daut Peres, Gumercindo da Silva, Metrô Jardim Oceânico :: Ônibus Convencionais, Paulo Mazzucchelli, Praça Professor Souza Araújo"
805,Volta,24,301,Volta,2,8.33,"Metrô Jardim Oceânico :: Ônibus Convencionais, Paulo Mazzucchelli"
805,Volta,24,SV863,Volta,2,8.33,"Metrô Jardim Oceânico :: Ônibus Convencionais, Paulo Mazzucchelli"
805,Volta,24,548,Volta,2,8.33,"Metrô Jardim Oceânico :: Ônibus Convencionais, Paulo Mazzucchelli"
702,Volta,19,636,Volta,3,15.79,"Dias Vieira, Doutor Bernardino, Estação Capitão Menezes"
702,Volta,19,636,Ida,1,5.26,Praça Seca
702,Volta,19,624,Volta,1,5.26,São Geraldo
702,Volta,19,LECD113,Ida,1,5.26,Dona Clara
702,Volta,19,LECD113,Volta,2,10.53,"Domingos Lopes, Intendente Magalhães"
702,Volta,19,306,Ida,5,26.32,"Barão, Doutor Bernardino, Estação Capitão Menezes, Pedro Teles, Praça Seca"
702,Volta,19,306,Volta,2,10.53,"Pedro Teles, Praça Seca"
702,Volta,19,SN363,Volta,1,5.26,São Geraldo
702,Volta,19,2111,Ida,4,21.05,"Barão, Doutor Bernardino, Estação Capitão Menezes, Pedro Teles"
702,Volta,19,2111,Volta,2,10.53,"Pedro Teles, Praça Seca"
702,Volta,19,678,Ida,6,31.58,"Dias Vieira, Doutor Bernardino, Escola Municipal Sobral Pinto, Estação Capitão Menezes, Praça Seca :: Linhas sentido Valqueire/Praça Seca, São Geraldo"
702,Volta,19,678,Volta,1,5.26,Pedro Teles
702,Volta,19,766,Ida,3,15.79,"Dias Vieira, Doutor Bernardino, Estação Capitão Menezes"
702,Volta,19,766,Volta,1,5.26,Praça Seca
702,Volta,19,SN636,Ida,1,5.26,Praça Seca
702,Volta,19,SN636,Volta,3,15.79,"Dias Vieira, Doutor Bernardino, Estação Capitão Menezes"
702,Volta,19,SP766,Ida,1,5.26,Praça Seca
702,Volta,19,371,Ida,3,15.79,"Barão, Pedro Teles, Praça Seca"
702,Volta,19,371,Volta,5,26.32,"Dias Vieira, Doutor Bernardino, Estação Capitão Menezes, Pedro Teles, Praça Seca"
702,Volta,19,783,Ida,1,5.26,Pedro Teles
702,Volta,19,783,Volta,5,26.32,"Dias Vieira, Doutor Bernardino, Escola Municipal Sobral Pinto, Estação Capitão Menezes, Praça Seca :: Linhas sentido Valqueire/Praça Seca"
702,Volta,19,SV391,Volta,1,5.26,São Geraldo
702,Volta,19,SP783,Ida,1,5.26,Pedro Teles
702,Volta,19,SP783,Volta,5,26.32,"Dias Vieira, Doutor Bernardino, Escola Municipal Sobral Pinto, Estação Capitão Menezes, Praça Seca :: Linhas sentido Valqueire/Praça Seca"
702,Volta,19,653,Volta,2,10.53,"Domingos Lopes, São Geraldo"
702,Volta,19,653,Ida,1,5.26,Dona Clara
702,Volta,19,SN353,Ida,1,5.26,Praça Seca
702,Volta,19,SN353,Volta,3,15.79,"Dias Vieira, Doutor Bernardino, Estação Capitão Menezes"
702,Volta,19,353,Volta,3,15.79,"Dias Vieira, Doutor Bernardino, Estação Capitão Menezes"
702,Volta,19,353,Ida,1,5.26,Praça Seca
702,Volta,19,779,Ida,2,10.53,"Dona Clara, Terminal Paulo da Portela :: Plataforma C"
702,Volta,19,779,Volta,3,15.79,"Domingos Lopes, São Geraldo, Terminal Paulo da Portela :: Plataforma C"
702,Volta,19,SN779,Ida,2,10.53,"Dona Clara, Terminal Paulo da Portela :: Plataforma C"
702,Volta,19,SN779,Volta,3,15.79,"Domingos Lopes, São Geraldo, Terminal Paulo da Portela :: Plataforma C"
702,Volta,19,LECD118,Ida,2,10.53,"São Geraldo, Terminal Paulo da Portela :: Plataforma C"
702,Volta,19,LECD118,Volta,1,5.26,Terminal Paulo da Portela :: Plataforma C
702,Volta,19,SN383,Volta,1,5.26,São Geraldo
702,Volta,19,LECD114,Ida,1,5.26,Dona Clara
702,Volta,19,LECD114,Volta,1,5.26,Domingos Lopes
702,Volta,19,LECD111,Volta,3,15.79,"Domingos Lopes, São Geraldo, Terminal Paulo da Portela :: Plataforma C"
702,Volta,19,LECD111,Ida,2,10.53,"Dona Clara, Terminal Paulo da Portela :: Plataforma C"
702,Ida,29,636,Ida,2,6.9,"Bauru, Praça Seca"
702,Ida,29,624,Ida,2,6.9,"Bauru, Capitão Couto Menezes"
702,Ida,29,624,Volta,3,10.34,"Domingos Lopes, Intendente Magalhães, Quaxima"
702,Ida,29,LECD113,Ida,8,27.59,"Bauru, Capitão Couto Menezes, Domingos Lopes, Francisco Cupello, Intendente Magalhães, José Felix de Mariz, Mataquiá, Quaxima"
702,Ida,29,306,Ida,8,27.59,"Barão, Cândido Benício, Capitão Machado, Capitão Menezes, Doutor Bernardino, Japurá, Pedro Teles, Praça Seca"
702,Ida,29,306,Volta,2,6.9,"Pedro Teles, Praça Seca"
702,Ida,29,363,Ida,2,6.9,"Bauru, Capitão Couto Menezes"
702,Ida,29,363,Volta,3,10.34,"Domingos Lopes, Intendente Magalhães, Quaxima"
702,Ida,29,SV363,Ida,2,6.9,"Bauru, Capitão Couto Menezes"
702,Ida,29,SV363,Volta,3,10.34,"Domingos Lopes, Intendente Magalhães, Quaxima"
702,Ida,29,SN363,Volta,3,10.34,"Domingos Lopes, Intendente Magalhães, Quaxima"
702,Ida,29,SN363,Ida,2,6.9,"Bauru, Capitão Couto Menezes"
702,Ida,29,2111,Ida,7,24.14,"Barão, Cândido Benício, Capitão Machado, Capitão Menezes, Doutor Bernardino, Japurá, Pedro Teles"
702,Ida,29,2111,Volta,2,6.9,"Pedro Teles, Praça Seca"
702,Ida,29,2345,Ida,2,6.9,"Bauru, Capitão Couto Menezes"
702,Ida,29,2345,Volta,3,10.34,"Domingos Lopes, Intendente Magalhães, Quaxima"
702,Ida,29,678,Ida,1,3.45,Quaxima
702,Ida,29,678,Volta,7,24.14,"Ana Teles, Bauru, Capitão Machado, Capitão Menezes, CIEP Carlos Drummond de Andrade, Doutor Bernardino, Pedro Teles"
702,Ida,29,766,Volta,2,6.9,"Bauru, Praça Seca"
702,Ida,29,775,Volta,3,10.34,"Bauru, Capitão Couto Menezes, Curimatá"
702,Ida,29,775,Ida,4,13.79,"Capitão Couto Menezes, Domingos Lopes, Intendente Magalhães, Quaxima"
702,Ida,29,SN636,Ida,2,6.9,"Bauru, Praça Seca"
702,Ida,29,383,Ida,2,6.9,"Bauru, Capitão Couto Menezes"
702,Ida,29,383,Volta,3,10.34,"Domingos Lopes, Intendente Magalhães, Quaxima"
702,Ida,29,745,Volta,3,10.34,"Domingos Lopes, Intendente Magalhães, Quaxima"
702,Ida,29,745,Ida,2,6.9,"Bauru, Capitão Couto Menezes"
702,Ida,29,746,Volta,3,10.34,"Domingos Lopes, Intendente Magalhães, Quaxima"
702,Ida,29,746,Ida,2,6.9,"Bauru, Capitão Couto Menezes"
702,Ida,29,794,Volta,3,10.34,"Domingos Lopes, Intendente Magalhães, Quaxima"
702,Ida,29,794,Ida,2,6.9,"Bauru, Capitão Couto Menezes"
702,Ida,29,SN794,Volta,3,10.34,"Domingos Lopes, Intendente Magalhães, Quaxima"
702,Ida,29,SN794,Ida,2,6.9,"Bauru, Capitão Couto Menezes"
702,Ida,29,SP766,Ida,2,6.9,"Bauru, Praça Seca"
702,Ida,29,371,Ida,11,37.93,"Ana Teles, Barão, Bauru, Cândido Benício, Capitão Machado, Capitão Menezes, CIEP Carlos Drummond de Andrade, Doutor Bernardino, Japurá, Pedro Teles, Praça Seca"
702,Ida,29,371,Volta,3,10.34,"Pedro Teles, Praça Seca, Quaxima"
702,Ida,29,783,Ida,2,6.9,"Doutor Bernardino, Pedro Teles"
702,Ida,29,783,Volta,5,17.24,"Ana Teles, Capitão Machado, Capitão Menezes, CIEP Carlos Drummond de Andrade, Doutor Bernardino"
702,Ida,29,SV391,Volta,3,10.34,"Domingos Lopes, Intendente Magalhães, Quaxima"
702,Ida,29,SV391,Ida,2,6.9,"Bauru, Capitão Couto Menezes"
702,Ida,29,SN624,Volta,3,10.34,"Domingos Lopes, Intendente Magalhães, Quaxima"
702,Ida,29,SN624,Ida,2,6.9,"Bauru, Capitão Couto Menezes"
702,Ida,29,SP783,Ida,2,6.9,"Doutor Bernardino, Pedro Teles"
702,Ida,29,SP783,Volta,5,17.24,"Ana Teles, Capitão Machado, Capitão Menezes, CIEP Carlos Drummond de Andrade, Doutor Bernardino"
702,Ida,29,653,Ida,2,6.9,"Bauru, Quaxima"
702,Ida,29,SN353,Ida,2,6.9,"Bauru, Praça Seca"
702,Ida,29,353,Ida,2,6.9,"Bauru, Praça Seca"
702,Ida,29,779,Ida,7,24.14,"Bauru, Capitão Couto Menezes, Curimatá, Domingos Lopes, Intendente Magalhães, Quaxima, Terminal Paulo da Portela :: Plataforma C"
702,Ida,29,779,Volta,1,3.45,Terminal Paulo da Portela :: Plataforma C
702,Ida,29,SN779,Ida,7,24.14,"Bauru, Capitão Couto Menezes, Curimatá, Domingos Lopes, Intendente Magalhães, Quaxima, Terminal Paulo da Portela :: Plataforma C"
702,Ida,29,SN779,Volta,1,3.45,Terminal Paulo da Portela :: Plataforma C
702,Ida,29,SV624,Volta,3,10.34,"Domingos Lopes, Intendente Magalhães, Quaxima"
702,Ida,29,SV624,Ida,2,6.9,"Bauru, Capitão Couto Menezes"
702,Ida,29,LECD118,Ida,3,10.34,"Bauru, Quaxima, Terminal Paulo da Portela :: Plataforma C"
702,Ida,29,LECD118,Volta,1,3.45,Terminal Paulo da Portela :: Plataforma C
702,Ida,29,SN383,Ida,2,6.9,"Bauru, Capitão Couto Menezes"
702,Ida,29,SN383,Volta,3,10.34,"Domingos Lopes, Intendente Magalhães, Quaxima"
702,Ida,29,LECD114,Ida,5,17.24,"Bauru, Capitão Couto Menezes, Domingos Lopes, Intendente Magalhães, Quaxima"
702,Ida,29,LECD111,Volta,1,3.45,Terminal Paulo da Portela :: Plataforma C
702,Ida,29,LECD111,Ida,7,24.14,"Bauru, Capitão Couto Menezes, Curimatá, Domingos Lopes, Intendente Magalhães, Quaxima, Terminal Paulo da Portela :: Plataforma C"
315,Ida,61,955,Ida,9,14.75,"Aeroporto de Jacarepaguá, Arlindo Janot - Saída 9, Democráticos - Saída 7, Estação Aeroporto de Jacarepaguá, Isabel Domingues, Mercado do Produtor, Shopping Aerotown, Subprefeitura da Barra, Vila do João - Pista Lateral"
315,Ida,61,497,Volta,15,24.59,"Almirante Mariath (Portão 24) :: Linhas Municipais, Arlindo Janot - Saída 9, Bela, BRS 1,3,5: Cidade Nova, BRS 3,5: Praça Onze, Fiocruz, Geógrafo Milton Santos :: Linhas Municipais via Av. Brasil, GRES Unidos da Tijuca :: Pista Central, José Moreira Pequeno, Monsenhor Manuel Gomes, Parque Vitória, Péter Lund, Refinaria de Manguinhos, Ricardo Machado, Vila do João - Pista Lateral"
315,Ida,61,2305,Volta,3,4.92,"Almirante Mariath (Portão 24) :: Linhas Municipais, Geógrafo Milton Santos :: Linhas Municipais via Av. Brasil, GRES Unidos da Tijuca :: Pista Central"
315,Ida,61,SV692,Ida,7,11.48,"Aeroporto de Jacarepaguá, Estação Aeroporto de Jacarepaguá, Isabel Domingues, Mercado do Produtor, Shopping Aerotown, Subprefeitura da Barra, Vila Pan-Americana"
315,Ida,61,292,Volta,12,19.67,"Almirante Mariath (Portão 24) :: Linhas Municipais, Arlindo Janot - Saída 9, Bela, Fiocruz, Geógrafo Milton Santos :: Linhas Municipais via Av. Brasil, GRES Unidos da Tijuca :: Pista Central, José Moreira Pequeno, Monsenhor Manuel Gomes, Parque Vitória, Péter Lund, Refinaria de Manguinhos, Ricardo Machado"
315,Ida,61,326,Volta,11,18.03,"Almirante Mariath (Portão 24) :: Linhas Municipais, Bela, Fiocruz, Geógrafo Milton Santos :: Linhas Municipais via Av. Brasil, GRES Unidos da Tijuca :: Pista Central, José Moreira Pequeno, Monsenhor Manuel Gomes, Parque Vitória, Péter Lund, Refinaria de Manguinhos, Ricardo Machado"
315,Ida,61,328,Volta,11,18.03,"Almirante Mariath (Portão 24) :: Linhas Municipais, Bela, Fiocruz, Geógrafo Milton Santos :: Linhas Municipais via Av. Brasil, GRES Unidos da Tijuca :: Pista Central, José Moreira Pequeno, Monsenhor Manuel Gomes, Parque Vitória, Péter Lund, Refinaria de Manguinhos, Ricardo Machado"
315,Ida,61,329,Volta,11,18.03,"Almirante Mariath (Portão 24) :: Linhas Municipais, Bela, Fiocruz, Geógrafo Milton Santos :: Linhas Municipais via Av. Brasil, GRES Unidos da Tijuca :: Pista Central, José Moreira Pequeno, Monsenhor Manuel Gomes, Parque Vitória, Péter Lund, Refinaria de Manguinhos, Ricardo Machado"
315,Ida,61,342,Volta,11,18.03,"Almirante Mariath (Portão 24) :: Linhas Municipais, Bela, Fiocruz, Geógrafo Milton Santos :: Linhas Municipais via Av. Brasil, GRES Unidos da Tijuca :: Pista Central, José Moreira Pequeno, Monsenhor Manuel Gomes, Parque Vitória, Péter Lund, Refinaria de Manguinhos, Ricardo Machado"
315,Ida,61,SR342,Volta,3,4.92,"Almirante Mariath (Portão 24) :: Linhas Municipais, Geógrafo Milton Santos :: Linhas Municipais via Av. Brasil, GRES Unidos da Tijuca :: Pista Central"
315,Ida,61,355,Volta,9,14.75,"Almirante Mariath (Portão 24) :: Linhas Municipais, Bela, Fiocruz, José Moreira Pequeno, Monsenhor Manuel Gomes, Parque Vitória, Péter Lund, Refinaria de Manguinhos, Ricardo Machado"
315,Ida,61,SR355,Volta,1,1.64,Almirante Mariath (Portão 24) :: Linhas Municipais
315,Ida,61,362,Volta,11,18.03,"Almirante Mariath (Portão 24) :: Linhas Municipais, Bela, Fiocruz, Geógrafo Milton Santos :: Linhas Municipais via Av. Brasil, GRES Unidos da Tijuca :: Pista Central, José Moreira Pequeno, Monsenhor Manuel Gomes, Parque Vitória, Péter Lund, Refinaria de Manguinhos, Ricardo Machado"
315,Ida,61,SR362,Volta,3,4.92,"Almirante Mariath (Portão 24) :: Linhas Municipais, Geógrafo Milton Santos :: Linhas Municipais via Av. Brasil, GRES Unidos da Tijuca :: Pista Central"
315,Ida,61,378,Volta,11,18.03,"Almirante Mariath (Portão 24) :: Linhas Municipais, Bela, Fiocruz, Geógrafo Milton Santos :: Linhas Municipais via Av. Brasil, GRES Unidos da Tijuca :: Pista Central, José Moreira Pequeno, Monsenhor Manuel Gomes, Parque Vitória, Péter Lund, Refinaria de Manguinhos, Ricardo Machado"
315,Ida,61,SR378,Volta,3,4.92,"Almirante Mariath (Portão 24) :: Linhas Municipais, Geógrafo Milton Santos :: Linhas Municipais via Av. Brasil, GRES Unidos da Tijuca :: Pista Central"
315,Ida,61,384,Volta,11,18.03,"Almirante Mariath (Portão 24) :: Linhas Municipais, Bela, Fiocruz, Geógrafo Milton Santos :: Linhas Municipais via Av. Brasil, GRES Unidos da Tijuca :: Pista Central, José Moreira Pequeno, Monsenhor Manuel Gomes, Parque Vitória, Péter Lund, Refinaria de Manguinhos, Ricardo Machado"
315,Ida,61,SN324,Volta,10,16.39,"Almirante Mariath (Portão 24) :: Linhas Municipais, Bela, Fiocruz, Geógrafo Milton Santos :: Linhas Municipais via Av. Brasil, GRES Unidos da Tijuca :: Pista Central, José Moreira Pequeno, Monsenhor Manuel Gomes, Parque Vitória, Péter Lund, Refinaria de Manguinhos"
315,Ida,61,399,Volta,11,18.03,"Almirante Mariath (Portão 24) :: Linhas Municipais, Bela, Fiocruz, Geógrafo Milton Santos :: Linhas Municipais via Av. Brasil, GRES Unidos da Tijuca :: Pista Central, José Moreira Pequeno, Monsenhor Manuel Gomes, Parque Vitória, Péter Lund, Refinaria de Manguinhos, Ricardo Machado"
315,Ida,61,456,Volta,1,1.64,"BRS 3,5: Praça Onze"
315,Ida,61,457,Volta,1,1.64,"BRS 3,5: Praça Onze"
315,Ida,61,483,Volta,16,26.23,"Almirante Mariath (Portão 24) :: Linhas Municipais, Arlindo Janot - Saída 9, Bela, BRS 1,3,5: Central, BRS 1,3,5: Cidade Nova, BRS 3,5: Praça Onze, Fiocruz, Geógrafo Milton Santos :: Linhas Municipais via Av. Brasil, GRES Unidos da Tijuca :: Pista Central, José Moreira Pequeno, Monsenhor Manuel Gomes, Parque Vitória, Péter Lund, Refinaria de Manguinhos, Ricardo Machado, Vila do João - Pista Lateral"
315,Ida,61,492,Volta,1,1.64,Almirante Mariath (Portão 24) :: Linhas Municipais
315,Ida,61,386,Volta,11,18.03,"Almirante Mariath (Portão 24) :: Linhas Municipais, Bela, Fiocruz, Geógrafo Milton Santos :: Linhas Municipais via Av. Brasil, GRES Unidos da Tijuca :: Pista Central, José Moreira Pequeno, Monsenhor Manuel Gomes, Parque Vitória, Péter Lund, Refinaria de Manguinhos, Ricardo Machado"
315,Ida,61,665,Volta,4,6.56,"Fiocruz, José Moreira Pequeno, Parque Vitória, Refinaria de Manguinhos"
315,Ida,61,SVA665,Volta,4,6.56,"Fiocruz, José Moreira Pequeno, Parque Vitória, Refinaria de Manguinhos"
315,Ida,61,SVB665,Volta,4,6.56,"Fiocruz, José Moreira Pequeno, Parque Vitória, Refinaria de Manguinhos"
315,Ida,61,SN457,Volta,2,3.28,"BRS 1,3,5: Central, BRS 3,5: Praça Onze"
315,Ida,61,906,Volta,7,11.48,"Arlindo Janot - Saída 9, Bela, Fiocruz, José Moreira Pequeno, Parque Vitória, Refinaria de Manguinhos, Vila do João - Pista Lateral"
315,Ida,61,913,Volta,2,3.28,"Arlindo Janot - Saída 9, Democráticos - Saída 7"
315,Ida,61,SP485,Ida,1,1.64,"BRS 1,3,5: Cidade Nova"
315,Ida,61,338,Volta,17,27.87,"Almirante Mariath (Portão 24) :: Linhas Municipais, Arlindo Janot - Saída 9, Bela, BRS 1,3,5: Central, BRS 1,3,5: Cidade Nova, BRS 3,5: Praça Onze, Democráticos - Saída 7, Fiocruz, Geógrafo Milton Santos :: Linhas Municipais via Av. Brasil, GRES Unidos da Tijuca :: Pista Central, José Moreira Pequeno, Monsenhor Manuel Gomes, Parque Vitória, Péter Lund, Refinaria de Manguinhos, Ricardo Machado, Vila do João - Pista Lateral"
315,Ida,61,343,Volta,17,27.87,"Almirante Mariath (Portão 24) :: Linhas Municipais, Arlindo Janot - Saída 9, Bela, BRS 1,3,5: Central, BRS 1,3,5: Cidade Nova, BRS 3,5: Praça Onze, Democráticos - Saída 7, Fiocruz, Geógrafo Milton Santos :: Linhas Municipais via Av. Brasil, GRES Unidos da Tijuca :: Pista Central, José Moreira Pequeno, Monsenhor Manuel Gomes, Parque Vitória, Péter Lund, Refinaria de Manguinhos, Ricardo Machado, Vila do João - Pista Lateral"
315,Ida,61,348,Volta,17,27.87,"Almirante Mariath (Portão 24) :: Linhas Municipais, Arlindo Janot - Saída 9, Bela, BRS 1,3,5: Central, BRS 1,3,5: Cidade Nova, BRS 3,5: Praça Onze, Democráticos - Saída 7, Fiocruz, Geógrafo Milton Santos :: Linhas Municipais via Av. Brasil, GRES Unidos da Tijuca :: Pista Central, José Moreira Pequeno, Monsenhor Manuel Gomes, Parque Vitória, Péter Lund, Refinaria de Manguinhos, Ricardo Machado, Vila do João - Pista Lateral"
315,Ida,61,380,Volta,17,27.87,"Almirante Mariath (Portão 24) :: Linhas Municipais, Arlindo Janot - Saída 9, Bela, BRS 1,3,5: Central, BRS 1,3,5: Cidade Nova, BRS 3,5: Praça Onze, Democráticos - Saída 7, Fiocruz, Geógrafo Milton Santos :: Linhas Municipais via Av. Brasil, GRES Unidos da Tijuca :: Pista Central, José Moreira Pequeno, Monsenhor Manuel Gomes, Parque Vitória, Péter Lund, Refinaria de Manguinhos, Ricardo Machado, Vila do João - Pista Lateral"
315,Ida,61,565,Ida,6,9.84,"Aeroporto de Jacarepaguá, Estação Aeroporto de Jacarepaguá, Mercado do Produtor, Shopping Aerotown, Subprefeitura da Barra, Vila Pan-Americana"
315,Ida,61,361,Volta,60,98.36,"Aeroporto de Jacarepaguá, Aires da Mata Machado Filho, Alberto Bianchi, Almirante Heleno Nunes, Almirante Mariath (Portão 24) :: Linhas Municipais, Arlindo Janot - Saída 9, Bandeirantes, Bela, Bosque da Barra, BRS 1,3,5: Central, BRS 1,3,5: Cidade Nova, BRS 3,5: Praça Onze, Cecília Meirelles, César Lattes, Clóvis Salgado, Democráticos - Saída 7, Desembargador Oscar Tenório, Doutor Raymundo Veras, Estação Aeroporto de Jacarepaguá, Estação Gláucio Gil, Estação Golfe Olímpico, Estação Guignard, Estação Interlagos, Estação Pontões / Barrasul, Estação Salvador Allende, Fiocruz, Gelson Fonseca, Genaro de Carvalho, Geógrafo Milton Santos :: Linhas Municipais via Av. Brasil, GRES Unidos da Tijuca :: Pista Central, Guilherme de Almeida, Heliporto do Recreio, Isabel Domingues, Isidoro Lopes, José Eiras Pinheiro, José Moreira Pequeno, Mercado do Produtor, Monsenhor Manuel Gomes, Novo Leblon, Parque Vitória, Paulo Areal, Pedra de Itaúna, Péter Lund, Ponto Final: Recreio dos Bandeirantes :: Terreirão, Praça do Pontal - Tim Maia, Praia do Recreio - Posto 10, Praia do Recreio - Posto 11, Presidente Nereu Ramos, Projetada 2W, Projetada D-W, Projetada E-W, Refinaria de Manguinhos, Ricardo Machado, Riomar, Santa Monica, Santa Monica Jardins, Shopping Aerotown, Subprefeitura da Barra, Vila do João - Pista Lateral, Vila Pan-Americana"
315,Ida,61,361,Ida,1,1.64,Ponto Final: Recreio dos Bandeirantes :: Terreirão
315,Ida,61,2112,Volta,3,4.92,"Almirante Mariath (Portão 24) :: Linhas Municipais, Arlindo Janot - Saída 9, Democráticos - Saída 7"
315,Ida,61,SN309,Ida,3,4.92,"BRS 1,3,5: Central, BRS 1,3,5: Cidade Nova, BRS 3,5: Praça Onze"
315,Ida,61,352,Volta,18,29.51,"Almirante Mariath (Portão 24) :: Linhas Municipais, Arlindo Janot - Saída 9, Bela, BRS 1,3,5: Central, BRS 1,3,5: Cidade Nova, BRS 3,5: Praça Onze, Democráticos - Saída 7, Fiocruz, Geógrafo Milton Santos :: Linhas Municipais via Av. Brasil, GRES Unidos da Tijuca :: Pista Central, Isabel Domingues, José Moreira Pequeno, Monsenhor Manuel Gomes, Parque Vitória, Péter Lund, Refinaria de Manguinhos, Vila do João - Pista Lateral, Vila Pan-Americana"
315,Ida,61,613,Volta,2,3.28,"Isabel Domingues, Vila Pan-Americana"
315,Ida,61,SPA613,Volta,2,3.28,"Isabel Domingues, Vila Pan-Americana"
315,Ida,61,SN565,Ida,6,9.84,"Aeroporto de Jacarepaguá, Estação Aeroporto de Jacarepaguá, Mercado do Produtor, Shopping Aerotown, Subprefeitura da Barra, Vila Pan-Americana"
315,Ida,61,863,Ida,6,9.84,"Aeroporto de Jacarepaguá, Estação Aeroporto de Jacarepaguá, Mercado do Produtor, Shopping Aerotown, Subprefeitura da Barra, Vila Pan-Americana"
315,Ida,61,693,Ida,7,11.48,"Aeroporto de Jacarepaguá, Estação Aeroporto de Jacarepaguá, Isabel Domingues, Mercado do Produtor, Shopping Aerotown, Subprefeitura da Barra, Vila Pan-Americana"
315,Ida,61,692,Ida,6,9.84,"Aeroporto de Jacarepaguá, Estação Aeroporto de Jacarepaguá, Mercado do Produtor, Shopping Aerotown, Subprefeitura da Barra, Vila Pan-Americana"
315,Ida,61,614,Ida,7,11.48,"Aeroporto de Jacarepaguá, Estação Aeroporto de Jacarepaguá, Isabel Domingues, Mercado do Produtor, Shopping Aerotown, Subprefeitura da Barra, Vila Pan-Americana"
315,Ida,61,880,Ida,6,9.84,"Aeroporto de Jacarepaguá, Estação Aeroporto de Jacarepaguá, Mercado do Produtor, Shopping Aerotown, Subprefeitura da Barra, Vila Pan-Americana"
315,Ida,61,369,Volta,6,9.84,"Almirante Mariath (Portão 24) :: Linhas Municipais, BRS 1,3,5: Central, BRS 1,3,5: Cidade Nova, BRS 3,5: Praça Onze, Geógrafo Milton Santos :: Linhas Municipais via Av. Brasil, GRES Unidos da Tijuca :: Pista Central"
315,Ida,61,388,Volta,14,22.95,"Almirante Mariath (Portão 24) :: Linhas Municipais, Bela, BRS 1,3,5: Central, BRS 1,3,5: Cidade Nova, BRS 3,5: Praça Onze, Fiocruz, Geógrafo Milton Santos :: Linhas Municipais via Av. Brasil, GRES Unidos da Tijuca :: Pista Central, José Moreira Pequeno, Monsenhor Manuel Gomes, Parque Vitória, Péter Lund, Refinaria de Manguinhos, Ricardo Machado"
315,Ida,61,393,Volta,14,22.95,"Almirante Mariath (Portão 24) :: Linhas Municipais, Bela, BRS 1,3,5: Central, BRS 1,3,5: Cidade Nova, BRS 3,5: Praça Onze, Fiocruz, Geógrafo Milton Santos :: Linhas Municipais via Av. Brasil, GRES Unidos da Tijuca :: Pista Central, José Moreira Pequeno, Monsenhor Manuel Gomes, Parque Vitória, Péter Lund, Refinaria de Manguinhos, Ricardo Machado"
315,Ida,61,SR393,Volta,6,9.84,"Almirante Mariath (Portão 24) :: Linhas Municipais, BRS 1,3,5: Central, BRS 1,3,5: Cidade Nova, BRS 3,5: Praça Onze, Geógrafo Milton Santos :: Linhas Municipais via Av. Brasil, GRES Unidos da Tijuca :: Pista Central"
315,Ida,61,2307,Volta,6,9.84,"Almirante Mariath (Portão 24) :: Linhas Municipais, BRS 1,3,5: Central, BRS 1,3,5: Cidade Nova, BRS 3,5: Praça Onze, Geógrafo Milton Santos :: Linhas Municipais via Av. Brasil, GRES Unidos da Tijuca :: Pista Central"
315,Ida,61,2308,Volta,6,9.84,"Almirante Mariath (Portão 24) :: Linhas Municipais, BRS 1,3,5: Central, BRS 1,3,5: Cidade Nova, BRS 3,5: Praça Onze, Geógrafo Milton Santos :: Linhas Municipais via Av. Brasil, GRES Unidos da Tijuca :: Pista Central"
315,Ida,61,2309,Volta,6,9.84,"Almirante Mariath (Portão 24) :: Linhas Municipais, BRS 1,3,5: Central, BRS 1,3,5: Cidade Nova, BRS 3,5: Praça Onze, Geógrafo Milton Santos :: Linhas Municipais via Av. Brasil, GRES Unidos da Tijuca :: Pista Central"
315,Ida,61,2310,Volta,6,9.84,"Almirante Mariath (Portão 24) :: Linhas Municipais, BRS 1,3,5: Central, BRS 1,3,5: Cidade Nova, BRS 3,5: Praça Onze, Geógrafo Milton Santos :: Linhas Municipais via Av. Brasil, GRES Unidos da Tijuca :: Pista Central"
315,Ida,61,2803,Volta,18,29.51,"Bosque da Barra, César Lattes, Estação Gláucio Gil, Estação Golfe Olímpico, Estação Guignard, Estação Pontões / Barrasul, Estação Salvador Allende, Gelson Fonseca, Guilherme de Almeida, Heliporto do Recreio, Isidoro Lopes, José Eiras Pinheiro, Novo Leblon, Paulo Areal, Pedra de Itaúna, Riomar, Santa Monica, Santa Monica Jardins"
315,Ida,61,900,Ida,6,9.84,"Aeroporto de Jacarepaguá, Estação Aeroporto de Jacarepaguá, Mercado do Produtor, Shopping Aerotown, Subprefeitura da Barra, Vila Pan-Americana"
315,Ida,61,954,Ida,16,26.23,"Aires da Mata Machado Filho, Alberto Bianchi, Almirante Heleno Nunes, Bandeirantes, Cecília Meirelles, Clóvis Salgado, Desembargador Oscar Tenório, Doutor Raymundo Veras, Genaro de Carvalho, Praça do Pontal - Tim Maia, Praia do Recreio - Posto 10, Praia do Recreio - Posto 11, Presidente Nereu Ramos, Projetada 2W, Projetada D-W, Projetada E-W"
315,Ida,61,954,Volta,2,3.28,"Estação Gláucio Gil, Guilherme de Almeida"
315,Ida,61,SN954,Ida,16,26.23,"Aires da Mata Machado Filho, Alberto Bianchi, Almirante Heleno Nunes, Bandeirantes, Cecília Meirelles, Clóvis Salgado, Desembargador Oscar Tenório, Doutor Raymundo Veras, Genaro de Carvalho, Praça do Pontal - Tim Maia, Praia do Recreio - Posto 10, Praia do Recreio - Posto 11, Presidente Nereu Ramos, Projetada 2W, Projetada D-W, Projetada E-W"
315,Ida,61,SN954,Volta,2,3.28,"Estação Gláucio Gil, Guilherme de Almeida"
315,Ida,61,SN393,Volta,14,22.95,"Almirante Mariath (Portão 24) :: Linhas Municipais, Bela, BRS 1,3,5: Central, BRS 1,3,5: Cidade Nova, BRS 3,5: Praça Onze, Fiocruz, Geógrafo Milton Santos :: Linhas Municipais via Av. Brasil, GRES Unidos da Tijuca :: Pista Central, José Moreira Pequeno, Monsenhor Manuel Gomes, Parque Vitória, Péter Lund, Refinaria de Manguinhos, Ricardo Machado"
315,Ida,61,SR300,Volta,6,9.84,"Almirante Mariath (Portão 24) :: Linhas Municipais, BRS 1,3,5: Central, BRS 1,3,5: Cidade Nova, BRS 3,5: Praça Onze, Geógrafo Milton Santos :: Linhas Municipais via Av. Brasil, GRES Unidos da Tijuca :: Pista Central"
315,Ida,61,2336,Volta,6,9.84,"Almirante Mariath (Portão 24) :: Linhas Municipais, BRS 1,3,5: Central, BRS 1,3,5: Cidade Nova, BRS 3,5: Praça Onze, Geógrafo Milton Santos :: Linhas Municipais via Av. Brasil, GRES Unidos da Tijuca :: Pista Central"
315,Ida,61,2303,Volta,6,9.84,"Almirante Mariath (Portão 24) :: Linhas Municipais, BRS 1,3,5: Central, BRS 1,3,5: Cidade Nova, BRS 3,5: Praça Onze, Geógrafo Milton Santos :: Linhas Municipais via Av. Brasil, GRES Unidos da Tijuca :: Pista Central"
315,Ida,61,2334,Volta,19,31.15,"Bosque da Barra, César Lattes, Estação Gláucio Gil, Estação Golfe Olímpico, Estação Guignard, Estação Interlagos, Estação Pontões / Barrasul, Estação Salvador Allende, Gelson Fonseca, Guilherme de Almeida, Heliporto do Recreio, Isidoro Lopes, José Eiras Pinheiro, Novo Leblon, Paulo Areal, Pedra de Itaúna, Riomar, Santa Monica, Santa Monica Jardins"
315,Ida,61,2335,Volta,19,31.15,"Bosque da Barra, César Lattes, Estação Gláucio Gil, Estação Golfe Olímpico, Estação Guignard, Estação Interlagos, Estação Pontões / Barrasul, Estação Salvador Allende, Gelson Fonseca, Guilherme de Almeida, Heliporto do Recreio, Isidoro Lopes, José Eiras Pinheiro, Novo Leblon, Paulo Areal, Pedra de Itaúna, Riomar, Santa Monica, Santa Monica Jardins"
315,Ida,61,2337,Volta,18,29.51,"Bosque da Barra, César Lattes, Estação Gláucio Gil, Estação Golfe Olímpico, Estação Guignard, Estação Pontões / Barrasul, Estação Salvador Allende, Gelson Fonseca, Guilherme de Almeida, Heliporto do Recreio, Isidoro Lopes, José Eiras Pinheiro, Novo Leblon, Paulo Areal, Pedra de Itaúna, Riomar, Santa Monica, Santa Monica Jardins"
315,Ida,61,2339,Volta,6,9.84,"Almirante Mariath (Portão 24) :: Linhas Municipais, BRS 1,3,5: Central, BRS 1,3,5: Cidade Nova, BRS 3,5: Praça Onze, Geógrafo Milton Santos :: Linhas Municipais via Av. Brasil, GRES Unidos da Tijuca :: Pista Central"
315,Ida,61,2381,Volta,6,9.84,"Almirante Mariath (Portão 24) :: Linhas Municipais, BRS 1,3,5: Central, BRS 1,3,5: Cidade Nova, BRS 3,5: Praça Onze, Geógrafo Milton Santos :: Linhas Municipais via Av. Brasil, GRES Unidos da Tijuca :: Pista Central"
315,Ida,61,2383,Volta,6,9.84,"Almirante Mariath (Portão 24) :: Linhas Municipais, BRS 1,3,5: Central, BRS 1,3,5: Cidade Nova, BRS 3,5: Praça Onze, Geógrafo Milton Santos :: Linhas Municipais via Av. Brasil, GRES Unidos da Tijuca :: Pista Central"
315,Ida,61,2802,Volta,18,29.51,"Bosque da Barra, César Lattes, Estação Gláucio Gil, Estação Golfe Olímpico, Estação Guignard, Estação Pontões / Barrasul, Estação Salvador Allende, Gelson Fonseca, Guilherme de Almeida, Heliporto do Recreio, Isidoro Lopes, José Eiras Pinheiro, Novo Leblon, Paulo Areal, Pedra de Itaúna, Riomar, Santa Monica, Santa Monica Jardins"
315,Ida,61,2804,Volta,18,29.51,"Bosque da Barra, César Lattes, Estação Gláucio Gil, Estação Golfe Olímpico, Estação Guignard, Estação Pontões / Barrasul, Estação Salvador Allende, Gelson Fonseca, Guilherme de Almeida, Heliporto do Recreio, Isidoro Lopes, José Eiras Pinheiro, Novo Leblon, Paulo Areal, Pedra de Itaúna, Riomar, Santa Monica, Santa Monica Jardins"
315,Ida,61,2338,Volta,18,29.51,"Bosque da Barra, César Lattes, Estação Gláucio Gil, Estação Golfe Olímpico, Estação Guignard, Estação Pontões / Barrasul, Estação Salvador Allende, Gelson Fonseca, Guilherme de Almeida, Heliporto do Recreio, Isidoro Lopes, José Eiras Pinheiro, Novo Leblon, Paulo Areal, Pedra de Itaúna, Riomar, Santa Monica, Santa Monica Jardins"
315,Ida,61,394,Volta,14,22.95,"Almirante Mariath (Portão 24) :: Linhas Municipais, Bela, BRS 1,3,5: Central, BRS 1,3,5: Cidade Nova, BRS 3,5: Praça Onze, Fiocruz, Geógrafo Milton Santos :: Linhas Municipais via Av. Brasil, GRES Unidos da Tijuca :: Pista Central, José Moreira Pequeno, Monsenhor Manuel Gomes, Parque Vitória, Péter Lund, Refinaria de Manguinhos, Ricardo Machado"
315,Ida,61,SR397,Volta,6,9.84,"Almirante Mariath (Portão 24) :: Linhas Municipais, BRS 1,3,5: Central, BRS 1,3,5: Cidade Nova, BRS 3,5: Praça Onze, Geógrafo Milton Santos :: Linhas Municipais via Av. Brasil, GRES Unidos da Tijuca :: Pista Central"
315,Ida,61,SN397,Volta,14,22.95,"Almirante Mariath (Portão 24) :: Linhas Municipais, Bela, BRS 1,3,5: Central, BRS 1,3,5: Cidade Nova, BRS 3,5: Praça Onze, Fiocruz, Geógrafo Milton Santos :: Linhas Municipais via Av. Brasil, GRES Unidos da Tijuca :: Pista Central, José Moreira Pequeno, Monsenhor Manuel Gomes, Parque Vitória, Péter Lund, Refinaria de Manguinhos, Ricardo Machado"
315,Ida,61,107,Volta,1,1.64,Terminal Procópio Ferreira :: Plat. Sul
315,Ida,61,181,Ida,19,31.15,"Aeroporto de Jacarepaguá, Almirante Mariath (Portão 24) :: Linhas Municipais, Arlindo Janot - Saída 9, Bela, Democráticos - Saída 7, Estação Aeroporto de Jacarepaguá, Fiocruz, Isabel Domingues, José Moreira Pequeno, Mercado do Produtor, Monsenhor Manuel Gomes, Parque Vitória, Péter Lund, Refinaria de Manguinhos, Ricardo Machado, Shopping Aerotown, Subprefeitura da Barra, Vila do João - Pista Lateral, Vila Pan-Americana"
315,Ida,61,210,Volta,7,11.48,"Almirante Mariath (Portão 24) :: Linhas Municipais, BRS 1,3,5: Central, BRS 1,3,5: Cidade Nova, Geógrafo Milton Santos :: Linhas Municipais via Av. Brasil, GRES Unidos da Tijuca :: Pista Central, Monsenhor Manuel Gomes, Ricardo Machado"
315,Ida,61,210,Ida,1,1.64,Bela
315,Ida,61,105,Volta,1,1.64,Terminal Procópio Ferreira :: Plat. Sul
315,Ida,61,105,Ida,1,1.64,Terminal Procópio Ferreira :: Plat. Sul
315,Ida,61,117,Ida,2,3.28,"BRS 1,3,5: Central, Terminal Procópio Ferreira :: Plat. Sul"
315,Ida,61,117,Volta,1,1.64,Terminal Procópio Ferreira :: Plat. Sul
315,Ida,61,440,Ida,1,1.64,Bela
315,Ida,61,110,Volta,2,3.28,"BRS 1,3,5: Central, BRS 1,3,5: Cidade Nova"
315,Ida,61,112,Volta,2,3.28,"BRS 1,3,5: Central, BRS 1,3,5: Cidade Nova"
315,Ida,61,209,Volta,1,1.64,Bela
315,Ida,61,209,Ida,2,3.28,"BRS 1,3,5: Central, BRS 1,3,5: Cidade Nova"
315,Ida,61,444,Ida,1,1.64,Vila do João - Pista Lateral
315,Ida,61,109,Ida,2,3.28,"BRS 1,3,5: Central, BRS 1,3,5: Cidade Nova"
315,Ida,61,SV474,Volta,5,8.2,"Almirante Mariath (Portão 24) :: Linhas Municipais, Bela, Monsenhor Manuel Gomes, Péter Lund, Ricardo Machado"
315,Ida,61,498,Volta,15,24.59,"Almirante Mariath (Portão 24) :: Linhas Municipais, Arlindo Janot - Saída 9, Bela, BRS 1,3,5: Cidade Nova, BRS 3,5: Praça Onze, Fiocruz, Geógrafo Milton Santos :: Linhas Municipais via Av. Brasil, GRES Unidos da Tijuca :: Pista Central, José Moreira Pequeno, Monsenhor Manuel Gomes, Parque Vitória, Péter Lund, Refinaria de Manguinhos, Ricardo Machado, Vila do João - Pista Lateral"
315,Ida,61,553,Ida,1,1.64,Ponto Final: Recreio dos Bandeirantes :: Terreirão
315,Ida,61,553,Volta,34,55.74,"Aires da Mata Machado Filho, Alberto Bianchi, Almirante Heleno Nunes, Bandeirantes, Bosque da Barra, Cecília Meirelles, César Lattes, Clóvis Salgado, Desembargador Oscar Tenório, Doutor Raymundo Veras, Estação Gláucio Gil, Estação Golfe Olímpico, Estação Guignard, Estação Pontões / Barrasul, Gelson Fonseca, Genaro de Carvalho, Guilherme de Almeida, Heliporto do Recreio, Isidoro Lopes, José Eiras Pinheiro, Novo Leblon, Paulo Areal, Pedra de Itaúna, Ponto Final: Recreio dos Bandeirantes :: Terreirão, Praça do Pontal - Tim Maia, Praia do Recreio - Posto 10, Praia do Recreio - Posto 11, Presidente Nereu Ramos, Projetada 2W, Projetada D-W, Projetada E-W, Riomar, Santa Monica, Santa Monica Jardins"
315,Ida,61,SN554,Volta,19,31.15,"Bosque da Barra, César Lattes, Estação Gláucio Gil, Estação Golfe Olímpico, Estação Guignard, Estação Interlagos, Estação Pontões / Barrasul, Estação Salvador Allende, Gelson Fonseca, Guilherme de Almeida, Heliporto do Recreio, Isidoro Lopes, José Eiras Pinheiro, Novo Leblon, Paulo Areal, Pedra de Itaúna, Riomar, Santa Monica, Santa Monica Jardins"
315,Ida,61,104,Ida,2,3.28,"BRS 1,3,5: Central, BRS 1,3,5: Cidade Nova"
315,Ida,61,335,Volta,3,4.92,"Almirante Mariath (Portão 24) :: Linhas Municipais, Geógrafo Milton Santos :: Linhas Municipais via Av. Brasil, GRES Unidos da Tijuca :: Pista Central"
315,Ida,61,485,Volta,2,3.28,"BRS 1,3,5: Cidade Nova, BRS 3,5: Praça Onze"
315,Ida,61,SN483,Volta,16,26.23,"Almirante Mariath (Portão 24) :: Linhas Municipais, Arlindo Janot - Saída 9, Bela, BRS 1,3,5: Central, BRS 1,3,5: Cidade Nova, BRS 3,5: Praça Onze, Fiocruz, Geógrafo Milton Santos :: Linhas Municipais via Av. Brasil, GRES Unidos da Tijuca :: Pista Central, José Moreira Pequeno, Monsenhor Manuel Gomes, Parque Vitória, Péter Lund, Refinaria de Manguinhos, Ricardo Machado, Vila do João - Pista Lateral"
315,Ida,61,SV483,Ida,9,14.75,"Almirante Mariath (Portão 24) :: Linhas Municipais, Bela, Fiocruz, José Moreira Pequeno, Monsenhor Manuel Gomes, Parque Vitória, Péter Lund, Refinaria de Manguinhos, Ricardo Machado"
315,Ida,61,SP315,Ida,46,75.41,"Aeroporto de Jacarepaguá, Aires da Mata Machado Filho, Alberto Bianchi, Almirante Heleno Nunes, Arlindo Janot - Saída 9, Bandeirantes, Bosque da Barra, Cecília Meirelles, César Lattes, Clóvis Salgado, Democráticos - Saída 7, Desembargador Oscar Tenório, Doutor Raymundo Veras, Estação Aeroporto de Jacarepaguá, Estação Gláucio Gil, Estação Golfe Olímpico, Estação Guignard, Estação Interlagos, Estação Pontões / Barrasul, Estação Salvador Allende, Gelson Fonseca, Genaro de Carvalho, Guilherme de Almeida, Heliporto do Recreio, Isabel Domingues, Isidoro Lopes, José Eiras Pinheiro, Mercado do Produtor, Novo Leblon, Paulo Areal, Pedra de Itaúna, Ponto Final: Recreio dos Bandeirantes :: Terreirão, Praça do Pontal - Tim Maia, Praia do Recreio - Posto 10, Praia do Recreio - Posto 11, Presidente Nereu Ramos, Projetada 2W, Projetada D-W, Projetada E-W, Riomar, Santa Monica, Santa Monica Jardins, Shopping Aerotown, Subprefeitura da Barra, Vila do João - Pista Lateral, Vila Pan-Americana"
315,Ida,61,SV384,Volta,9,14.75,"Almirante Mariath (Portão 24) :: Linhas Municipais, Bela, Fiocruz, José Moreira Pequeno, Monsenhor Manuel Gomes, Parque Vitória, Péter Lund, Refinaria de Manguinhos, Ricardo Machado"
315,Ida,61,957,Ida,1,1.64,Vila do João - Pista Lateral
315,Ida,61,899,Volta,6,9.84,"Estação Gláucio Gil, Estação Guignard, Estação Salvador Allende, Gelson Fonseca, Guilherme de Almeida, Heliporto do Recreio"
315,Ida,61,SN209,Volta,1,1.64,Bela
315,Ida,61,SN209,Ida,2,3.28,"BRS 1,3,5: Central, BRS 1,3,5: Cidade Nova"
315,Ida,61,990,Ida,6,9.84,"Aeroporto de Jacarepaguá, Estação Aeroporto de Jacarepaguá, Mercado do Produtor, Shopping Aerotown, Subprefeitura da Barra, Vila Pan-Americana"
315,Ida,61,SV899,Volta,6,9.84,"Estação Gláucio Gil, Estação Guignard, Estação Salvador Allende, Gelson Fonseca, Guilherme de Almeida, Heliporto do Recreio"
315,Ida,61,300,Volta,14,22.95,"Almirante Mariath (Portão 24) :: Linhas Municipais, Bela, BRS 1,3,5: Central, BRS 1,3,5: Cidade Nova, BRS 3,5: Praça Onze, Fiocruz, Geógrafo Milton Santos :: Linhas Municipais via Av. Brasil, GRES Unidos da Tijuca :: Pista Central, José Moreira Pequeno, Monsenhor Manuel Gomes, Parque Vitória, Péter Lund, Refinaria de Manguinhos, Ricardo Machado"
315,Ida,61,554,Volta,18,29.51,"Bosque da Barra, César Lattes, Estação Gláucio Gil, Estação Golfe Olímpico, Estação Guignard, Estação Pontões / Barrasul, Estação Salvador Allende, Gelson Fonseca, Guilherme de Almeida, Heliporto do Recreio, Isidoro Lopes, José Eiras Pinheiro, Novo Leblon, Paulo Areal, Pedra de Itaúna, Riomar, Santa Monica, Santa Monica Jardins"
315,Ida,61,881,Ida,5,8.2,"Aeroporto de Jacarepaguá, Estação Aeroporto de Jacarepaguá, Mercado do Produtor, Shopping Aerotown, Subprefeitura da Barra"
315,Ida,61,443,Ida,1,1.64,Vila do João - Pista Lateral
315,Ida,61,371,Volta,3,4.92,"BRS 1,3,5: Central, BRS 1,3,5: Cidade Nova, BRS 3,5: Praça Onze"
315,Ida,61,SR399,Volta,3,4.92,"Almirante Mariath (Portão 24) :: Linhas Municipais, Geógrafo Milton Santos :: Linhas Municipais via Av. Brasil, GRES Unidos da Tijuca :: Pista Central"
315,Ida,61,SR388,Volta,6,9.84,"Almirante Mariath (Portão 24) :: Linhas Municipais, BRS 1,3,5: Central, BRS 1,3,5: Cidade Nova, BRS 3,5: Praça Onze, Geógrafo Milton Santos :: Linhas Municipais via Av. Brasil, GRES Unidos da Tijuca :: Pista Central"
315,Ida,61,397,Volta,14,22.95,"Almirante Mariath (Portão 24) :: Linhas Municipais, Bela, BRS 1,3,5: Central, BRS 1,3,5: Cidade Nova, BRS 3,5: Praça Onze, Fiocruz, Geógrafo Milton Santos :: Linhas Municipais via Av. Brasil, GRES Unidos da Tijuca :: Pista Central, José Moreira Pequeno, Monsenhor Manuel Gomes, Parque Vitória, Péter Lund, Refinaria de Manguinhos, Ricardo Machado"
315,Ida,61,350,Volta,5,8.2,"Almirante Mariath (Portão 24) :: Linhas Municipais, Bela, Monsenhor Manuel Gomes, Péter Lund, Ricardo Machado"
315,Ida,61,SN328,Volta,11,18.03,"Almirante Mariath (Portão 24) :: Linhas Municipais, Bela, Fiocruz, Geógrafo Milton Santos :: Linhas Municipais via Av. Brasil, GRES Unidos da Tijuca :: Pista Central, José Moreira Pequeno, Monsenhor Manuel Gomes, Parque Vitória, Péter Lund, Refinaria de Manguinhos, Ricardo Machado"
315,Ida,61,SN880,Ida,6,9.84,"Aeroporto de Jacarepaguá, Estação Aeroporto de Jacarepaguá, Mercado do Produtor, Shopping Aerotown, Subprefeitura da Barra, Vila Pan-Americana"
315,Ida,61,SN388,Volta,14,22.95,"Almirante Mariath (Portão 24) :: Linhas Municipais, Bela, BRS 1,3,5: Central, BRS 1,3,5: Cidade Nova, BRS 3,5: Praça Onze, Fiocruz, Geógrafo Milton Santos :: Linhas Municipais via Av. Brasil, GRES Unidos da Tijuca :: Pista Central, José Moreira Pequeno, Monsenhor Manuel Gomes, Parque Vitória, Péter Lund, Refinaria de Manguinhos, Ricardo Machado"
315,Ida,61,SN355,Volta,9,14.75,"Almirante Mariath (Portão 24) :: Linhas Municipais, Bela, Fiocruz, José Moreira Pequeno, Monsenhor Manuel Gomes, Parque Vitória, Péter Lund, Refinaria de Manguinhos, Ricardo Machado"
315,Ida,61,SN399,Volta,11,18.03,"Almirante Mariath (Portão 24) :: Linhas Municipais, Bela, Fiocruz, Geógrafo Milton Santos :: Linhas Municipais via Av. Brasil, GRES Unidos da Tijuca :: Pista Central, José Moreira Pequeno, Monsenhor Manuel Gomes, Parque Vitória, Péter Lund, Refinaria de Manguinhos, Ricardo Machado"
315,Ida,61,SR384,Volta,3,4.92,"Almirante Mariath (Portão 24) :: Linhas Municipais, Geógrafo Milton Santos :: Linhas Municipais via Av. Brasil, GRES Unidos da Tijuca :: Pista Central"
315,Ida,61,SR386,Volta,3,4.92,"Almirante Mariath (Portão 24) :: Linhas Municipais, Geógrafo Milton Santos :: Linhas Municipais via Av. Brasil, GRES Unidos da Tijuca :: Pista Central"
315,Ida,61,SN497,Volta,14,22.95,"Almirante Mariath (Portão 24) :: Linhas Municipais, Arlindo Janot - Saída 9, Bela, BRS 1,3,5: Cidade Nova, Fiocruz, Geógrafo Milton Santos :: Linhas Municipais via Av. Brasil, GRES Unidos da Tijuca :: Pista Central, José Moreira Pequeno, Monsenhor Manuel Gomes, Parque Vitória, Péter Lund, Refinaria de Manguinhos, Ricardo Machado, Vila do João - Pista Lateral"
315,Ida,61,SR328,Volta,3,4.92,"Almirante Mariath (Portão 24) :: Linhas Municipais, Geógrafo Milton Santos :: Linhas Municipais via Av. Brasil, GRES Unidos da Tijuca :: Pista Central"
315,Ida,61,108,Ida,2,3.28,"BRS 1,3,5: Central, BRS 1,3,5: Cidade Nova"
315,Ida,61,SN104,Ida,2,3.28,"BRS 1,3,5: Central, BRS 1,3,5: Cidade Nova"
315,Ida,61,919,Volta,1,1.64,Arlindo Janot - Saída 9
315,Ida,61,SN919,Volta,1,1.64,Arlindo Janot - Saída 9
315,Ida,61,165,Volta,1,1.64,"BRS 1,3,5: Cidade Nova"
315,Ida,61,SV863,Ida,6,9.84,"Aeroporto de Jacarepaguá, Estação Aeroporto de Jacarepaguá, Mercado do Produtor, Shopping Aerotown, Subprefeitura da Barra, Vila Pan-Americana"
315,Ida,61,324,Volta,11,18.03,"Almirante Mariath (Portão 24) :: Linhas Municipais, Bela, Fiocruz, Geógrafo Milton Santos :: Linhas Municipais via Av. Brasil, GRES Unidos da Tijuca :: Pista Central, José Moreira Pequeno, Monsenhor Manuel Gomes, Parque Vitória, Péter Lund, Refinaria de Manguinhos, Ricardo Machado"
315,Ida,61,616,Volta,2,3.28,"Arlindo Janot - Saída 9, Democráticos - Saída 7"
315,Ida,61,961,Ida,14,22.95,"Alberto Bianchi, Almirante Heleno Nunes, Bandeirantes, Desembargador Oscar Tenório, Doutor Raymundo Veras, Ponto Final: Recreio dos Bandeirantes :: Terreirão, Praça do Pontal - Tim Maia, Praia do Recreio - Posto 10, Praia do Recreio - Posto 11, Presidente Nereu Ramos, Projetada 2W, Projetada D-W, Projetada E-W, Vila Pan-Americana"
315,Ida,61,961,Volta,1,1.64,Ponto Final: Recreio dos Bandeirantes :: Terreirão
315,Ida,61,486,Volta,14,22.95,"Almirante Mariath (Portão 24) :: Linhas Municipais, Bela, BRS 1,3,5: Cidade Nova, BRS 3,5: Praça Onze, Fiocruz, Geógrafo Milton Santos :: Linhas Municipais via Av. Brasil, GRES Unidos da Tijuca :: Pista Central, José Moreira Pequeno, Monsenhor Manuel Gomes, Parque Vitória, Péter Lund, Refinaria de Manguinhos, Ricardo Machado, Vila do João - Pista Lateral"
315,Volta,61,955,Ida,1,1.64,BarraShopping - Américas
315,Volta,61,497,Ida,12,19.67,"Aires Pinto, Bela, Bicalho, BRS 1,2,3,4,5,I: Cidade Nova, Estação Barão de Mauá :: Pista Central, Fiocruz, INTO, Monsenhor Manuel Gomes, Parque Vitória, Refinaria de Manguinhos, Ricardo Machado, Santo Antônio"
315,Volta,61,2343,Ida,2,3.28,"BRS 1,2,3,4,5,I: Cidade Nova, Estação Barão de Mauá :: Pista Central"
315,Volta,61,2305,Ida,3,4.92,"BRS 1,2,3,4,5,I: Cidade Nova, Estação Barão de Mauá :: Pista Central, Frederico Silva"
315,Volta,61,2342,Ida,2,3.28,"BRS 1,2,3,4,5,I: Cidade Nova, Estação Barão de Mauá :: Pista Central"
315,Volta,61,2344,Ida,2,3.28,"BRS 1,2,3,4,5,I: Cidade Nova, Estação Barão de Mauá :: Pista Central"
315,Volta,61,277,Ida,2,3.28,"BRS 1,2,3,4,5,I: Cidade Nova, Estação Barão de Mauá :: Pista Central"
315,Volta,61,SV692,Volta,7,11.48,"Aeroporto de Jacarepaguá, BarraShopping, BarraShopping - Américas, CasaShopping, Hospital Municipal Lourenço Jorge, Via Parque Shopping, Vila Pan-Americana"
315,Volta,61,SV692,Ida,1,1.64,BarraShopping - Américas
315,Volta,61,292,Ida,14,22.95,"Aires Pinto, Bela, Bicalho, Brasil - Saída 9, BRS 1,2,3,4,5,I: Cidade Nova, Democráticos - Saída 7, Estação Barão de Mauá :: Pista Central, Fiocruz, INTO, Monsenhor Manuel Gomes, Parque Vitória, Refinaria de Manguinhos, Ricardo Machado, Santo Antônio"
315,Volta,61,296,Ida,3,4.92,"BRS 1,2,3,4,5,I: Cidade Nova, Estação Barão de Mauá :: Pista Central, Frederico Silva"
315,Volta,61,298,Ida,3,4.92,"BRS 1,2,3,4,5,I: Cidade Nova, Estação Barão de Mauá :: Pista Central, Frederico Silva"
315,Volta,61,311,Ida,2,3.28,"BRS 1,2,3,4,5,I: Cidade Nova, Estação Barão de Mauá :: Pista Central"
315,Volta,61,312,Ida,2,3.28,"BRS 1,2,3,4,5,I: Cidade Nova, Estação Barão de Mauá :: Pista Central"
315,Volta,61,313,Ida,3,4.92,"BRS 1,2,3,4,5,I: Cidade Nova, BRS 4,5: General Caldwell, Estação Barão de Mauá :: Pista Central"
315,Volta,61,321,Ida,2,3.28,"BRS 1,2,3,4,5,I: Cidade Nova, Estação Barão de Mauá :: Pista Central"
315,Volta,61,323,Ida,2,3.28,"BRS 1,2,3,4,5,I: Cidade Nova, Estação Barão de Mauá :: Pista Central"
315,Volta,61,325,Ida,4,6.56,"BRS 1,2,3,4,5,I: Cidade Nova, BRS 4,5: General Caldwell, Estação Barão de Mauá :: Pista Central, Frederico Silva"
315,Volta,61,326,Ida,12,19.67,"Aires Pinto, Bela, Bicalho, BRS 1,2,3,4,5,I: Cidade Nova, Estação Barão de Mauá :: Pista Central, Fiocruz, INTO, Monsenhor Manuel Gomes, Parque Vitória, Refinaria de Manguinhos, Ricardo Machado, Santo Antônio"
315,Volta,61,327,Ida,3,4.92,"BRS 1,2,3,4,5,I: Cidade Nova, Estação Barão de Mauá :: Pista Central, Frederico Silva"
315,Volta,61,328,Ida,12,19.67,"Aires Pinto, Bela, Bicalho, BRS 1,2,3,4,5,I: Cidade Nova, Estação Barão de Mauá :: Pista Central, Fiocruz, INTO, Monsenhor Manuel Gomes, Parque Vitória, Refinaria de Manguinhos, Ricardo Machado, Santo Antônio"
315,Volta,61,329,Ida,12,19.67,"Aires Pinto, Bela, Bicalho, BRS 1,2,3,4,5,I: Cidade Nova, Estação Barão de Mauá :: Pista Central, Fiocruz, INTO, Monsenhor Manuel Gomes, Parque Vitória, Refinaria de Manguinhos, Ricardo Machado, Santo Antônio"
315,Volta,61,342,Ida,14,22.95,"Aires Pinto, Bela, Bicalho, BRS 1,2,3,4,5,I: Cidade Nova, BRS 4,5: General Caldwell, Estação Barão de Mauá :: Pista Central, Fiocruz, Frederico Silva, INTO, Monsenhor Manuel Gomes, Parque Vitória, Refinaria de Manguinhos, Ricardo Machado, Santo Antônio"
315,Volta,61,SR342,Ida,6,9.84,"Bicalho, BRS 1,2,3,4,5,I: Cidade Nova, BRS 4,5: General Caldwell, Estação Barão de Mauá :: Pista Central, Frederico Silva, INTO"
315,Volta,61,349,Ida,13,21.31,"Aires Pinto, Bela, Bicalho, BRS 1,2,3,4,5,I: Cidade Nova, BRS 4,5: General Caldwell, Estação Barão de Mauá :: Pista Central, Fiocruz, INTO, Monsenhor Manuel Gomes, Parque Vitória, Refinaria de Manguinhos, Ricardo Machado, Santo Antônio"
315,Volta,61,355,Ida,4,6.56,"Bela, Fiocruz, Parque Vitória, Refinaria de Manguinhos"
315,Volta,61,362,Ida,12,19.67,"Aires Pinto, Bela, Bicalho, BRS 1,2,3,4,5,I: Cidade Nova, Estação Barão de Mauá :: Pista Central, Fiocruz, INTO, Monsenhor Manuel Gomes, Parque Vitória, Refinaria de Manguinhos, Ricardo Machado, Santo Antônio"
315,Volta,61,SR362,Ida,4,6.56,"Bicalho, BRS 1,2,3,4,5,I: Cidade Nova, Estação Barão de Mauá :: Pista Central, INTO"
315,Volta,61,378,Ida,13,21.31,"Aires Pinto, Bela, Bicalho, BRS 1,2,3,4,5,I: Cidade Nova, Estação Barão de Mauá :: Pista Central, Fiocruz, Frederico Silva, INTO, Monsenhor Manuel Gomes, Parque Vitória, Refinaria de Manguinhos, Ricardo Machado, Santo Antônio"
315,Volta,61,SR378,Ida,6,9.84,"Bicalho, BRS 1,2,3,4,5,I: Cidade Nova, BRS 4,5: General Caldwell, Estação Barão de Mauá :: Pista Central, Frederico Silva, INTO"
315,Volta,61,384,Ida,13,21.31,"Aires Pinto, Bela, Bicalho, BRS 1,2,3,4,5,I: Cidade Nova, BRS 4,5: General Caldwell, Estação Barão de Mauá :: Pista Central, Fiocruz, INTO, Monsenhor Manuel Gomes, Parque Vitória, Refinaria de Manguinhos, Ricardo Machado, Santo Antônio"
315,Volta,61,385,Ida,12,19.67,"Aires Pinto, Bela, Bicalho, BRS 1,2,3,4,5,I: Cidade Nova, Estação Barão de Mauá :: Pista Central, Fiocruz, INTO, Monsenhor Manuel Gomes, Parque Vitória, Refinaria de Manguinhos, Ricardo Machado, Santo Antônio"
315,Volta,61,SN324,Ida,12,19.67,"Aires Pinto, Bela, Bicalho, BRS 1,2,3,4,5,I: Cidade Nova, Estação Barão de Mauá :: Pista Central, Fiocruz, INTO, Monsenhor Manuel Gomes, Parque Vitória, Refinaria de Manguinhos, Ricardo Machado, Santo Antônio"
315,Volta,61,SN298,Ida,4,6.56,"BRS 1,2,3,4,5,I: Cidade Nova, BRS 4,5: General Caldwell, Estação Barão de Mauá :: Pista Central, Frederico Silva"
315,Volta,61,399,Ida,13,21.31,"Aires Pinto, Bela, Bicalho, BRS 1,2,3,4,5,I: Cidade Nova, BRS 4,5: General Caldwell, Estação Barão de Mauá :: Pista Central, Fiocruz, INTO, Monsenhor Manuel Gomes, Parque Vitória, Refinaria de Manguinhos, Ricardo Machado, Santo Antônio"
315,Volta,61,SP404,Ida,1,1.64,Bela
315,Volta,61,455,Ida,1,1.64,"BRS 4,5: General Caldwell"
315,Volta,61,483,Ida,12,19.67,"Aires Pinto, Bela, Bicalho, BRS 1,2,3,4,5,I: Cidade Nova, Estação Barão de Mauá :: Pista Central, Fiocruz, INTO, Monsenhor Manuel Gomes, Parque Vitória, Refinaria de Manguinhos, Ricardo Machado, Santo Antônio"
315,Volta,61,484,Ida,12,19.67,"Aires Pinto, Bela, Bicalho, BRS 1,2,3,4,5,I: Cidade Nova, Estação Barão de Mauá :: Pista Central, Fiocruz, INTO, Monsenhor Manuel Gomes, Parque Vitória, Refinaria de Manguinhos, Ricardo Machado, Santo Antônio"
315,Volta,61,386,Ida,12,19.67,"Aires Pinto, Bela, Bicalho, BRS 1,2,3,4,5,I: Cidade Nova, Estação Barão de Mauá :: Pista Central, Fiocruz, INTO, Monsenhor Manuel Gomes, Parque Vitória, Refinaria de Manguinhos, Ricardo Machado, Santo Antônio"
315,Volta,61,665,Ida,3,4.92,"Fiocruz, Parque Vitória, Refinaria de Manguinhos"
315,Volta,61,SVA665,Ida,3,4.92,"Fiocruz, Parque Vitória, Refinaria de Manguinhos"
315,Volta,61,SVB665,Ida,3,4.92,"Fiocruz, Parque Vitória, Refinaria de Manguinhos"
315,Volta,61,SN457,Ida,1,1.64,Frederico Silva
315,Volta,61,906,Ida,4,6.56,"Bela, Fiocruz, Parque Vitória, Refinaria de Manguinhos"
315,Volta,61,913,Ida,1,1.64,Democráticos - Saída 7
315,Volta,61,338,Ida,14,22.95,"Aires Pinto, Bela, Bicalho, Brasil - Saída 9, BRS 1,2,3,4,5,I: Cidade Nova, Democráticos - Saída 7, Estação Barão de Mauá :: Pista Central, Fiocruz, INTO, Monsenhor Manuel Gomes, Parque Vitória, Refinaria de Manguinhos, Ricardo Machado, Santo Antônio"
315,Volta,61,343,Ida,14,22.95,"Aires Pinto, Bela, Bicalho, Brasil - Saída 9, BRS 1,2,3,4,5,I: Cidade Nova, Democráticos - Saída 7, Estação Barão de Mauá :: Pista Central, Fiocruz, INTO, Monsenhor Manuel Gomes, Parque Vitória, Refinaria de Manguinhos, Ricardo Machado, Santo Antônio"
315,Volta,61,SP343,Ida,14,22.95,"Aires Pinto, Bela, Bicalho, Brasil - Saída 9, BRS 1,2,3,4,5,I: Cidade Nova, Democráticos - Saída 7, Estação Barão de Mauá :: Pista Central, Fiocruz, INTO, Monsenhor Manuel Gomes, Parque Vitória, Refinaria de Manguinhos, Ricardo Machado, Santo Antônio"
315,Volta,61,348,Ida,16,26.23,"Aires Pinto, Bela, Bicalho, Brasil - Saída 9, BRS 1,2,3,4,5,I: Cidade Nova, Democráticos - Saída 7, Edgard Werneck, Estação Barão de Mauá :: Pista Central, Fiocruz, Gabinal, INTO, Monsenhor Manuel Gomes, Parque Vitória, Refinaria de Manguinhos, Ricardo Machado, Santo Antônio"
315,Volta,61,348,Volta,2,3.28,"Edgard Werneck, Gabinal"
315,Volta,61,368,Volta,2,3.28,"Edgard Werneck, Gabinal"
315,Volta,61,380,Ida,14,22.95,"Aires Pinto, Bela, Bicalho, Brasil - Saída 9, BRS 1,2,3,4,5,I: Cidade Nova, Democráticos - Saída 7, Estação Barão de Mauá :: Pista Central, Fiocruz, INTO, Monsenhor Manuel Gomes, Parque Vitória, Refinaria de Manguinhos, Ricardo Machado, Santo Antônio"
315,Volta,61,550,Ida,1,1.64,Gabinal
315,Volta,61,550,Volta,1,1.64,Edgard Werneck
315,Volta,61,565,Volta,9,14.75,"Aeroporto de Jacarepaguá, BarraShopping - Américas, CasaShopping, Gabinal, Hospital Municipal Lourenço Jorge, Isabel Domingues, Leonel Brizola, Via Parque Shopping, Vila Pan-Americana"
315,Volta,61,565,Ida,1,1.64,BarraShopping
315,Volta,61,600,Volta,1,1.64,Edgard Werneck
315,Volta,61,600,Ida,1,1.64,Gabinal
315,Volta,61,361,Volta,1,1.64,Ponto Final: Recreio dos Bandeirantes :: Terreirão
315,Volta,61,361,Ida,58,95.08,"Aeroporto de Jacarepaguá, Aires Pinto, Almirante Heleno Nunes, BarraShopping, BarraShopping - Américas, Bela, Bicalho, Bosque de Jerusalém, Brasil - Saída 9, BRS 1,2,3,4,5,I: Cidade Nova, CasaShopping, Condomínio Mansões, Democráticos - Saída 7, Desembargador Oscar Tenório, Doutor Raymundo Veras, Edgard Werneck, Estação Américas Park, Estação Barão de Mauá :: Pista Central, Estação Bosque da Barra, Estação Gláucio Gil, Estação Golfe Olímpico, Estação Pontões / Barrasul, Estação Salvador Allende, Fiocruz, Gabinal, Gelson Fonseca, Geraldo Irineo Joffily, Guignard, Guilherme Baptista, Hélio Pellegrino, Hospital Municipal Lourenço Jorge, INTO, Isabel Domingues, João Saldanha, Joaquim Cardoso, Jorge Emílio Fontenelle, José Carlos de Oliveira, Leonel Brizola, Monsenhor Manuel Gomes, Novo Leblon, Parque Vitória, Pedra de Itaúna, Ponto Final: Recreio dos Bandeirantes :: Terreirão, Praça do Pontal - Tim Maia, Praia do Recreio - Posto 10, Praia do Recreio - Posto 11, Professor Motta Maia, Projetada 2W, Raymundo Magalhães Jr., Refinaria de Manguinhos, Ricardo Machado, RioDesign Barra, Riomar, Salvador de Mesquita, Santa Monica Jardins, Santo Antônio, Via Parque Shopping, Vila Pan-Americana"
315,Volta,61,2112,Ida,3,4.92,"Brasil - Saída 9, Democráticos - Saída 7, Fiocruz"
315,Volta,61,2345,Ida,15,24.59,"Aires Pinto, Bela, Bicalho, Brasil - Saída 9, BRS 1,2,3,4,5,I: Cidade Nova, BRS 4,5: General Caldwell, Democráticos - Saída 7, Estação Barão de Mauá :: Pista Central, Fiocruz, INTO, Monsenhor Manuel Gomes, Parque Vitória, Refinaria de Manguinhos, Ricardo Machado, Santo Antônio"
315,Volta,61,SN309,Volta,2,3.28,"BRS 1,2,3,4,5,I: Cidade Nova, Estação Barão de Mauá :: Pista Central"
315,Volta,61,352,Ida,19,31.15,"Aires Pinto, Bela, Bicalho, Brasil - Saída 9, BRS 1,2,3,4,5,I: Cidade Nova, Democráticos - Saída 7, Edgard Werneck, Estação Barão de Mauá :: Pista Central, Fiocruz, Gabinal, INTO, Isabel Domingues, Leonel Brizola, Monsenhor Manuel Gomes, Parque Vitória, Refinaria de Manguinhos, Ricardo Machado, Santo Antônio, Vila Pan-Americana"
315,Volta,61,613,Ida,5,8.2,"Edgard Werneck, Gabinal, Isabel Domingues, Leonel Brizola, Vila Pan-Americana"
315,Volta,61,SPA613,Ida,5,8.2,"Edgard Werneck, Gabinal, Isabel Domingues, Leonel Brizola, Vila Pan-Americana"
315,Volta,61,829,Ida,1,1.64,Gabinal
315,Volta,61,SN565,Ida,1,1.64,BarraShopping
315,Volta,61,SN565,Volta,9,14.75,"Aeroporto de Jacarepaguá, BarraShopping - Américas, CasaShopping, Gabinal, Hospital Municipal Lourenço Jorge, Isabel Domingues, Leonel Brizola, Via Parque Shopping, Vila Pan-Americana"
315,Volta,61,SN550,Ida,1,1.64,Gabinal
315,Volta,61,SN550,Volta,1,1.64,Edgard Werneck
315,Volta,61,861,Ida,2,3.28,"Edgard Werneck, Gabinal"
315,Volta,61,863,Volta,1,1.64,BarraShopping
315,Volta,61,863,Ida,1,1.64,Gabinal
315,Volta,61,862,Volta,7,11.48,"Aeroporto de Jacarepaguá, CasaShopping, Hospital Municipal Lourenço Jorge, Isabel Domingues, Leonel Brizola, Via Parque Shopping, Vila Pan-Americana"
315,Volta,61,693,Volta,11,18.03,"Aeroporto de Jacarepaguá, BarraShopping, BarraShopping - Américas, CasaShopping, Edgard Werneck, Gabinal, Hospital Municipal Lourenço Jorge, Isabel Domingues, Leonel Brizola, Via Parque Shopping, Vila Pan-Americana"
315,Volta,61,693,Ida,1,1.64,BarraShopping - Américas
315,Volta,61,692,Ida,1,1.64,BarraShopping - Américas
315,Volta,61,692,Volta,10,16.39,"Aeroporto de Jacarepaguá, BarraShopping, BarraShopping - Américas, CasaShopping, Gabinal, Hospital Municipal Lourenço Jorge, Isabel Domingues, Leonel Brizola, Via Parque Shopping, Vila Pan-Americana"
315,Volta,61,614,Volta,7,11.48,"Aeroporto de Jacarepaguá, BarraShopping, BarraShopping - Américas, CasaShopping, Hospital Municipal Lourenço Jorge, Via Parque Shopping, Vila Pan-Americana"
315,Volta,61,614,Ida,1,1.64,BarraShopping - Américas
315,Volta,61,880,Volta,7,11.48,"Aeroporto de Jacarepaguá, CasaShopping, Hospital Municipal Lourenço Jorge, Isabel Domingues, Leonel Brizola, Via Parque Shopping, Vila Pan-Americana"
315,Volta,61,880,Ida,1,1.64,Gabinal
315,Volta,61,369,Ida,4,6.56,"Bicalho, BRS 1,2,3,4,5,I: Cidade Nova, Estação Barão de Mauá :: Pista Central, INTO"
315,Volta,61,379,Ida,6,9.84,"Bicalho, BRS 1,2,3,4,5,I: Cidade Nova, BRS 4,5: General Caldwell, Estação Barão de Mauá :: Pista Central, Frederico Silva, INTO"
315,Volta,61,383,Ida,1,1.64,Frederico Silva
315,Volta,61,388,Ida,12,19.67,"Aires Pinto, Bela, Bicalho, BRS 1,2,3,4,5,I: Cidade Nova, Estação Barão de Mauá :: Pista Central, Fiocruz, INTO, Monsenhor Manuel Gomes, Parque Vitória, Refinaria de Manguinhos, Ricardo Machado, Santo Antônio"
315,Volta,61,389,Ida,4,6.56,"Bicalho, BRS 1,2,3,4,5,I: Cidade Nova, Estação Barão de Mauá :: Pista Central, INTO"
315,Volta,61,393,Ida,12,19.67,"Aires Pinto, Bela, Bicalho, BRS 1,2,3,4,5,I: Cidade Nova, Estação Barão de Mauá :: Pista Central, Fiocruz, INTO, Monsenhor Manuel Gomes, Parque Vitória, Refinaria de Manguinhos, Ricardo Machado, Santo Antônio"
315,Volta,61,SR393,Ida,4,6.56,"Bicalho, BRS 1,2,3,4,5,I: Cidade Nova, Estação Barão de Mauá :: Pista Central, INTO"
315,Volta,61,2307,Ida,3,4.92,"BRS 1,2,3,4,5,I: Cidade Nova, BRS 4,5: General Caldwell, Estação Barão de Mauá :: Pista Central"
315,Volta,61,2308,Ida,3,4.92,"BRS 1,2,3,4,5,I: Cidade Nova, BRS 4,5: General Caldwell, Estação Barão de Mauá :: Pista Central"
315,Volta,61,2309,Ida,3,4.92,"BRS 1,2,3,4,5,I: Cidade Nova, BRS 4,5: General Caldwell, Estação Barão de Mauá :: Pista Central"
315,Volta,61,2310,Ida,2,3.28,"BRS 1,2,3,4,5,I: Cidade Nova, Estação Barão de Mauá :: Pista Central"
315,Volta,61,2803,Ida,18,29.51,"BarraShopping, Bosque de Jerusalém, Estação Américas Park, Estação Bosque da Barra, Estação Gláucio Gil, Estação Golfe Olímpico, Estação Pontões / Barrasul, Estação Salvador Allende, Gelson Fonseca, Guignard, Hélio Pellegrino, João Saldanha, Novo Leblon, Pedra de Itaúna, Raymundo Magalhães Jr., RioDesign Barra, Riomar, Santa Monica Jardins"
315,Volta,61,2803,Volta,1,1.64,BarraShopping - Américas
315,Volta,61,900,Volta,10,16.39,"Aeroporto de Jacarepaguá, BarraShopping - Américas, CasaShopping, Edgard Werneck, Gabinal, Hospital Municipal Lourenço Jorge, Isabel Domingues, Leonel Brizola, Via Parque Shopping, Vila Pan-Americana"
315,Volta,61,954,Volta,1,1.64,Estação Gláucio Gil
315,Volta,61,SN954,Volta,1,1.64,Estação Gláucio Gil
315,Volta,61,SN393,Ida,11,18.03,"Bela, Bicalho, BRS 1,2,3,4,5,I: Cidade Nova, Estação Barão de Mauá :: Pista Central, Fiocruz, INTO, Monsenhor Manuel Gomes, Parque Vitória, Refinaria de Manguinhos, Ricardo Machado, Santo Antônio"
315,Volta,61,SR300,Ida,4,6.56,"Bicalho, BRS 1,2,3,4,5,I: Cidade Nova, Estação Barão de Mauá :: Pista Central, INTO"
315,Volta,61,2336,Ida,3,4.92,"BRS 1,2,3,4,5,I: Cidade Nova, BRS 4,5: General Caldwell, Estação Barão de Mauá :: Pista Central"
315,Volta,61,2303,Ida,3,4.92,"BRS 1,2,3,4,5,I: Cidade Nova, BRS 4,5: General Caldwell, Estação Barão de Mauá :: Pista Central"
315,Volta,61,2334,Volta,1,1.64,BarraShopping - Américas
315,Volta,61,2334,Ida,18,29.51,"BarraShopping, Bosque de Jerusalém, Estação Américas Park, Estação Bosque da Barra, Estação Gláucio Gil, Estação Golfe Olímpico, Estação Pontões / Barrasul, Estação Salvador Allende, Gelson Fonseca, Guignard, Hélio Pellegrino, João Saldanha, Novo Leblon, Pedra de Itaúna, Raymundo Magalhães Jr., RioDesign Barra, Riomar, Santa Monica Jardins"
315,Volta,61,2335,Ida,19,31.15,"BarraShopping, Bosque de Jerusalém, Condomínio Mansões, Estação Américas Park, Estação Bosque da Barra, Estação Gláucio Gil, Estação Golfe Olímpico, Estação Pontões / Barrasul, Estação Salvador Allende, Gelson Fonseca, Guignard, Hélio Pellegrino, João Saldanha, Novo Leblon, Pedra de Itaúna, Raymundo Magalhães Jr., RioDesign Barra, Riomar, Santa Monica Jardins"
315,Volta,61,2335,Volta,1,1.64,BarraShopping - Américas
315,Volta,61,2337,Ida,18,29.51,"BarraShopping, Bosque de Jerusalém, Estação Américas Park, Estação Bosque da Barra, Estação Gláucio Gil, Estação Golfe Olímpico, Estação Pontões / Barrasul, Estação Salvador Allende, Gelson Fonseca, Guignard, Hélio Pellegrino, João Saldanha, Novo Leblon, Pedra de Itaúna, Raymundo Magalhães Jr., RioDesign Barra, Riomar, Santa Monica Jardins"
315,Volta,61,2337,Volta,1,1.64,BarraShopping - Américas
315,Volta,61,2339,Ida,3,4.92,"BRS 1,2,3,4,5,I: Cidade Nova, BRS 4,5: General Caldwell, Estação Barão de Mauá :: Pista Central"
315,Volta,61,2381,Ida,3,4.92,"BRS 1,2,3,4,5,I: Cidade Nova, BRS 4,5: General Caldwell, Estação Barão de Mauá :: Pista Central"
315,Volta,61,2383,Ida,3,4.92,"BRS 1,2,3,4,5,I: Cidade Nova, BRS 4,5: General Caldwell, Estação Barão de Mauá :: Pista Central"
315,Volta,61,2802,Volta,1,1.64,BarraShopping - Américas
315,Volta,61,2802,Ida,18,29.51,"BarraShopping, Bosque de Jerusalém, Estação Américas Park, Estação Bosque da Barra, Estação Gláucio Gil, Estação Golfe Olímpico, Estação Pontões / Barrasul, Estação Salvador Allende, Gelson Fonseca, Guignard, Hélio Pellegrino, João Saldanha, Novo Leblon, Pedra de Itaúna, Raymundo Magalhães Jr., RioDesign Barra, Riomar, Santa Monica Jardins"
315,Volta,61,2804,Ida,18,29.51,"BarraShopping, Bosque de Jerusalém, Estação Américas Park, Estação Bosque da Barra, Estação Gláucio Gil, Estação Golfe Olímpico, Estação Pontões / Barrasul, Estação Salvador Allende, Gelson Fonseca, Guignard, Hélio Pellegrino, João Saldanha, Novo Leblon, Pedra de Itaúna, Raymundo Magalhães Jr., RioDesign Barra, Riomar, Santa Monica Jardins"
315,Volta,61,2804,Volta,1,1.64,BarraShopping - Américas
315,Volta,61,395,Ida,6,9.84,"Bicalho, BRS 1,2,3,4,5,I: Cidade Nova, BRS 4,5: General Caldwell, Estação Barão de Mauá :: Pista Central, Frederico Silva, INTO"
315,Volta,61,2338,Volta,1,1.64,BarraShopping - Américas
315,Volta,61,2338,Ida,18,29.51,"BarraShopping, Bosque de Jerusalém, Estação Américas Park, Estação Bosque da Barra, Estação Gláucio Gil, Estação Golfe Olímpico, Estação Pontões / Barrasul, Estação Salvador Allende, Gelson Fonseca, Guignard, Hélio Pellegrino, João Saldanha, Novo Leblon, Pedra de Itaúna, Raymundo Magalhães Jr., RioDesign Barra, Riomar, Santa Monica Jardins"
315,Volta,61,394,Ida,14,22.95,"Aires Pinto, Bela, Bicalho, BRS 1,2,3,4,5,I: Cidade Nova, BRS 4,5: General Caldwell, Estação Barão de Mauá :: Pista Central, Fiocruz, Frederico Silva, INTO, Monsenhor Manuel Gomes, Parque Vitória, Refinaria de Manguinhos, Ricardo Machado, Santo Antônio"
315,Volta,61,SR397,Ida,4,6.56,"Bicalho, BRS 1,2,3,4,5,I: Cidade Nova, Estação Barão de Mauá :: Pista Central, INTO"
315,Volta,61,SN397,Ida,12,19.67,"Aires Pinto, Bela, Bicalho, BRS 1,2,3,4,5,I: Cidade Nova, Estação Barão de Mauá :: Pista Central, Fiocruz, INTO, Monsenhor Manuel Gomes, Parque Vitória, Refinaria de Manguinhos, Ricardo Machado, Santo Antônio"
315,Volta,61,107,Volta,1,1.64,Terminal Procópio Ferreira :: Plat. Sul
315,Volta,61,181,Ida,1,1.64,BarraShopping
315,Volta,61,202,Ida,1,1.64,"BRS 4,5: General Caldwell"
315,Volta,61,210,Ida,9,14.75,"Aires Pinto, Bela, Bicalho, BRS 1,2,3,4,5,I: Cidade Nova, Estação Barão de Mauá :: Pista Central, INTO, Monsenhor Manuel Gomes, Ricardo Machado, Santo Antônio"
315,Volta,61,275,Ida,3,4.92,"Bicalho, BRS 1,2,3,4,5,I: Cidade Nova, Estação Barão de Mauá :: Pista Central"
315,Volta,61,SN133,Volta,1,1.64,"BRS 1,2,3,4,5,I: Cidade Nova"
315,Volta,61,105,Volta,1,1.64,Terminal Procópio Ferreira :: Plat. Sul
315,Volta,61,105,Ida,1,1.64,Terminal Procópio Ferreira :: Plat. Sul
315,Volta,61,117,Ida,1,1.64,Terminal Procópio Ferreira :: Plat. Sul
315,Volta,61,117,Volta,2,3.28,"Frederico Silva, Terminal Procópio Ferreira :: Plat. Sul"
315,Volta,61,440,Ida,4,6.56,"Aires Pinto, Bela, Ricardo Machado, Santo Antônio"
315,Volta,61,110,Ida,2,3.28,"BRS 1,2,3,4,5,I: Cidade Nova, Estação Barão de Mauá :: Pista Central"
315,Volta,61,209,Volta,4,6.56,"Bela, BRS 1,2,3,4,5,I: Cidade Nova, Estação Barão de Mauá :: Pista Central, Santo Antônio"
315,Volta,61,209,Ida,1,1.64,Bela
315,Volta,61,444,Ida,4,6.56,"Bela, Fiocruz, Parque Vitória, Refinaria de Manguinhos"
315,Volta,61,472,Ida,5,8.2,"Bela, Bicalho, BRS 1,2,3,4,5,I: Cidade Nova, Estação Barão de Mauá :: Pista Central, Santo Antônio"
315,Volta,61,473,Ida,1,1.64,Bicalho
315,Volta,61,109,Ida,1,1.64,Frederico Silva
315,Volta,61,474,Ida,2,3.28,"BRS 1,2,3,4,5,I: Cidade Nova, Estação Barão de Mauá :: Pista Central"
315,Volta,61,SV474,Ida,1,1.64,Bela
315,Volta,61,498,Ida,12,19.67,"Aires Pinto, Bela, Bicalho, BRS 1,2,3,4,5,I: Cidade Nova, Estação Barão de Mauá :: Pista Central, Fiocruz, INTO, Monsenhor Manuel Gomes, Parque Vitória, Refinaria de Manguinhos, Ricardo Machado, Santo Antônio"
315,Volta,61,SN474,Ida,4,6.56,"BRS 1,2,3,4,5,I: Cidade Nova, BRS 4,5: General Caldwell, Estação Barão de Mauá :: Pista Central, Frederico Silva"
315,Volta,61,553,Ida,34,55.74,"Almirante Heleno Nunes, BarraShopping, Bosque de Jerusalém, Condomínio Mansões, Desembargador Oscar Tenório, Doutor Raymundo Veras, Estação Américas Park, Estação Bosque da Barra, Estação Gláucio Gil, Estação Golfe Olímpico, Estação Pontões / Barrasul, Estação Salvador Allende, Gelson Fonseca, Geraldo Irineo Joffily, Guignard, Guilherme Baptista, Hélio Pellegrino, João Saldanha, Joaquim Cardoso, Jorge Emílio Fontenelle, José Carlos de Oliveira, Novo Leblon, Pedra de Itaúna, Ponto Final: Recreio dos Bandeirantes :: Terreirão, Praça do Pontal - Tim Maia, Praia do Recreio - Posto 10, Praia do Recreio - Posto 11, Professor Motta Maia, Projetada 2W, Raymundo Magalhães Jr., RioDesign Barra, Riomar, Salvador de Mesquita, Santa Monica Jardins"
315,Volta,61,553,Volta,2,3.28,"BarraShopping - Américas, Ponto Final: Recreio dos Bandeirantes :: Terreirão"
315,Volta,61,SP553,Ida,14,22.95,"BarraShopping, Bosque de Jerusalém, Estação Américas Park, Estação Bosque da Barra, Estação Golfe Olímpico, Estação Pontões / Barrasul, Hélio Pellegrino, João Saldanha, Novo Leblon, Pedra de Itaúna, Raymundo Magalhães Jr., RioDesign Barra, Riomar, Santa Monica Jardins"
315,Volta,61,SN554,Ida,19,31.15,"BarraShopping, Bosque de Jerusalém, Condomínio Mansões, Estação Américas Park, Estação Bosque da Barra, Estação Gláucio Gil, Estação Golfe Olímpico, Estação Pontões / Barrasul, Estação Salvador Allende, Gelson Fonseca, Guignard, Hélio Pellegrino, João Saldanha, Novo Leblon, Pedra de Itaúna, Raymundo Magalhães Jr., RioDesign Barra, Riomar, Santa Monica Jardins"
315,Volta,61,SN554,Volta,1,1.64,BarraShopping - Américas
315,Volta,61,104,Volta,2,3.28,"BRS 1,2,3,4,5,I: Cidade Nova, Estação Barão de Mauá :: Pista Central"
315,Volta,61,335,Ida,4,6.56,"Bicalho, BRS 1,2,3,4,5,I: Cidade Nova, Estação Barão de Mauá :: Pista Central, INTO"
315,Volta,61,485,Ida,2,3.28,"BRS 1,2,3,4,5,I: Cidade Nova, Estação Barão de Mauá :: Pista Central"
315,Volta,61,SN483,Ida,12,19.67,"Aires Pinto, Bela, Bicalho, BRS 1,2,3,4,5,I: Cidade Nova, Estação Barão de Mauá :: Pista Central, Fiocruz, INTO, Monsenhor Manuel Gomes, Parque Vitória, Refinaria de Manguinhos, Ricardo Machado, Santo Antônio"
315,Volta,61,SPA483,Ida,4,6.56,"Bela, Fiocruz, Parque Vitória, Refinaria de Manguinhos"
315,Volta,61,SPB483,Ida,4,6.56,"Bela, Fiocruz, Parque Vitória, Refinaria de Manguinhos"
315,Volta,61,SP315,Ida,1,1.64,Ponto Final: Recreio dos Bandeirantes :: Terreirão
315,Volta,61,SV384,Ida,4,6.56,"Bela, Fiocruz, Parque Vitória, Refinaria de Manguinhos"
315,Volta,61,SPA550,Volta,1,1.64,Edgard Werneck
315,Volta,61,SPA550,Ida,1,1.64,Gabinal
315,Volta,61,899,Ida,4,6.56,"Estação Gláucio Gil, Estação Salvador Allende, Gelson Fonseca, Guignard"
315,Volta,61,SN209,Volta,4,6.56,"Bela, BRS 1,2,3,4,5,I: Cidade Nova, Estação Barão de Mauá :: Pista Central, Santo Antônio"
315,Volta,61,SN209,Ida,1,1.64,Bela
315,Volta,61,990,Ida,1,1.64,BarraShopping
315,Volta,61,990,Volta,10,16.39,"Aeroporto de Jacarepaguá, BarraShopping - Américas, CasaShopping, Edgard Werneck, Gabinal, Hospital Municipal Lourenço Jorge, Isabel Domingues, Leonel Brizola, Via Parque Shopping, Vila Pan-Americana"
315,Volta,61,SV899,Ida,4,6.56,"Estação Gláucio Gil, Estação Salvador Allende, Gelson Fonseca, Guignard"
315,Volta,61,645,Ida,1,1.64,BarraShopping
315,Volta,61,645,Volta,1,1.64,BarraShopping - Américas
315,Volta,61,817,Volta,2,3.28,"Doutor Raymundo Veras, José Carlos de Oliveira"
315,Volta,61,300,Ida,12,19.67,"Aires Pinto, Bela, Bicalho, BRS 1,2,3,4,5,I: Cidade Nova, Estação Barão de Mauá :: Pista Central, Fiocruz, INTO, Monsenhor Manuel Gomes, Parque Vitória, Refinaria de Manguinhos, Ricardo Machado, Santo Antônio"
315,Volta,61,554,Volta,1,1.64,BarraShopping - Américas
315,Volta,61,554,Ida,18,29.51,"BarraShopping, Bosque de Jerusalém, Estação Américas Park, Estação Bosque da Barra, Estação Gláucio Gil, Estação Golfe Olímpico, Estação Pontões / Barrasul, Estação Salvador Allende, Gelson Fonseca, Guignard, Hélio Pellegrino, João Saldanha, Novo Leblon, Pedra de Itaúna, Raymundo Magalhães Jr., RioDesign Barra, Riomar, Santa Monica Jardins"
315,Volta,61,558,Ida,1,1.64,Gabinal
315,Volta,61,558,Volta,1,1.64,Edgard Werneck
315,Volta,61,881,Volta,6,9.84,"Aeroporto de Jacarepaguá, BarraShopping, BarraShopping - Américas, CasaShopping, Hospital Municipal Lourenço Jorge, Via Parque Shopping"
315,Volta,61,443,Ida,2,3.28,"BRS 1,2,3,4,5,I: Cidade Nova, Estação Barão de Mauá :: Pista Central"
315,Volta,61,371,Ida,3,4.92,"BRS 1,2,3,4,5,I: Cidade Nova, BRS 4,5: General Caldwell, Estação Barão de Mauá :: Pista Central"
315,Volta,61,SR399,Ida,5,8.2,"Bicalho, BRS 1,2,3,4,5,I: Cidade Nova, BRS 4,5: General Caldwell, Estação Barão de Mauá :: Pista Central, INTO"
315,Volta,61,SR388,Ida,4,6.56,"Bicalho, BRS 1,2,3,4,5,I: Cidade Nova, Estação Barão de Mauá :: Pista Central, INTO"
315,Volta,61,397,Ida,12,19.67,"Aires Pinto, Bela, Bicalho, BRS 1,2,3,4,5,I: Cidade Nova, Estação Barão de Mauá :: Pista Central, Fiocruz, INTO, Monsenhor Manuel Gomes, Parque Vitória, Refinaria de Manguinhos, Ricardo Machado, Santo Antônio"
315,Volta,61,350,Ida,1,1.64,Bela
315,Volta,61,SN328,Ida,12,19.67,"Aires Pinto, Bela, Bicalho, BRS 1,2,3,4,5,I: Cidade Nova, Estação Barão de Mauá :: Pista Central, Fiocruz, INTO, Monsenhor Manuel Gomes, Parque Vitória, Refinaria de Manguinhos, Ricardo Machado, Santo Antônio"
315,Volta,61,SN368,Volta,2,3.28,"Edgard Werneck, Gabinal"
315,Volta,61,SN880,Volta,7,11.48,"Aeroporto de Jacarepaguá, CasaShopping, Hospital Municipal Lourenço Jorge, Isabel Domingues, Leonel Brizola, Via Parque Shopping, Vila Pan-Americana"
315,Volta,61,SN880,Ida,1,1.64,Gabinal
315,Volta,61,SN388,Ida,12,19.67,"Aires Pinto, Bela, Bicalho, BRS 1,2,3,4,5,I: Cidade Nova, Estação Barão de Mauá :: Pista Central, Fiocruz, INTO, Monsenhor Manuel Gomes, Parque Vitória, Refinaria de Manguinhos, Ricardo Machado, Santo Antônio"
315,Volta,61,SN355,Ida,4,6.56,"Bela, Fiocruz, Parque Vitória, Refinaria de Manguinhos"
315,Volta,61,SN399,Ida,13,21.31,"Aires Pinto, Bela, Bicalho, BRS 1,2,3,4,5,I: Cidade Nova, BRS 4,5: General Caldwell, Estação Barão de Mauá :: Pista Central, Fiocruz, INTO, Monsenhor Manuel Gomes, Parque Vitória, Refinaria de Manguinhos, Ricardo Machado, Santo Antônio"
315,Volta,61,SR384,Ida,5,8.2,"Bicalho, BRS 1,2,3,4,5,I: Cidade Nova, BRS 4,5: General Caldwell, Estação Barão de Mauá :: Pista Central, INTO"
315,Volta,61,SR386,Ida,4,6.56,"Bicalho, BRS 1,2,3,4,5,I: Cidade Nova, Estação Barão de Mauá :: Pista Central, INTO"
315,Volta,61,SN861,Ida,2,3.28,"Edgard Werneck, Gabinal"
315,Volta,61,SN497,Ida,12,19.67,"Aires Pinto, Bela, Bicalho, BRS 1,2,3,4,5,I: Cidade Nova, Estação Barão de Mauá :: Pista Central, Fiocruz, INTO, Monsenhor Manuel Gomes, Parque Vitória, Refinaria de Manguinhos, Ricardo Machado, Santo Antônio"
315,Volta,61,133,Volta,1,1.64,"BRS 1,2,3,4,5,I: Cidade Nova"
315,Volta,61,301,Ida,1,1.64,BarraShopping - Américas
315,Volta,61,301,Volta,1,1.64,BarraShopping
315,Volta,61,SR328,Ida,4,6.56,"Bicalho, BRS 1,2,3,4,5,I: Cidade Nova, Estação Barão de Mauá :: Pista Central, INTO"
315,Volta,61,SV391,Ida,2,3.28,"BRS 4,5: General Caldwell, Frederico Silva"
315,Volta,61,SN624,Ida,3,4.92,"BRS 1,2,3,4,5,I: Cidade Nova, BRS 4,5: General Caldwell, Estação Barão de Mauá :: Pista Central"
315,Volta,61,108,Volta,2,3.28,"BRS 1,2,3,4,5,I: Cidade Nova, Estação Barão de Mauá :: Pista Central"
315,Volta,61,SN600,Ida,1,1.64,Gabinal
315,Volta,61,SN600,Volta,1,1.64,Edgard Werneck
315,Volta,61,SN104,Volta,2,3.28,"BRS 1,2,3,4,5,I: Cidade Nova, Estação Barão de Mauá :: Pista Central"
315,Volta,61,165,Ida,2,3.28,"BRS 1,2,3,4,5,I: Cidade Nova, Estação Barão de Mauá :: Pista Central"
315,Volta,61,SN353,Ida,2,3.28,"Edgard Werneck, Gabinal"
315,Volta,61,SN312,Ida,3,4.92,"Bicalho, BRS 1,2,3,4,5,I: Cidade Nova, Estação Barão de Mauá :: Pista Central"
315,Volta,61,353,Ida,2,3.28,"Edgard Werneck, Gabinal"
315,Volta,61,SV863,Volta,1,1.64,BarraShopping
315,Volta,61,SV863,Ida,2,3.28,"Edgard Werneck, Gabinal"
315,Volta,61,324,Ida,12,19.67,"Aires Pinto, Bela, Bicalho, BRS 1,2,3,4,5,I: Cidade Nova, Estação Barão de Mauá :: Pista Central, Fiocruz, INTO, Monsenhor Manuel Gomes, Parque Vitória, Refinaria de Manguinhos, Ricardo Machado, Santo Antônio"
315,Volta,61,616,Ida,1,1.64,Democráticos - Saída 7
315,Volta,61,961,Ida,2,3.28,"Gabinal, Ponto Final: Recreio dos Bandeirantes :: Terreirão"
315,Volta,61,961,Volta,14,22.95,"Almirante Heleno Nunes, Desembargador Oscar Tenório, Doutor Raymundo Veras, Geraldo Irineo Joffily, Isabel Domingues, Joaquim Cardoso, José Carlos de Oliveira, Leonel Brizola, Ponto Final: Recreio dos Bandeirantes :: Terreirão, Praça do Pontal - Tim Maia, Praia do Recreio - Posto 10, Praia do Recreio - Posto 11, Projetada 2W, Vila Pan-Americana"
315,Volta,61,LECD118,Ida,1,1.64,Democráticos - Saída 7
315,Volta,61,548,Volta,1,1.64,BarraShopping
315,Volta,61,548,Ida,1,1.64,BarraShopping - Américas
315,Volta,61,SN383,Ida,2,3.28,"BRS 4,5: General Caldwell, Frederico Silva"
SN302,Ida,89,805,Ida,1,1.12,Barra Private
SN302,Ida,89,805,Volta,22,24.72,"Aldo Bonadei, Alfa Barra, Clube Riviera, Comandante Júlio de Moura, Daut Peres, Gumercindo da Silva, Metrô Jardim Oceânico :: Ônibus Convencionais, Paulo Mazzucchelli, Peregrino Junior, Praça do Ó, Praça Euvaldo Lodi, Praça Professor José Bernardino, Praça Professor Souza Araújo, Praia da Barra - Posto 4, Praia da Barra - Posto 5, Praia da Barra - Posto 6, Praia da Barra - Posto 7, Praia da Barra - Posto 8, Prefeito Dulcídio Cardoso, Prudência do Amaral, Rodolfo de Campos, São Regulo"
SN302,Ida,89,238,Volta,3,3.37,"BRS 1,2,4,5,6,I: Barão de Ubá, BRS 1,2,4,5,6,I: Domício da Gama, BRS 1,2,4,5,6,I: Matoso"
SN302,Ida,89,SN238,Volta,1,1.12,"BRS 1,2,4,5,6,I: Barão de Ubá"
SN302,Ida,89,239,Volta,3,3.37,"BRS 1,2,4,5,6,I: Barão de Ubá, BRS 1,2,4,5,6,I: Domício da Gama, BRS 1,2,4,5,6,I: Matoso"
SN302,Ida,89,SPB550,Ida,13,14.61,"Barra Private, Daut Peres, Gumercindo da Silva, Itanhangá Golf Club, Marina Barra Clube, Metrô Jardim Oceânico, Metrô Jardim Oceânico :: Ônibus Convencionais, Paulo Mazzucchelli, Poeta Khalil Gibran, Praça do Aleijadinho, Praça Professor Souza Araújo, Praça Senador Melo Viera, Waldemar Falcão"
SN302,Ida,89,SV692,Volta,2,2.25,"Alfa Barra, Prefeito Dulcídio Cardoso"
SN302,Ida,89,SV692,Ida,2,2.25,"Alfa Barra, Prefeito Dulcídio Cardoso"
SN302,Ida,89,621,Volta,2,2.25,"BRS 1,2,5,6,7,I: Carmela Dutra, BRS 1,2,5,6,7,I: Conselheiro Zenha"
SN302,Ida,89,624,Ida,1,1.12,Francisco Eugênio
SN302,Ida,89,634,Ida,5,5.62,"BRS 1,2,4,5,6,I: Barão de Ubá, BRS 1,2,4,5,6,I: Domício da Gama, BRS 1,2,4,5,6,I: Matoso, Francisco Eugênio, Joaquim Palhares"
SN302,Ida,89,711,Volta,3,3.37,"BRS 1,2,4,5,6,I: Barão de Ubá, BRS 1,2,4,5,6,I: Domício da Gama, BRS 1,2,4,5,6,I: Matoso"
SN302,Ida,89,SV606,Volta,3,3.37,"Conde de Itaguaí, Estação Barão de Mauá :: Pista Lateral, Francisco Eugênio"
SN302,Ida,89,343,Volta,7,7.87,"Barra Private, Itanhangá Golf Club, Marina Barra Clube, Poeta Khalil Gibran, Praça do Aleijadinho, Praça Senador Melo Viera, Waldemar Falcão"
SN302,Ida,89,343,Ida,5,5.62,"Daut Peres, Gumercindo da Silva, Metrô Jardim Oceânico :: Ônibus Convencionais, Paulo Mazzucchelli, Praça Professor Souza Araújo"
SN302,Ida,89,550,Ida,13,14.61,"Barra Private, Daut Peres, Gumercindo da Silva, Itanhangá Golf Club, Marina Barra Clube, Metrô Jardim Oceânico, Metrô Jardim Oceânico :: Ônibus Convencionais, Paulo Mazzucchelli, Poeta Khalil Gibran, Praça do Aleijadinho, Praça Professor Souza Araújo, Praça Senador Melo Viera, Waldemar Falcão"
SN302,Ida,89,555,Ida,13,14.61,"Barra Private, Daut Peres, Gumercindo da Silva, Itanhangá Golf Club, Marina Barra Clube, Metrô Jardim Oceânico, Metrô Jardim Oceânico :: Ônibus Convencionais, Paulo Mazzucchelli, Poeta Khalil Gibran, Praça do Aleijadinho, Praça Professor Souza Araújo, Praça Senador Melo Viera, Waldemar Falcão"
SN302,Ida,89,557,Ida,8,8.99,"Calheiros Gomes, Desembargador Araújo Jorge, Itanhangá Golf Club, Marina Barra Clube, Poeta Khalil Gibran, Praça do Aleijadinho, Praça Senador Melo Viera, Waldemar Falcão"
SN302,Ida,89,565,Volta,2,2.25,"Barra Private, Metrô Jardim Oceânico"
SN302,Ida,89,565,Ida,2,2.25,"Metrô Jardim Oceânico :: Ônibus Convencionais, Paulo Mazzucchelli"
SN302,Ida,89,SN309,Volta,23,25.84,"Aldo Bonadei, Alfa Barra, Barra Private, Clube Riviera, Comandante Júlio de Moura, Daut Peres, Metrô Jardim Oceânico, Metrô Jardim Oceânico :: Ônibus Convencionais, Paulo Mazzucchelli, Peregrino Junior, Praça do Ó, Praça Euvaldo Lodi, Praça Professor José Bernardino, Praça Professor Souza Araújo, Praia da Barra - Posto 4, Praia da Barra - Posto 5, Praia da Barra - Posto 6, Praia da Barra - Posto 7, Praia da Barra - Posto 8, Prefeito Dulcídio Cardoso, Prudência do Amaral, Rodolfo de Campos, São Regulo"
SN302,Ida,89,309,Volta,24,26.97,"Aldo Bonadei, Alfa Barra, Barra Private, Clube Riviera, Comandante Júlio de Moura, Daut Peres, Gumercindo da Silva, Metrô Jardim Oceânico, Metrô Jardim Oceânico :: Ônibus Convencionais, Paulo Mazzucchelli, Peregrino Junior, Praça do Ó, Praça Euvaldo Lodi, Praça Professor José Bernardino, Praça Professor Souza Araújo, Praia da Barra - Posto 4, Praia da Barra - Posto 5, Praia da Barra - Posto 6, Praia da Barra - Posto 7, Praia da Barra - Posto 8, Prefeito Dulcídio Cardoso, Prudência do Amaral, Rodolfo de Campos, São Regulo"
SN302,Ida,89,601,Volta,4,4.49,"BRS 1,2,5,6,7,I: Carmela Dutra, BRS 1,2,5,6,7,I: Conselheiro Zenha, BRS 2,5,7,I: Saens Peña I, Conde de Itaguaí"
SN302,Ida,89,607,Volta,9,10.11,"BRS 1,2,4,5,6,I: Barão de Ubá, BRS 1,2,4,5,6,I: Domício da Gama, BRS 1,2,4,5,6,I: Matoso, BRS 1,2,5,6,7,I: Carmela Dutra, BRS 1,2,5,6,7,I: Conselheiro Zenha, BRS 1,2,5,6,I: Afonso Pena, BRS 1,2,5,6,I: Professor Gabizo, BRS 1,2,5,6,I: São Francisco Xavier, Conde de Itaguaí"
SN302,Ida,89,302,Ida,89,100,"Açude, Aldo Bonadei, Alfa Barra, Alves de Brito, Amado Nervo, Ary Kerner, Barra Private, Biguá, BRS 1,2,4,5,6,I: Barão de Ubá, BRS 1,2,4,5,6,I: Domício da Gama, BRS 1,2,4,5,6,I: Matoso, BRS 1,2,5,6,7,I: Carmela Dutra, BRS 1,2,5,6,7,I: Conselheiro Zenha, BRS 1,2,5,6,I: Afonso Pena, BRS 1,2,5,6,I: Professor Gabizo, BRS 1,2,5,6,I: São Francisco Xavier, BRS 2,5,7,I: Saens Peña I, Calheiros Gomes, Capitão Campos, Casa do Alto, Cascata, Clóvis Bevilaqua, Clube Riviera, CMS Nicola Albano, Colégio Marista São José, Comandante Júlio de Moura, Conde de Itaguaí, Curva do Violão, Daut Peres, Desembargador Araújo Jorge, Dona Delfina, Doutor Catrambi, EDI José da Silva Araújo, Ernani Agrícola, Escola Municipal Mário Faccini, Estação Barão de Mauá :: Pista Lateral, Estrada Velha da Tijuca, Francisco Eugênio, Furnas, Furnas, 1805, Furnas, 3800, Gávea Pequena, Gumercindo da Silva, Hospital São Francisco, Igreja Nossa Senhora da Conceição, Itanhangá Golf Club, Jacamim, Joaquim Palhares, José Botelho Souza, Marina Barra Clube, Mata Machado, Metrô Jardim Oceânico, Metrô Jardim Oceânico :: Ônibus Convencionais, Metrô Uruguai, Muçu, Natalina, Palácio do Alto, Paróquia Nossa Sra. da Luz, Passarela da Barra, Paulo Mazzucchelli, Peregrino Junior, Pinto de Figueiredo, Poeta Khalil Gibran, Praça Afonso Viseu, Praça do Aleijadinho, Praça do Ó, Praça Euvaldo Lodi, Praça Professor José Bernardino, Praça Professor Souza Araújo, Praça Senador Melo Viera, Praia da Barra - Posto 4, Praia da Barra - Posto 5, Praia da Barra - Posto 6, Praia da Barra - Posto 7, Praia da Barra - Posto 8, Prefeito Dulcídio Cardoso, Prudência do Amaral, Radmaker, Raimundo Castro Maia, Rodolfo de Campos, Santa Carolina, São Miguel, São Rafael, São Regulo, Terminal Alvorada :: Plataforma D7, Terminal Gentileza :: Plataforma A10, Tijuaçu, Vitor Konder, Waldemar Falcão"
SN302,Ida,89,302,Volta,5,5.62,"Calheiros Gomes, Desembargador Araújo Jorge, Terminal Alvorada :: Plataforma D7, Terminal Gentileza :: Plataforma A10, Vitor Konder"
SN302,Ida,89,SN565,Ida,2,2.25,"Metrô Jardim Oceânico :: Ônibus Convencionais, Paulo Mazzucchelli"
SN302,Ida,89,SN565,Volta,2,2.25,"Barra Private, Metrô Jardim Oceânico"
SN302,Ida,89,844,Ida,9,10.11,"Barra Private, Calheiros Gomes, Daut Peres, Desembargador Araújo Jorge, Gumercindo da Silva, Metrô Jardim Oceânico :: Ônibus Convencionais, Paulo Mazzucchelli, Praça Professor Souza Araújo, Vitor Konder"
SN302,Ida,89,SN550,Ida,12,13.48,"Barra Private, Daut Peres, Itanhangá Golf Club, Marina Barra Clube, Metrô Jardim Oceânico, Metrô Jardim Oceânico :: Ônibus Convencionais, Paulo Mazzucchelli, Poeta Khalil Gibran, Praça do Aleijadinho, Praça Professor Souza Araújo, Praça Senador Melo Viera, Waldemar Falcão"
SN302,Ida,89,2918,Ida,3,3.37,"Metrô Jardim Oceânico :: Ônibus Convencionais, Praia da Barra - Posto 7, Prudência do Amaral"
SN302,Ida,89,878,Ida,9,10.11,"Barra Private, Daut Peres, Itanhangá Golf Club, Marina Barra Clube, Metrô Jardim Oceânico, Poeta Khalil Gibran, Praça do Aleijadinho, Praça Senador Melo Viera, Waldemar Falcão"
SN302,Ida,89,878,Volta,3,3.37,"Praia da Barra - Posto 4, Praia da Barra - Posto 5, Prudência do Amaral"
SN302,Ida,89,SV878,Ida,9,10.11,"Barra Private, Daut Peres, Itanhangá Golf Club, Marina Barra Clube, Metrô Jardim Oceânico, Poeta Khalil Gibran, Praça do Aleijadinho, Praça Senador Melo Viera, Waldemar Falcão"
SN302,Ida,89,SV878,Volta,3,3.37,"Praia da Barra - Posto 4, Praia da Barra - Posto 5, Prudência do Amaral"
SN302,Ida,89,SN636,Volta,1,1.12,Pinto de Figueiredo
SN302,Ida,89,863,Volta,2,2.25,"Metrô Jardim Oceânico :: Ônibus Convencionais, Paulo Mazzucchelli"
SN302,Ida,89,862,Ida,8,8.99,"Barra Private, Itanhangá Golf Club, Marina Barra Clube, Metrô Jardim Oceânico, Poeta Khalil Gibran, Praça do Aleijadinho, Praça Senador Melo Viera, Waldemar Falcão"
SN302,Ida,89,693,Volta,2,2.25,"Alfa Barra, Prefeito Dulcídio Cardoso"
SN302,Ida,89,693,Ida,2,2.25,"Alfa Barra, Prefeito Dulcídio Cardoso"
SN302,Ida,89,692,Ida,2,2.25,"Alfa Barra, Prefeito Dulcídio Cardoso"
SN302,Ida,89,692,Volta,2,2.25,"Alfa Barra, Prefeito Dulcídio Cardoso"
SN302,Ida,89,2803,Ida,1,1.12,Paulo Mazzucchelli
SN302,Ida,89,2803,Volta,2,2.25,"Barra Private, Metrô Jardim Oceânico"
SN302,Ida,89,SN878,Ida,9,10.11,"Barra Private, Daut Peres, Itanhangá Golf Club, Marina Barra Clube, Metrô Jardim Oceânico, Poeta Khalil Gibran, Praça do Aleijadinho, Praça Senador Melo Viera, Waldemar Falcão"
SN302,Ida,89,SN878,Volta,3,3.37,"Praia da Barra - Posto 4, Praia da Barra - Posto 5, Prudência do Amaral"
SN302,Ida,89,2334,Volta,2,2.25,"Barra Private, Metrô Jardim Oceânico"
SN302,Ida,89,2334,Ida,1,1.12,Paulo Mazzucchelli
SN302,Ida,89,2335,Ida,1,1.12,Paulo Mazzucchelli
SN302,Ida,89,2335,Volta,2,2.25,"Barra Private, Metrô Jardim Oceânico"
SN302,Ida,89,2337,Ida,1,1.12,Paulo Mazzucchelli
SN302,Ida,89,2337,Volta,2,2.25,"Barra Private, Metrô Jardim Oceânico"
SN302,Ida,89,2802,Ida,2,2.25,"Barra Private, Paulo Mazzucchelli"
SN302,Ida,89,2804,Ida,1,1.12,Paulo Mazzucchelli
SN302,Ida,89,2804,Volta,2,2.25,"Barra Private, Metrô Jardim Oceânico"
SN302,Ida,89,2338,Volta,2,2.25,"Barra Private, Metrô Jardim Oceânico"
SN302,Ida,89,2338,Ida,1,1.12,Paulo Mazzucchelli
SN302,Ida,89,181,Ida,4,4.49,"Alfa Barra, Metrô Jardim Oceânico :: Ônibus Convencionais, Paulo Mazzucchelli, Prefeito Dulcídio Cardoso"
SN302,Ida,89,217,Volta,1,1.12,Conde de Itaguaí
SN302,Ida,89,220,Volta,25,28.09,"Alves de Brito, Ary Kerner, BRS 1,2,4,5,6,I: Barão de Ubá, BRS 1,2,4,5,6,I: Domício da Gama, BRS 1,2,4,5,6,I: Matoso, BRS 1,2,5,6,7,I: Carmela Dutra, BRS 1,2,5,6,7,I: Conselheiro Zenha, BRS 1,2,5,6,I: Afonso Pena, BRS 1,2,5,6,I: Professor Gabizo, BRS 1,2,5,6,I: São Francisco Xavier, BRS 2,5,7,I: Saens Peña I, Cascata, Clóvis Bevilaqua, Colégio Marista São José, Conde de Itaguaí, Dona Delfina, Hospital São Francisco, Igreja Nossa Senhora da Conceição, Joaquim Palhares, Metrô Uruguai, Natalina, Pinto de Figueiredo, Radmaker, Santa Carolina, São Rafael"
SN302,Ida,89,229,Volta,23,25.84,"Alves de Brito, Ary Kerner, BRS 1,2,4,5,6,I: Barão de Ubá, BRS 1,2,4,5,6,I: Domício da Gama, BRS 1,2,4,5,6,I: Matoso, BRS 1,2,5,6,7,I: Carmela Dutra, BRS 1,2,5,6,7,I: Conselheiro Zenha, BRS 1,2,5,6,I: Afonso Pena, BRS 1,2,5,6,I: Professor Gabizo, BRS 1,2,5,6,I: São Francisco Xavier, BRS 2,5,7,I: Saens Peña I, Clóvis Bevilaqua, Colégio Marista São José, Conde de Itaguaí, Dona Delfina, Hospital São Francisco, Igreja Nossa Senhora da Conceição, Metrô Uruguai, Natalina, Pinto de Figueiredo, Radmaker, Santa Carolina, São Rafael"
SN302,Ida,89,409,Volta,8,8.99,"BRS 1,2,4,5,6,I: Barão de Ubá, BRS 1,2,4,5,6,I: Domício da Gama, BRS 1,2,4,5,6,I: Matoso, BRS 1,2,5,6,7,I: Carmela Dutra, BRS 1,2,5,6,7,I: Conselheiro Zenha, BRS 1,2,5,6,I: Afonso Pena, BRS 1,2,5,6,I: Professor Gabizo, BRS 1,2,5,6,I: São Francisco Xavier"
SN302,Ida,89,410,Volta,4,4.49,"BRS 1,2,5,6,7,I: Carmela Dutra, BRS 1,2,5,6,7,I: Conselheiro Zenha, BRS 1,2,5,6,I: Professor Gabizo, BRS 1,2,5,6,I: São Francisco Xavier"
SN302,Ida,89,415,Volta,25,28.09,"Alves de Brito, Ary Kerner, BRS 1,2,4,5,6,I: Barão de Ubá, BRS 1,2,4,5,6,I: Domício da Gama, BRS 1,2,4,5,6,I: Matoso, BRS 1,2,5,6,7,I: Carmela Dutra, BRS 1,2,5,6,7,I: Conselheiro Zenha, BRS 1,2,5,6,I: Afonso Pena, BRS 1,2,5,6,I: Professor Gabizo, BRS 1,2,5,6,I: São Francisco Xavier, BRS 2,5,7,I: Saens Peña I, Cascata, Clóvis Bevilaqua, Colégio Marista São José, Conde de Itaguaí, Dona Delfina, Hospital São Francisco, Igreja Nossa Senhora da Conceição, Joaquim Palhares, Metrô Uruguai, Natalina, Pinto de Figueiredo, Radmaker, Santa Carolina, São Rafael"
SN302,Ida,89,SN415,Volta,24,26.97,"Alves de Brito, Ary Kerner, BRS 1,2,4,5,6,I: Barão de Ubá, BRS 1,2,4,5,6,I: Domício da Gama, BRS 1,2,4,5,6,I: Matoso, BRS 1,2,5,6,7,I: Carmela Dutra, BRS 1,2,5,6,7,I: Conselheiro Zenha, BRS 1,2,5,6,I: Afonso Pena, BRS 1,2,5,6,I: Professor Gabizo, BRS 1,2,5,6,I: São Francisco Xavier, BRS 2,5,7,I: Saens Peña I, Clóvis Bevilaqua, Colégio Marista São José, Conde de Itaguaí, Dona Delfina, Hospital São Francisco, Igreja Nossa Senhora da Conceição, Joaquim Palhares, Metrô Uruguai, Natalina, Pinto de Figueiredo, Radmaker, Santa Carolina, São Rafael"
SN302,Ida,89,SN133,Volta,2,2.25,"Estação Barão de Mauá :: Pista Lateral, Francisco Eugênio"
SN302,Ida,89,426,Volta,24,26.97,"Alves de Brito, Ary Kerner, BRS 1,2,4,5,6,I: Barão de Ubá, BRS 1,2,4,5,6,I: Domício da Gama, BRS 1,2,4,5,6,I: Matoso, BRS 1,2,5,6,7,I: Carmela Dutra, BRS 1,2,5,6,7,I: Conselheiro Zenha, BRS 1,2,5,6,I: Afonso Pena, BRS 1,2,5,6,I: Professor Gabizo, BRS 1,2,5,6,I: São Francisco Xavier, BRS 2,5,7,I: Saens Peña I, Cascata, Clóvis Bevilaqua, Colégio Marista São José, Conde de Itaguaí, Dona Delfina, Hospital São Francisco, Igreja Nossa Senhora da Conceição, Metrô Uruguai, Natalina, Pinto de Figueiredo, Radmaker, Santa Carolina, São Rafael"
SN302,Ida,89,432,Volta,4,4.49,"BRS 1,2,4,5,6,I: Barão de Ubá, BRS 1,2,4,5,6,I: Domício da Gama, BRS 1,2,4,5,6,I: Matoso, BRS 1,2,5,6,I: Afonso Pena"
SN302,Ida,89,439,Ida,1,1.12,Joaquim Palhares
SN302,Ida,89,440,Ida,1,1.12,Estação Barão de Mauá :: Pista Lateral
SN302,Ida,89,112,Ida,3,3.37,"Estação Barão de Mauá :: Pista Lateral, Francisco Eugênio, Joaquim Palhares"
SN302,Ida,89,473,Ida,3,3.37,"Estação Barão de Mauá :: Pista Lateral, Francisco Eugênio, Joaquim Palhares"
SN302,Ida,89,603,Volta,9,10.11,"Alves de Brito, Clóvis Bevilaqua, Conde de Itaguaí, Dona Delfina, Metrô Uruguai, Natalina, Pinto de Figueiredo, Radmaker, São Rafael"
SN302,Ida,89,608,Volta,1,1.12,Conde de Itaguaí
SN302,Ida,89,626,Ida,1,1.12,Conde de Itaguaí
SN302,Ida,89,448,Ida,4,4.49,"Açude, CMS Nicola Albano, Gávea Pequena, Paróquia Nossa Sra. da Luz"
SN302,Ida,89,448,Volta,12,13.48,"Açude, Biguá, Capitão Campos, CMS Nicola Albano, EDI José da Silva Araújo, Furnas, Furnas, 1805, Gávea Pequena, José Botelho Souza, Mata Machado, Paróquia Nossa Sra. da Luz, Tijuaçu"
SN302,Ida,89,433,Volta,4,4.49,"BRS 1,2,4,5,6,I: Barão de Ubá, BRS 1,2,4,5,6,I: Domício da Gama, BRS 1,2,4,5,6,I: Matoso, BRS 1,2,5,6,I: Afonso Pena"
SN302,Ida,89,553,Ida,2,2.25,"Metrô Jardim Oceânico :: Ônibus Convencionais, Paulo Mazzucchelli"
SN302,Ida,89,553,Volta,2,2.25,"Barra Private, Metrô Jardim Oceânico"
SN302,Ida,89,SP553,Ida,2,2.25,"Metrô Jardim Oceânico :: Ônibus Convencionais, Paulo Mazzucchelli"
SN302,Ida,89,SN554,Ida,2,2.25,"Metrô Jardim Oceânico :: Ônibus Convencionais, Paulo Mazzucchelli"
SN302,Ida,89,SN554,Volta,2,2.25,"Barra Private, Metrô Jardim Oceânico"
SN302,Ida,89,SPA550,Ida,13,14.61,"Barra Private, Daut Peres, Gumercindo da Silva, Itanhangá Golf Club, Marina Barra Clube, Metrô Jardim Oceânico, Metrô Jardim Oceânico :: Ônibus Convencionais, Paulo Mazzucchelli, Poeta Khalil Gibran, Praça do Aleijadinho, Praça Professor Souza Araújo, Praça Senador Melo Viera, Waldemar Falcão"
SN302,Ida,89,SP805,Volta,17,19.1,"Aldo Bonadei, Alfa Barra, Clube Riviera, Comandante Júlio de Moura, Peregrino Junior, Praça do Ó, Praça Euvaldo Lodi, Praça Professor José Bernardino, Praia da Barra - Posto 4, Praia da Barra - Posto 5, Praia da Barra - Posto 6, Praia da Barra - Posto 7, Praia da Barra - Posto 8, Prefeito Dulcídio Cardoso, Prudência do Amaral, Rodolfo de Campos, São Regulo"
SN302,Ida,89,SP805,Ida,1,1.12,Praça Euvaldo Lodi
SN302,Ida,89,957,Ida,24,26.97,"Aldo Bonadei, Alfa Barra, Barra Private, Clube Riviera, Comandante Júlio de Moura, Daut Peres, Gumercindo da Silva, Metrô Jardim Oceânico, Metrô Jardim Oceânico :: Ônibus Convencionais, Paulo Mazzucchelli, Peregrino Junior, Praça do Ó, Praça Euvaldo Lodi, Praça Professor José Bernardino, Praça Professor Souza Araújo, Praia da Barra - Posto 4, Praia da Barra - Posto 5, Praia da Barra - Posto 6, Praia da Barra - Posto 7, Praia da Barra - Posto 8, Prefeito Dulcídio Cardoso, Prudência do Amaral, Rodolfo de Campos, São Regulo"
SN302,Ida,89,605,Volta,2,2.25,"BRS 1,2,5,6,7,I: Carmela Dutra, BRS 1,2,5,6,7,I: Conselheiro Zenha"
SN302,Ida,89,990,Ida,2,2.25,"Metrô Jardim Oceânico :: Ônibus Convencionais, Paulo Mazzucchelli"
SN302,Ida,89,990,Volta,2,2.25,"Barra Private, Metrô Jardim Oceânico"
SN302,Ida,89,645,Ida,2,2.25,"Metrô Jardim Oceânico :: Ônibus Convencionais, Paulo Mazzucchelli"
SN302,Ida,89,645,Volta,50,56.18,"Açude, Alves de Brito, Amado Nervo, Ary Kerner, Barra Private, Biguá, BRS 2,5,7,I: Saens Peña I, Capitão Campos, Casa do Alto, Cascata, Clóvis Bevilaqua, CMS Nicola Albano, Colégio Marista São José, Conde de Itaguaí, Curva do Violão, Dona Delfina, Doutor Catrambi, EDI José da Silva Araújo, Ernani Agrícola, Escola Municipal Mário Faccini, Estrada Velha da Tijuca, Furnas, Furnas, 1805, Furnas, 3800, Gávea Pequena, Hospital São Francisco, Igreja Nossa Senhora da Conceição, Itanhangá Golf Club, Jacamim, José Botelho Souza, Marina Barra Clube, Mata Machado, Metrô Jardim Oceânico, Metrô Uruguai, Muçu, Natalina, Palácio do Alto, Paróquia Nossa Sra. da Luz, Pinto de Figueiredo, Poeta Khalil Gibran, Praça Afonso Viseu, Praça do Aleijadinho, Praça Senador Melo Viera, Radmaker, Raimundo Castro Maia, Santa Carolina, São Miguel, São Rafael, Tijuaçu, Waldemar Falcão"
SN302,Ida,89,416,Volta,8,8.99,"BRS 1,2,4,5,6,I: Barão de Ubá, BRS 1,2,4,5,6,I: Domício da Gama, BRS 1,2,4,5,6,I: Matoso, BRS 1,2,5,6,7,I: Carmela Dutra, BRS 1,2,5,6,7,I: Conselheiro Zenha, BRS 1,2,5,6,I: Afonso Pena, BRS 1,2,5,6,I: Professor Gabizo, BRS 1,2,5,6,I: São Francisco Xavier"
SN302,Ida,89,552,Volta,24,26.97,"Aldo Bonadei, Alfa Barra, Barra Private, Clube Riviera, Comandante Júlio de Moura, Daut Peres, Gumercindo da Silva, Metrô Jardim Oceânico, Metrô Jardim Oceânico :: Ônibus Convencionais, Paulo Mazzucchelli, Peregrino Junior, Praça do Ó, Praça Euvaldo Lodi, Praça Professor José Bernardino, Praça Professor Souza Araújo, Praia da Barra - Posto 4, Praia da Barra - Posto 5, Praia da Barra - Posto 6, Praia da Barra - Posto 7, Praia da Barra - Posto 8, Prefeito Dulcídio Cardoso, Prudência do Amaral, Rodolfo de Campos, São Regulo"
SN302,Ida,89,554,Volta,2,2.25,"Barra Private, Metrô Jardim Oceânico"
SN302,Ida,89,554,Ida,2,2.25,"Metrô Jardim Oceânico :: Ônibus Convencionais, Paulo Mazzucchelli"
SN302,Ida,89,558,Ida,13,14.61,"Barra Private, Daut Peres, Gumercindo da Silva, Itanhangá Golf Club, Marina Barra Clube, Metrô Jardim Oceânico, Metrô Jardim Oceânico :: Ônibus Convencionais, Paulo Mazzucchelli, Poeta Khalil Gibran, Praça do Aleijadinho, Praça Professor Souza Araújo, Praça Senador Melo Viera, Waldemar Falcão"
SN302,Ida,89,SN433,Volta,4,4.49,"BRS 1,2,4,5,6,I: Barão de Ubá, BRS 1,2,4,5,6,I: Domício da Gama, BRS 1,2,4,5,6,I: Matoso, BRS 1,2,5,6,I: Afonso Pena"
SN302,Ida,89,133,Volta,2,2.25,"Estação Barão de Mauá :: Pista Lateral, Francisco Eugênio"
SN302,Ida,89,301,Ida,61,68.54,"Açude, Alves de Brito, Amado Nervo, Ary Kerner, Barra Private, Biguá, BRS 1,2,4,5,6,I: Barão de Ubá, BRS 1,2,4,5,6,I: Domício da Gama, BRS 1,2,4,5,6,I: Matoso, BRS 1,2,5,6,7,I: Carmela Dutra, BRS 1,2,5,6,7,I: Conselheiro Zenha, BRS 1,2,5,6,I: Afonso Pena, BRS 1,2,5,6,I: Professor Gabizo, BRS 1,2,5,6,I: São Francisco Xavier, BRS 2,5,7,I: Saens Peña I, Capitão Campos, Casa do Alto, Cascata, Clóvis Bevilaqua, CMS Nicola Albano, Colégio Marista São José, Conde de Itaguaí, Curva do Violão, Dona Delfina, Doutor Catrambi, EDI José da Silva Araújo, Ernani Agrícola, Escola Municipal Mário Faccini, Estação Barão de Mauá :: Pista Lateral, Estrada Velha da Tijuca, Francisco Eugênio, Furnas, Furnas, 1805, Furnas, 3800, Gávea Pequena, Hospital São Francisco, Igreja Nossa Senhora da Conceição, Itanhangá Golf Club, Jacamim, Joaquim Palhares, José Botelho Souza, Marina Barra Clube, Mata Machado, Metrô Jardim Oceânico, Metrô Uruguai, Muçu, Natalina, Palácio do Alto, Paróquia Nossa Sra. da Luz, Pinto de Figueiredo, Poeta Khalil Gibran, Praça Afonso Viseu, Praça do Aleijadinho, Praça Senador Melo Viera, Radmaker, Raimundo Castro Maia, Santa Carolina, São Miguel, São Rafael, Tijuaçu, Waldemar Falcão"
SN302,Ida,89,301,Volta,2,2.25,"Metrô Jardim Oceânico :: Ônibus Convencionais, Paulo Mazzucchelli"
SN302,Ida,89,606,Volta,3,3.37,"Conde de Itaguaí, Estação Barão de Mauá :: Pista Lateral, Francisco Eugênio"
SN302,Ida,89,163,Ida,1,1.12,Francisco Eugênio
SN302,Ida,89,161,Ida,2,2.25,"Estação Barão de Mauá :: Pista Lateral, Francisco Eugênio"
SN302,Ida,89,SN634,Ida,6,6.74,"BRS 1,2,4,5,6,I: Barão de Ubá, BRS 1,2,4,5,6,I: Domício da Gama, BRS 1,2,4,5,6,I: Matoso, Estação Barão de Mauá :: Pista Lateral, Francisco Eugênio, Joaquim Palhares"
SN302,Ida,89,SV112,Ida,2,2.25,"Estação Barão de Mauá :: Pista Lateral, Francisco Eugênio"
SN302,Ida,89,SN353,Volta,2,2.25,"Estação Barão de Mauá :: Pista Lateral, Francisco Eugênio"
SN302,Ida,89,353,Volta,2,2.25,"Estação Barão de Mauá :: Pista Lateral, Francisco Eugênio"
SN302,Ida,89,635,Ida,5,5.62,"BRS 1,2,4,5,6,I: Barão de Ubá, BRS 1,2,4,5,6,I: Domício da Gama, BRS 1,2,4,5,6,I: Matoso, Estação Barão de Mauá :: Pista Lateral, Joaquim Palhares"
SN302,Ida,89,SV863,Volta,2,2.25,"Metrô Jardim Oceânico :: Ônibus Convencionais, Paulo Mazzucchelli"
SN302,Ida,89,SV624,Ida,2,2.25,"Estação Barão de Mauá :: Pista Lateral, Francisco Eugênio"
SN302,Ida,89,SP635,Ida,4,4.49,"BRS 1,2,4,5,6,I: Barão de Ubá, BRS 1,2,4,5,6,I: Domício da Gama, Estação Barão de Mauá :: Pista Lateral, Joaquim Palhares"
SN302,Ida,89,548,Volta,2,2.25,"Metrô Jardim Oceânico :: Ônibus Convencionais, Paulo Mazzucchelli"
SN302,Ida,89,548,Ida,2,2.25,"Barra Private, Metrô Jardim Oceânico"
SN302,Volta,90,636,Ida,3,3.33,"Abelardo Chacrinha Barbosa, Henry Ford, Metrô Uruguai"
SN302,Volta,90,805,Ida,23,25.56,"Alfabarra II, Clube Riviera, Embaixador Egberto Mafra, Eugênio Lyra Neto, General Ivan Raposo, Hercílio Gonçalves, Jornalista Pierre Plancher, Marcelo Roberto, Padre Alfredo Gonzales, Peregrino Junior, Praça do Ó, Praia da Barra - Posto 2, Praia da Barra - Posto 3, Praia da Barra - Posto 4, Praia da Barra - Posto 5, Praia da Barra - Posto 6, Praia da Barra - Posto 6, Praia da Barra - Posto 7, Praia da Barra - Posto 8, Praia da Barra - Posto 8, Prudência do Amaral, Rodolfo de Campos, São Regulo"
SN302,Volta,90,238,Ida,6,6.67,"Araújo Pena, Bispo, BRS 1,2,4,5,6,I: Sampaio Ferraz, BRS 1,2,4,5,I: Barão de Ubá, Club Municipal, Matoso"
SN302,Volta,90,SN238,Ida,5,5.56,"Araújo Pena, Bispo, BRS 1,2,4,5,I: Barão de Ubá, Club Municipal, Matoso"
SN302,Volta,90,239,Ida,6,6.67,"Araújo Pena, Bispo, BRS 1,2,4,5,6,I: Sampaio Ferraz, BRS 1,2,4,5,I: Barão de Ubá, Club Municipal, Matoso"
SN302,Volta,90,SPB550,Volta,7,7.78,"Condomínio Itanhanga Hills, Doutor Luiz Capriglione, Fonseca Costa, Passarela da Barra, Poeta Khalil Gibran, Praça do Aleijadinho, Praça Senador Melo Viera"
SN302,Volta,90,SV692,Volta,1,1.11,Alfabarra II
SN302,Volta,90,SV692,Ida,1,1.11,Alfabarra II
SN302,Volta,90,624,Volta,1,1.11,Dinah de Queiroz :: Sentido Ponte / T. Gentileza / São Cristóvão
SN302,Volta,90,634,Volta,1,1.11,Dinah de Queiroz :: Sentido Ponte / T. Gentileza / São Cristóvão
SN302,Volta,90,711,Volta,2,2.22,"BRS 1,2,4,5,6,I: Sampaio Ferraz, Metrô Estácio"
SN302,Volta,90,711,Ida,2,2.22,"Araújo Pena, Club Municipal"
SN302,Volta,90,SV606,Ida,4,4.44,"Abelardo Chacrinha Barbosa, Dinah de Queiroz :: Sentido Ponte / T. Gentileza / São Cristóvão, Henry Ford, Metrô Uruguai"
SN302,Volta,90,343,Ida,7,7.78,"Condomínio Itanhanga Hills, Doutor Luiz Capriglione, Fonseca Costa, Passarela da Barra, Poeta Khalil Gibran, Praça do Aleijadinho, Praça Senador Melo Viera"
SN302,Volta,90,550,Volta,7,7.78,"Condomínio Itanhanga Hills, Doutor Luiz Capriglione, Fonseca Costa, Passarela da Barra, Poeta Khalil Gibran, Praça do Aleijadinho, Praça Senador Melo Viera"
SN302,Volta,90,555,Volta,7,7.78,"Condomínio Itanhanga Hills, Doutor Luiz Capriglione, Fonseca Costa, Passarela da Barra, Poeta Khalil Gibran, Praça do Aleijadinho, Praça Senador Melo Viera"
SN302,Volta,90,557,Ida,2,2.22,"Calheiros Gomes, Desembargador Araújo Jorge"
SN302,Volta,90,557,Volta,6,6.67,"Condomínio Itanhanga Hills, Doutor Luiz Capriglione, Fonseca Costa, Poeta Khalil Gibran, Praça do Aleijadinho, Praça Senador Melo Viera"
SN302,Volta,90,SN309,Ida,23,25.56,"Alfabarra II, Clube Riviera, Embaixador Egberto Mafra, Eugênio Lyra Neto, General Ivan Raposo, Hercílio Gonçalves, Jornalista Pierre Plancher, Marcelo Roberto, Padre Alfredo Gonzales, Peregrino Junior, Praça do Ó, Praia da Barra - Posto 2, Praia da Barra - Posto 3, Praia da Barra - Posto 4, Praia da Barra - Posto 5, Praia da Barra - Posto 6, Praia da Barra - Posto 6, Praia da Barra - Posto 7, Praia da Barra - Posto 8, Praia da Barra - Posto 8, Prudência do Amaral, Rodolfo de Campos, São Regulo"
SN302,Volta,90,309,Ida,23,25.56,"Alfabarra II, Clube Riviera, Embaixador Egberto Mafra, Eugênio Lyra Neto, General Ivan Raposo, Hercílio Gonçalves, Jornalista Pierre Plancher, Marcelo Roberto, Padre Alfredo Gonzales, Peregrino Junior, Praça do Ó, Praia da Barra - Posto 2, Praia da Barra - Posto 3, Praia da Barra - Posto 4, Praia da Barra - Posto 5, Praia da Barra - Posto 6, Praia da Barra - Posto 6, Praia da Barra - Posto 7, Praia da Barra - Posto 8, Praia da Barra - Posto 8, Prudência do Amaral, Rodolfo de Campos, São Regulo"
SN302,Volta,90,601,Ida,3,3.33,"Abelardo Chacrinha Barbosa, Henry Ford, Metrô Uruguai"
SN302,Volta,90,607,Volta,2,2.22,"BRS 1,2,4,5,6,I: Sampaio Ferraz, Metrô Estácio"
SN302,Volta,90,607,Ida,10,11.11,"Abelardo Chacrinha Barbosa, Araújo Pena, Araújos, Club Municipal, Conselheiro Zenha, Felix da Cunha, Henry Ford, Metrô Uruguai, Rego Lopes, Saens Peña Medical Center"
SN302,Volta,90,302,Ida,5,5.56,"Calheiros Gomes, Desembargador Araújo Jorge, Terminal Alvorada :: Plataforma D7, Terminal Gentileza :: Plataforma A10, Vitor Konder"
SN302,Volta,90,302,Volta,90,100,"Abelardo Chacrinha Barbosa, Agostinho, Agrícola, Alfabarra II, Alves de Brito, Amado Nervo, Araújo Pena, Araújos, Bispo, BRS 1,2,4,5,6,I: Sampaio Ferraz, BRS 1,2,4,5,I: Barão de Ubá, Calheiros Gomes, Club Municipal, Clube Riviera, CMS Nicola Albano, Colégio Marista São José, Condomínio Itanhanga Hills, Conselheiro Zenha, Curva do Violão, Desembargador Araújo Jorge, Dinah de Queiroz :: Sentido Ponte / T. Gentileza / São Cristóvão, Doutor Luiz Capriglione, EDI José da Silva Araújo, Embaixador Egberto Mafra, Ernani Agrícola, Escola Municipal Mário Faccini, Estrada Velha da Tijuca, Eugênio Lyra Neto, Felix da Cunha, Ferreira de Almeida, Fonseca Costa, Fontes Castelo, Furnas, Furnas, 1805, Furnas, 3800, Garibaldi, Gávea Pequena, General Ivan Raposo, Henry Ford, Hercílio Gonçalves, Hospital São Francisco, Igreja Nossa Senhora da Conceição, Jacamim, Jornalista Pierre Plancher, José Botelho Souza, Marcelo Roberto, Mata Machado, Matoso, Medeiros Pássaro, Metrô Estácio, Metrô Uruguai, Muçu, Natalina, Olegário Maciel, Padre Alfredo Gonzales, Paróquia Nossa Sra. da Luz, Passarela da Barra, Peregrino Junior, Poeta Khalil Gibran, Praça Afonso Viseu, Praça do Aleijadinho, Praça do Ó, Praça Saens Peña, Praça Senador Melo Viera, Praia da Barra - Posto 2, Praia da Barra - Posto 3, Praia da Barra - Posto 4, Praia da Barra - Posto 5, Praia da Barra - Posto 6, Praia da Barra - Posto 6, Praia da Barra - Posto 7, Praia da Barra - Posto 8, Praia da Barra - Posto 8, Praia da Barra - Quebra Mar, Praia do Pepê, Prudência do Amaral, Raimundo Castro Maia, Rego Lopes, Rodolfo de Campos, Saens Peña Medical Center, Santa Carolina, São Miguel, São Rafael, São Regulo, Terminal Alvorada :: Plataforma D7, Terminal Gentileza :: Plataforma A10, Tijuaçu, Ulysses Guimarães, Vicente de Cabo Frio, Vitor Konder"
SN302,Volta,90,844,Ida,4,4.44,"Calheiros Gomes, Desembargador Araújo Jorge, Passarela da Barra, Vitor Konder"
SN302,Volta,90,SN550,Volta,7,7.78,"Condomínio Itanhanga Hills, Doutor Luiz Capriglione, Fonseca Costa, Passarela da Barra, Poeta Khalil Gibran, Praça do Aleijadinho, Praça Senador Melo Viera"
SN302,Volta,90,878,Volta,19,21.11,"Clube Riviera, Condomínio Itanhanga Hills, Doutor Luiz Capriglione, Embaixador Egberto Mafra, Fonseca Costa, General Ivan Raposo, Olegário Maciel, Passarela da Barra, Poeta Khalil Gibran, Praça do Aleijadinho, Praça do Ó, Praça Senador Melo Viera, Praia da Barra - Posto 2, Praia da Barra - Posto 3, Praia da Barra - Posto 4, Praia da Barra - Posto 5, Praia da Barra - Quebra Mar, Praia do Pepê, Prudência do Amaral"
SN302,Volta,90,SV878,Volta,19,21.11,"Clube Riviera, Condomínio Itanhanga Hills, Doutor Luiz Capriglione, Embaixador Egberto Mafra, Fonseca Costa, General Ivan Raposo, Olegário Maciel, Passarela da Barra, Poeta Khalil Gibran, Praça do Aleijadinho, Praça do Ó, Praça Senador Melo Viera, Praia da Barra - Posto 2, Praia da Barra - Posto 3, Praia da Barra - Posto 4, Praia da Barra - Posto 5, Praia da Barra - Quebra Mar, Praia do Pepê, Prudência do Amaral"
SN302,Volta,90,SN636,Ida,4,4.44,"Abelardo Chacrinha Barbosa, Henry Ford, Metrô Uruguai, Vicente de Cabo Frio"
SN302,Volta,90,863,Volta,7,7.78,"Condomínio Itanhanga Hills, Doutor Luiz Capriglione, Fonseca Costa, Passarela da Barra, Poeta Khalil Gibran, Praça do Aleijadinho, Praça Senador Melo Viera"
SN302,Volta,90,693,Volta,1,1.11,Alfabarra II
SN302,Volta,90,693,Ida,1,1.11,Alfabarra II
SN302,Volta,90,692,Ida,1,1.11,Alfabarra II
SN302,Volta,90,692,Volta,1,1.11,Alfabarra II
SN302,Volta,90,SN878,Volta,19,21.11,"Clube Riviera, Condomínio Itanhanga Hills, Doutor Luiz Capriglione, Embaixador Egberto Mafra, Fonseca Costa, General Ivan Raposo, Olegário Maciel, Passarela da Barra, Poeta Khalil Gibran, Praça do Aleijadinho, Praça do Ó, Praça Senador Melo Viera, Praia da Barra - Posto 2, Praia da Barra - Posto 3, Praia da Barra - Posto 4, Praia da Barra - Posto 5, Praia da Barra - Quebra Mar, Praia do Pepê, Prudência do Amaral"
SN302,Volta,90,181,Ida,1,1.11,Alfabarra II
SN302,Volta,90,217,Ida,3,3.33,"Abelardo Chacrinha Barbosa, Henry Ford, Metrô Uruguai"
SN302,Volta,90,220,Ida,25,27.78,"Abelardo Chacrinha Barbosa, Agostinho, Alves de Brito, Araújo Pena, Araújos, Bispo, BRS 1,2,4,5,6,I: Sampaio Ferraz, BRS 1,2,4,5,I: Barão de Ubá, Club Municipal, Colégio Marista São José, Conselheiro Zenha, Felix da Cunha, Garibaldi, Henry Ford, Hospital São Francisco, Igreja Nossa Senhora da Conceição, Matoso, Medeiros Pássaro, Metrô Uruguai, Natalina, Praça Saens Peña, Rego Lopes, Saens Peña Medical Center, Santa Carolina, Vicente de Cabo Frio"
SN302,Volta,90,229,Ida,25,27.78,"Abelardo Chacrinha Barbosa, Agostinho, Alves de Brito, Araújo Pena, Araújos, Bispo, BRS 1,2,4,5,6,I: Sampaio Ferraz, BRS 1,2,4,5,I: Barão de Ubá, Club Municipal, Colégio Marista São José, Conselheiro Zenha, Felix da Cunha, Garibaldi, Henry Ford, Hospital São Francisco, Igreja Nossa Senhora da Conceição, Matoso, Medeiros Pássaro, Metrô Uruguai, Natalina, Praça Saens Peña, Rego Lopes, Saens Peña Medical Center, Santa Carolina, Vicente de Cabo Frio"
SN302,Volta,90,409,Ida,12,13.33,"Araújo Pena, Araújos, Bispo, BRS 1,2,4,5,6,I: Sampaio Ferraz, BRS 1,2,4,5,I: Barão de Ubá, Club Municipal, Conselheiro Zenha, Felix da Cunha, Matoso, Praça Saens Peña, Rego Lopes, Saens Peña Medical Center"
SN302,Volta,90,410,Volta,2,2.22,"Araújo Pena, Felix da Cunha"
SN302,Volta,90,410,Ida,8,8.89,"Araújo Pena, Araújos, Club Municipal, Conselheiro Zenha, Felix da Cunha, Praça Saens Peña, Rego Lopes, Saens Peña Medical Center"
SN302,Volta,90,415,Ida,25,27.78,"Abelardo Chacrinha Barbosa, Agostinho, Alves de Brito, Araújo Pena, Araújos, Bispo, BRS 1,2,4,5,6,I: Sampaio Ferraz, BRS 1,2,4,5,I: Barão de Ubá, Club Municipal, Colégio Marista São José, Conselheiro Zenha, Felix da Cunha, Garibaldi, Henry Ford, Hospital São Francisco, Igreja Nossa Senhora da Conceição, Matoso, Medeiros Pássaro, Metrô Uruguai, Natalina, Praça Saens Peña, Rego Lopes, Saens Peña Medical Center, Santa Carolina, Vicente de Cabo Frio"
SN302,Volta,90,SN415,Ida,25,27.78,"Abelardo Chacrinha Barbosa, Agostinho, Alves de Brito, Araújo Pena, Araújos, Bispo, BRS 1,2,4,5,6,I: Sampaio Ferraz, BRS 1,2,4,5,I: Barão de Ubá, Club Municipal, Colégio Marista São José, Conselheiro Zenha, Felix da Cunha, Garibaldi, Henry Ford, Hospital São Francisco, Igreja Nossa Senhora da Conceição, Matoso, Medeiros Pássaro, Metrô Uruguai, Natalina, Praça Saens Peña, Rego Lopes, Saens Peña Medical Center, Santa Carolina, Vicente de Cabo Frio"
SN302,Volta,90,SN133,Volta,1,1.11,Metrô Estácio
SN302,Volta,90,SN133,Ida,4,4.44,"BRS 1,2,4,5,6,I: Sampaio Ferraz, Dinah de Queiroz :: Sentido Ponte / T. Gentileza / São Cristóvão, Metrô Estácio, Ulysses Guimarães"
SN302,Volta,90,426,Ida,21,23.33,"Abelardo Chacrinha Barbosa, Agostinho, Alves de Brito, Araújo Pena, Araújos, Club Municipal, Colégio Marista São José, Conselheiro Zenha, Felix da Cunha, Garibaldi, Henry Ford, Hospital São Francisco, Igreja Nossa Senhora da Conceição, Medeiros Pássaro, Metrô Uruguai, Natalina, Praça Saens Peña, Rego Lopes, Saens Peña Medical Center, Santa Carolina, Vicente de Cabo Frio"
SN302,Volta,90,426,Volta,2,2.22,"BRS 1,2,4,5,6,I: Sampaio Ferraz, Metrô Estácio"
SN302,Volta,90,432,Ida,6,6.67,"Araújo Pena, Bispo, BRS 1,2,4,5,6,I: Sampaio Ferraz, BRS 1,2,4,5,I: Barão de Ubá, Club Municipal, Matoso"
SN302,Volta,90,110,Volta,1,1.11,"BRS 1,2,4,5,6,I: Sampaio Ferraz"
SN302,Volta,90,112,Volta,1,1.11,"BRS 1,2,4,5,6,I: Sampaio Ferraz"
SN302,Volta,90,473,Volta,1,1.11,Dinah de Queiroz :: Sentido Ponte / T. Gentileza / São Cristóvão
SN302,Volta,90,603,Ida,8,8.89,"Abelardo Chacrinha Barbosa, Alves de Brito, Garibaldi, Henry Ford, Metrô Uruguai, Natalina, Praça Saens Peña, Vicente de Cabo Frio"
SN302,Volta,90,608,Ida,3,3.33,"Abelardo Chacrinha Barbosa, Henry Ford, Metrô Uruguai"
SN302,Volta,90,626,Volta,8,8.89,"Abelardo Chacrinha Barbosa, Alves de Brito, Garibaldi, Henry Ford, Metrô Uruguai, Natalina, Praça Saens Peña, Vicente de Cabo Frio"
SN302,Volta,90,448,Ida,8,8.89,"Agrícola, EDI José da Silva Araújo, Furnas, 1805, Gávea Pequena, José Botelho Souza, Mata Machado, Paróquia Nossa Sra. da Luz, Tijuaçu"
SN302,Volta,90,448,Volta,2,2.22,"Gávea Pequena, Paróquia Nossa Sra. da Luz"
SN302,Volta,90,433,Ida,6,6.67,"Araújo Pena, Bispo, BRS 1,2,4,5,6,I: Sampaio Ferraz, BRS 1,2,4,5,I: Barão de Ubá, Club Municipal, Matoso"
SN302,Volta,90,SPA550,Volta,7,7.78,"Condomínio Itanhanga Hills, Doutor Luiz Capriglione, Fonseca Costa, Passarela da Barra, Poeta Khalil Gibran, Praça do Aleijadinho, Praça Senador Melo Viera"
SN302,Volta,90,SP805,Ida,23,25.56,"Alfabarra II, Clube Riviera, Embaixador Egberto Mafra, Eugênio Lyra Neto, General Ivan Raposo, Hercílio Gonçalves, Jornalista Pierre Plancher, Marcelo Roberto, Padre Alfredo Gonzales, Peregrino Junior, Praça do Ó, Praia da Barra - Posto 2, Praia da Barra - Posto 3, Praia da Barra - Posto 4, Praia da Barra - Posto 5, Praia da Barra - Posto 6, Praia da Barra - Posto 6, Praia da Barra - Posto 7, Praia da Barra - Posto 8, Praia da Barra - Posto 8, Prudência do Amaral, Rodolfo de Campos, São Regulo"
SN302,Volta,90,645,Ida,45,50,"Abelardo Chacrinha Barbosa, Agostinho, Agrícola, Alves de Brito, Amado Nervo, CMS Nicola Albano, Colégio Marista São José, Condomínio Itanhanga Hills, Curva do Violão, Doutor Luiz Capriglione, EDI José da Silva Araújo, Ernani Agrícola, Escola Municipal Mário Faccini, Estrada Velha da Tijuca, Ferreira de Almeida, Fonseca Costa, Fontes Castelo, Furnas, Furnas, 1805, Furnas, 3800, Garibaldi, Gávea Pequena, Henry Ford, Hospital São Francisco, Igreja Nossa Senhora da Conceição, Jacamim, José Botelho Souza, Mata Machado, Medeiros Pássaro, Metrô Uruguai, Muçu, Natalina, Paróquia Nossa Sra. da Luz, Passarela da Barra, Poeta Khalil Gibran, Praça Afonso Viseu, Praça do Aleijadinho, Praça Saens Peña, Praça Senador Melo Viera, Raimundo Castro Maia, Santa Carolina, São Miguel, São Rafael, Tijuaçu, Vicente de Cabo Frio"
SN302,Volta,90,416,Volta,2,2.22,"BRS 1,2,4,5,6,I: Sampaio Ferraz, Metrô Estácio"
SN302,Volta,90,416,Ida,11,12.22,"Araújo Pena, Araújos, Bispo, BRS 1,2,4,5,I: Barão de Ubá, Club Municipal, Conselheiro Zenha, Felix da Cunha, Matoso, Praça Saens Peña, Rego Lopes, Saens Peña Medical Center"
SN302,Volta,90,552,Ida,23,25.56,"Alfabarra II, Clube Riviera, Embaixador Egberto Mafra, Eugênio Lyra Neto, General Ivan Raposo, Hercílio Gonçalves, Jornalista Pierre Plancher, Marcelo Roberto, Padre Alfredo Gonzales, Peregrino Junior, Praça do Ó, Praia da Barra - Posto 2, Praia da Barra - Posto 3, Praia da Barra - Posto 4, Praia da Barra - Posto 5, Praia da Barra - Posto 6, Praia da Barra - Posto 6, Praia da Barra - Posto 7, Praia da Barra - Posto 8, Praia da Barra - Posto 8, Prudência do Amaral, Rodolfo de Campos, São Regulo"
SN302,Volta,90,558,Volta,7,7.78,"Condomínio Itanhanga Hills, Doutor Luiz Capriglione, Fonseca Costa, Passarela da Barra, Poeta Khalil Gibran, Praça do Aleijadinho, Praça Senador Melo Viera"
SN302,Volta,90,SN433,Ida,6,6.67,"Araújo Pena, Bispo, BRS 1,2,4,5,6,I: Sampaio Ferraz, BRS 1,2,4,5,I: Barão de Ubá, Club Municipal, Matoso"
SN302,Volta,90,133,Volta,1,1.11,Metrô Estácio
SN302,Volta,90,133,Ida,4,4.44,"BRS 1,2,4,5,6,I: Sampaio Ferraz, Dinah de Queiroz :: Sentido Ponte / T. Gentileza / São Cristóvão, Metrô Estácio, Ulysses Guimarães"
SN302,Volta,90,301,Volta,59,65.56,"Abelardo Chacrinha Barbosa, Agostinho, Agrícola, Alves de Brito, Amado Nervo, Araújo Pena, Araújos, Bispo, BRS 1,2,4,5,6,I: Sampaio Ferraz, BRS 1,2,4,5,I: Barão de Ubá, Club Municipal, CMS Nicola Albano, Colégio Marista São José, Condomínio Itanhanga Hills, Conselheiro Zenha, Curva do Violão, Dinah de Queiroz :: Sentido Ponte / T. Gentileza / São Cristóvão, Doutor Luiz Capriglione, EDI José da Silva Araújo, Ernani Agrícola, Escola Municipal Mário Faccini, Estrada Velha da Tijuca, Felix da Cunha, Ferreira de Almeida, Fonseca Costa, Fontes Castelo, Furnas, Furnas, 1805, Furnas, 3800, Garibaldi, Gávea Pequena, Henry Ford, Hospital São Francisco, Igreja Nossa Senhora da Conceição, Jacamim, José Botelho Souza, Mata Machado, Matoso, Medeiros Pássaro, Metrô Estácio, Metrô Uruguai, Muçu, Natalina, Paróquia Nossa Sra. da Luz, Passarela da Barra, Poeta Khalil Gibran, Praça Afonso Viseu, Praça do Aleijadinho, Praça Saens Peña, Praça Senador Melo Viera, Raimundo Castro Maia, Rego Lopes, Saens Peña Medical Center, Santa Carolina, São Miguel, São Rafael, Tijuaçu, Ulysses Guimarães, Vicente de Cabo Frio"
SN302,Volta,90,606,Ida,4,4.44,"Abelardo Chacrinha Barbosa, Dinah de Queiroz :: Sentido Ponte / T. Gentileza / São Cristóvão, Henry Ford, Metrô Uruguai"
SN302,Volta,90,163,Volta,1,1.11,Dinah de Queiroz :: Sentido Ponte / T. Gentileza / São Cristóvão
SN302,Volta,90,161,Ida,1,1.11,Dinah de Queiroz :: Sentido Ponte / T. Gentileza / São Cristóvão
SN302,Volta,90,SN634,Volta,1,1.11,Dinah de Queiroz :: Sentido Ponte / T. Gentileza / São Cristóvão
SN302,Volta,90,SV112,Volta,1,1.11,Dinah de Queiroz :: Sentido Ponte / T. Gentileza / São Cristóvão
SN302,Volta,90,SN353,Ida,1,1.11,Dinah de Queiroz :: Sentido Ponte / T. Gentileza / São Cristóvão
SN302,Volta,90,353,Ida,1,1.11,Dinah de Queiroz :: Sentido Ponte / T. Gentileza / São Cristóvão
SN302,Volta,90,635,Volta,1,1.11,Dinah de Queiroz :: Sentido Ponte / T. Gentileza / São Cristóvão
SN302,Volta,90,SV863,Volta,6,6.67,"Condomínio Itanhanga Hills, Doutor Luiz Capriglione, Passarela da Barra, Poeta Khalil Gibran, Praça do Aleijadinho, Praça Senador Melo Viera"
SN302,Volta,90,SV624,Volta,1,1.11,Dinah de Queiroz :: Sentido Ponte / T. Gentileza / São Cristóvão
SN302,Volta,90,SP635,Volta,1,1.11,Dinah de Queiroz :: Sentido Ponte / T. Gentileza / São Cristóvão
607,Volta,79,636,Volta,34,43.04,"Açaré, Agostinho Menezes, Amaral, Araxá, Barão de São Francisco, Botucatu, BRS 1,6: Saens Peña II, BRS 2,4,5,6: Parque Recanto do Trovador, BRS 4,5,6: Conselheiro Jobim, BRS 4,5,6: Deputado Átila Nunes, BRS 4,5,6: Dona Romana, BRS 4,5,6: Eduardo Raboeira, BRS 4,5,6: Joaquim Távora, BRS 4,5,6: Vinte e Quatro de Maio, Cesário Machado, Colégio Nossa Senhora da Piedade, Doutor Bulhões, Duarte Teixeira, Escola Municipal Noel Rosa, Escola Municipal Sérvulo de Lima, Estação Cascadura :: Sul, Estação Quintino :: Sul, Estação Silva Freire :: Sul, Ferraz, Grajaú, Gustavo Riedel, João Barbalho, Ladislau Neto, Largo do Verdun, Lins de Vasconcelos, Nerval de Gouvêia, 279, Souto, Supermercados Guanabara - Andaraí, Tijolinho"
607,Volta,79,238,Volta,30,37.97,"Açaré, Agostinho Menezes, Agripino Grieco, Amaral, Araxá, Barão de São Francisco, Botucatu, BRS 1,2,4,5,6,I: Barão de Ubá, BRS 1,2,4,5,6,I: Domício da Gama, BRS 1,2,4,5,6,I: Matoso, BRS 1,2,4,6: Paulo de Frontin, BRS 2,4,5,6: Parque Recanto do Trovador, BRS 4,5,6: Conselheiro Jobim, BRS 4,5,6: Deputado Átila Nunes, BRS 4,5,6: Dona Romana, BRS 4,5,6: Eduardo Raboeira, BRS 4,5,6: Joaquim Távora, BRS 4,5,6: Vinte e Quatro de Maio, Centro Cultural João Nogueira - Imperator, Doutor Bulhões, Escola Municipal Noel Rosa, Estação Silva Freire :: Sul, Grajaú, Gustavo Riedel, Ladislau Neto, Largo do Verdun, Lins de Vasconcelos, Lopes da Cruz, Supermercados Guanabara - Andaraí, Tijolinho"
607,Volta,79,238,Ida,5,6.33,"Ana Leonídia, BRS 1,2,4,5,6,I: Sampaio Ferraz, Daniel Carneiro, Ladislau Neto, Ramiro Magalhães"
607,Volta,79,SN238,Ida,4,5.06,"Ana Leonídia, Daniel Carneiro, Ladislau Neto, Ramiro Magalhães"
607,Volta,79,SN238,Volta,28,35.44,"Açaré, Agostinho Menezes, Agripino Grieco, Amaral, Araxá, Barão de São Francisco, Botucatu, BRS 1,2,4,5,6,I: Barão de Ubá, BRS 2,4,5,6: Parque Recanto do Trovador, BRS 4,5,6: Conselheiro Jobim, BRS 4,5,6: Deputado Átila Nunes, BRS 4,5,6: Dona Romana, BRS 4,5,6: Eduardo Raboeira, BRS 4,5,6: Joaquim Távora, BRS 4,5,6: Vinte e Quatro de Maio, Centro Cultural João Nogueira - Imperator, Doutor Bulhões, Escola Municipal Noel Rosa, Estação Silva Freire :: Sul, Grajaú, Gustavo Riedel, Jerônimo de Lemos, Ladislau Neto, Largo do Verdun, Lins de Vasconcelos, Lopes da Cruz, Supermercados Guanabara - Andaraí, Tijolinho"
607,Volta,79,239,Ida,1,1.27,"BRS 1,2,4,5,6,I: Sampaio Ferraz"
607,Volta,79,239,Volta,21,26.58,"Agripino Grieco, Amaragi, Ana Leonídia, BRS 1,2,4,5,6,I: Barão de Ubá, BRS 1,2,4,5,6,I: Domício da Gama, BRS 1,2,4,5,6,I: Matoso, BRS 1,2,4,6: Paulo de Frontin, Caetano de Almeida, Camarista Méier, Centro Cultural João Nogueira - Imperator, Comendador Filips, Daniel Carneiro, Doutor Bulhões, Estação Olímpica de Engenho de Dentro, Estação Silva Freire :: Sul, Gustavo Riedel, José Veríssimo, Jurunas, Lins de Vasconcelos, Lopes da Cruz, Ramiro Magalhães"
607,Volta,79,247,Volta,11,13.92,"Agripino Grieco, Amaragi, Caetano de Almeida, Camarista Méier, Centro Cultural João Nogueira - Imperator, Comendador Filips, Estação Silva Freire :: Sul, José Veríssimo, Jurunas, Lins de Vasconcelos, Lopes da Cruz"
607,Volta,79,249,Volta,11,13.92,"Agripino Grieco, Amaragi, Caetano de Almeida, Camarista Méier, Centro Cultural João Nogueira - Imperator, Comendador Filips, Estação Silva Freire :: Sul, José Veríssimo, Jurunas, Lins de Vasconcelos, Lopes da Cruz"
607,Volta,79,232,Volta,6,7.59,"Açaré, BRS 2,4,5,6: Parque Recanto do Trovador, BRS 4,5,6: Deputado Átila Nunes, BRS 4,5,6: Dona Romana, BRS 4,5,6: Eduardo Raboeira, Escola Municipal Noel Rosa"
607,Volta,79,SN232,Volta,6,7.59,"Açaré, BRS 2,4,5,6: Parque Recanto do Trovador, BRS 4,5,6: Deputado Átila Nunes, BRS 4,5,6: Dona Romana, BRS 4,5,6: Eduardo Raboeira, Escola Municipal Noel Rosa"
607,Volta,79,455,Volta,2,2.53,"Estação Silva Freire :: Sul, Lins de Vasconcelos"
607,Volta,79,456,Volta,2,2.53,"Estação Silva Freire :: Sul, Lins de Vasconcelos"
607,Volta,79,457,Volta,2,2.53,"Estação Silva Freire :: Sul, Lins de Vasconcelos"
607,Volta,79,621,Volta,24,30.38,"Açaré, Agostinho Menezes, Amaral, Araxá, Barão de São Francisco, Botucatu, BRS 1,2,5,6,7,I: Carmela Dutra, BRS 1,2,5,6,7,I: Conselheiro Zenha, BRS 1,6: Saens Peña II, BRS 2,4,5,6: Parque Recanto do Trovador, BRS 4,5,6: Conselheiro Jobim, BRS 4,5,6: Deputado Átila Nunes, BRS 4,5,6: Dona Romana, BRS 4,5,6: Eduardo Raboeira, BRS 4,5,6: Joaquim Távora, BRS 4,5,6: Vinte e Quatro de Maio, Escola Municipal Noel Rosa, Estação Silva Freire :: Sul, Grajaú, Ladislau Neto, Largo do Verdun, Lins de Vasconcelos, Supermercados Guanabara - Andaraí, Tijolinho"
607,Volta,79,622,Ida,1,1.27,Ladislau Neto
607,Volta,79,625,Volta,11,13.92,"Açaré, BRS 2,4,5,6: Parque Recanto do Trovador, BRS 4,5,6: Conselheiro Jobim, BRS 4,5,6: Deputado Átila Nunes, BRS 4,5,6: Dona Romana, BRS 4,5,6: Eduardo Raboeira, BRS 4,5,6: Joaquim Távora, BRS 4,5,6: Vinte e Quatro de Maio, Escola Municipal Noel Rosa, Estação Silva Freire :: Sul, Lins de Vasconcelos"
607,Volta,79,627,Volta,2,2.53,"Estação Silva Freire :: Sul, Lins de Vasconcelos"
607,Volta,79,634,Ida,3,3.8,"BRS 1,2,4,5,6,I: Barão de Ubá, BRS 1,2,4,5,6,I: Domício da Gama, BRS 1,2,4,5,6,I: Matoso"
607,Volta,79,638,Volta,11,13.92,"Açaré, BRS 2,4,5,6: Parque Recanto do Trovador, BRS 4,5,6: Conselheiro Jobim, BRS 4,5,6: Deputado Átila Nunes, BRS 4,5,6: Dona Romana, BRS 4,5,6: Eduardo Raboeira, BRS 4,5,6: Joaquim Távora, BRS 4,5,6: Vinte e Quatro de Maio, Escola Municipal Noel Rosa, Estação Silva Freire :: Sul, Lins de Vasconcelos"
607,Volta,79,639,Volta,11,13.92,"Açaré, BRS 2,4,5,6: Parque Recanto do Trovador, BRS 4,5,6: Conselheiro Jobim, BRS 4,5,6: Deputado Átila Nunes, BRS 4,5,6: Dona Romana, BRS 4,5,6: Eduardo Raboeira, BRS 4,5,6: Joaquim Távora, BRS 4,5,6: Vinte e Quatro de Maio, Escola Municipal Noel Rosa, Estação Silva Freire :: Sul, Lins de Vasconcelos"
607,Volta,79,679,Ida,5,6.33,"Amaragi, Centro Cultural João Nogueira - Imperator, Comendador Filips, José Veríssimo, Lopes da Cruz"
607,Volta,79,685,Volta,19,24.05,"Amaragi, Ana Leonídia, Assis Carneiro, Caetano de Almeida, Camarista Méier, Centro Cultural João Nogueira - Imperator, Colégio Nossa Senhora da Piedade, Comendador Filips, Cruz e Sousa, Daniel Carneiro, Doutor Bulhões, Doutor Luiz Masson, Estação Olímpica de Engenho de Dentro, Gustavo Riedel, José Veríssimo, Jurunas, Lopes da Cruz, Ramiro Magalhães, Xavier dos Pássaros"
607,Volta,79,SVA685,Volta,19,24.05,"Amaragi, Ana Leonídia, Assis Carneiro, Caetano de Almeida, Camarista Méier, Centro Cultural João Nogueira - Imperator, Colégio Nossa Senhora da Piedade, Comendador Filips, Cruz e Sousa, Daniel Carneiro, Doutor Bulhões, Doutor Luiz Masson, Estação Olímpica de Engenho de Dentro, Gustavo Riedel, José Veríssimo, Jurunas, Lopes da Cruz, Ramiro Magalhães, Xavier dos Pássaros"
607,Volta,79,SVB685,Volta,19,24.05,"Amaragi, Ana Leonídia, Assis Carneiro, Caetano de Almeida, Camarista Méier, Centro Cultural João Nogueira - Imperator, Colégio Nossa Senhora da Piedade, Comendador Filips, Cruz e Sousa, Daniel Carneiro, Doutor Bulhões, Doutor Luiz Masson, Estação Olímpica de Engenho de Dentro, Gustavo Riedel, José Veríssimo, Jurunas, Lopes da Cruz, Ramiro Magalhães, Xavier dos Pássaros"
607,Volta,79,711,Volta,6,7.59,"BRS 1,2,4,5,6,I: Barão de Ubá, BRS 1,2,4,5,6,I: Domício da Gama, BRS 1,2,4,5,6,I: Matoso, BRS 1,2,4,5,6,I: Sampaio Ferraz, BRS 1,2,4,6: Paulo de Frontin, Metrô Estácio"
607,Volta,79,SN457,Volta,2,2.53,"Estação Silva Freire :: Sul, Lins de Vasconcelos"
607,Volta,79,SN639,Volta,11,13.92,"Açaré, BRS 2,4,5,6: Parque Recanto do Trovador, BRS 4,5,6: Conselheiro Jobim, BRS 4,5,6: Deputado Átila Nunes, BRS 4,5,6: Dona Romana, BRS 4,5,6: Eduardo Raboeira, BRS 4,5,6: Joaquim Távora, BRS 4,5,6: Vinte e Quatro de Maio, Escola Municipal Noel Rosa, Estação Silva Freire :: Sul, Lins de Vasconcelos"
607,Volta,79,SV606,Volta,41,51.9,"Abelardo Chacrinha Barbosa, Açaré, Agostinho Menezes, Agripino Grieco, Amaragi, Amaral, Ana Leonídia, Araxá, Barão de São Francisco, Botucatu, BRS 1,6: Saens Peña II, BRS 2,4,5,6: Parque Recanto do Trovador, BRS 4,5,6: Conselheiro Jobim, BRS 4,5,6: Deputado Átila Nunes, BRS 4,5,6: Dona Romana, BRS 4,5,6: Eduardo Raboeira, BRS 4,5,6: Joaquim Távora, BRS 4,5,6: Vinte e Quatro de Maio, Caetano de Almeida, Camarista Méier, Centro Cultural João Nogueira - Imperator, Comendador Filips, Conde de Itaguaí, Daniel Carneiro, Doutor Aníbal Moreira, Escola Municipal Noel Rosa, Estação Silva Freire :: Sul, Grajaú, Jerônimo de Lemos, José Higino, José Veríssimo, Jurunas, Ladislau Neto, Largo do Verdun, Lins de Vasconcelos, Lopes da Cruz, Maracanã, Maria Amália, Ramiro Magalhães, Supermercados Guanabara - Andaraí, Tijolinho"
607,Volta,79,363,Volta,22,27.85,"Agripino Grieco, Amaragi, Ana Leonídia, Assis Carneiro, Caetano de Almeida, Camarista Méier, Centro Cultural João Nogueira - Imperator, Colégio Nossa Senhora da Piedade, Comendador Filips, Cruz e Sousa, Daniel Carneiro, Doutor Bulhões, Doutor Luiz Masson, Estação Olímpica de Engenho de Dentro, Estação Silva Freire :: Sul, Gustavo Riedel, José Veríssimo, Jurunas, Lins de Vasconcelos, Lopes da Cruz, Ramiro Magalhães, Xavier dos Pássaros"
607,Volta,79,SV363,Volta,9,11.39,"Assis Carneiro, Colégio Nossa Senhora da Piedade, Cruz e Sousa, Doutor Bulhões, Doutor Luiz Masson, Estação Silva Freire :: Sul, Gustavo Riedel, Lins de Vasconcelos, Xavier dos Pássaros"
607,Volta,79,SN363,Volta,22,27.85,"Agripino Grieco, Amaragi, Ana Leonídia, Assis Carneiro, Caetano de Almeida, Camarista Méier, Centro Cultural João Nogueira - Imperator, Colégio Nossa Senhora da Piedade, Comendador Filips, Cruz e Sousa, Daniel Carneiro, Doutor Bulhões, Doutor Luiz Masson, Estação Olímpica de Engenho de Dentro, Estação Silva Freire :: Sul, Gustavo Riedel, José Veríssimo, Jurunas, Lins de Vasconcelos, Lopes da Cruz, Ramiro Magalhães, Xavier dos Pássaros"
607,Volta,79,SN302,Ida,9,11.39,"BRS 1,2,4,5,6,I: Barão de Ubá, BRS 1,2,4,5,6,I: Domício da Gama, BRS 1,2,4,5,6,I: Matoso, BRS 1,2,5,6,7,I: Carmela Dutra, BRS 1,2,5,6,7,I: Conselheiro Zenha, BRS 1,2,5,6,I: Afonso Pena, BRS 1,2,5,6,I: Professor Gabizo, BRS 1,2,5,6,I: São Francisco Xavier, Conde de Itaguaí"
607,Volta,79,SN302,Volta,2,2.53,"BRS 1,2,4,5,6,I: Sampaio Ferraz, Metrô Estácio"
607,Volta,79,601,Volta,19,24.05,"Abelardo Chacrinha Barbosa, Agostinho Menezes, Amaral, Araxá, Barão de São Francisco, Botucatu, BRS 1,2,5,6,7,I: Carmela Dutra, BRS 1,2,5,6,7,I: Conselheiro Zenha, Conde de Itaguaí, Doutor Aníbal Moreira, Grajaú, Jerônimo de Lemos, José Higino, Ladislau Neto, Largo do Verdun, Maracanã, Maria Amália, Supermercados Guanabara - Andaraí, Tijolinho"
607,Volta,79,691,Ida,14,17.72,"Amaragi, Ana Leonídia, Caetano de Almeida, Camarista Méier, Centro Cultural João Nogueira - Imperator, Comendador Filips, Daniel Carneiro, Doutor Bulhões, Estação Olímpica de Engenho de Dentro, Gustavo Riedel, José Veríssimo, Jurunas, Lopes da Cruz, Ramiro Magalhães"
607,Volta,79,302,Ida,9,11.39,"BRS 1,2,4,5,6,I: Barão de Ubá, BRS 1,2,4,5,6,I: Domício da Gama, BRS 1,2,4,5,6,I: Matoso, BRS 1,2,5,6,7,I: Carmela Dutra, BRS 1,2,5,6,7,I: Conselheiro Zenha, BRS 1,2,5,6,I: Afonso Pena, BRS 1,2,5,6,I: Professor Gabizo, BRS 1,2,5,6,I: São Francisco Xavier, Conde de Itaguaí"
607,Volta,79,302,Volta,2,2.53,"BRS 1,2,4,5,6,I: Sampaio Ferraz, Metrô Estácio"
607,Volta,79,SN636,Volta,35,44.3,"Açaré, Agostinho Menezes, Amaral, Araxá, Barão de São Francisco, Botucatu, BRS 1,6: Saens Peña II, BRS 2,4,5,6: Parque Recanto do Trovador, BRS 4,5,6: Conselheiro Jobim, BRS 4,5,6: Deputado Átila Nunes, BRS 4,5,6: Dona Romana, BRS 4,5,6: Eduardo Raboeira, BRS 4,5,6: Joaquim Távora, BRS 4,5,6: Vinte e Quatro de Maio, Cesário Machado, Colégio Nossa Senhora da Piedade, Doutor Bulhões, Duarte Teixeira, Escola Municipal Noel Rosa, Escola Municipal Sérvulo de Lima, Estação Cascadura :: Sul, Estação Quintino :: Sul, Estação Silva Freire :: Sul, Ferraz, Grajaú, Gustavo Riedel, Jerônimo de Lemos, João Barbalho, Ladislau Neto, Largo do Verdun, Lins de Vasconcelos, Nerval de Gouvêia, 279, Souto, Supermercados Guanabara - Andaraí, Tijolinho"
607,Volta,79,693,Ida,14,17.72,"Amaragi, Ana Leonídia, Caetano de Almeida, Camarista Méier, Centro Cultural João Nogueira - Imperator, Comendador Filips, Daniel Carneiro, Doutor Bulhões, Estação Olímpica de Engenho de Dentro, Gustavo Riedel, José Veríssimo, Jurunas, Lopes da Cruz, Ramiro Magalhães"
607,Volta,79,652,Ida,16,20.25,"Amaragi, Ana Leonídia, Assis Carneiro, Caetano de Almeida, Camarista Méier, Centro Cultural João Nogueira - Imperator, Comendador Filips, Daniel Carneiro, Doutor Bulhões, Doutor Luiz Masson, Estação Olímpica de Engenho de Dentro, Gustavo Riedel, José Veríssimo, Jurunas, Lopes da Cruz, Ramiro Magalhães"
607,Volta,79,383,Volta,9,11.39,"Assis Carneiro, Colégio Nossa Senhora da Piedade, Cruz e Sousa, Doutor Bulhões, Doutor Luiz Masson, Estação Silva Freire :: Sul, Gustavo Riedel, Lins de Vasconcelos, Xavier dos Pássaros"
607,Volta,79,201,Volta,1,1.27,Sampaio Viana
607,Volta,79,202,Volta,1,1.27,Sampaio Viana
607,Volta,79,217,Volta,13,16.46,"Abelardo Chacrinha Barbosa, Agostinho Menezes, Amaral, Barão de São Francisco, BRS 1,6: Saens Peña II, Conde de Itaguaí, Doutor Aníbal Moreira, José Higino, Ladislau Neto, Maracanã, Maria Amália, Supermercados Guanabara - Andaraí, Tijolinho"
607,Volta,79,220,Ida,1,1.27,"BRS 1,2,4,5,6,I: Sampaio Ferraz"
607,Volta,79,220,Volta,9,11.39,"BRS 1,2,4,5,6,I: Barão de Ubá, BRS 1,2,4,5,6,I: Domício da Gama, BRS 1,2,4,5,6,I: Matoso, BRS 1,2,5,6,7,I: Carmela Dutra, BRS 1,2,5,6,7,I: Conselheiro Zenha, BRS 1,2,5,6,I: Afonso Pena, BRS 1,2,5,6,I: Professor Gabizo, BRS 1,2,5,6,I: São Francisco Xavier, Conde de Itaguaí"
607,Volta,79,229,Ida,1,1.27,"BRS 1,2,4,5,6,I: Sampaio Ferraz"
607,Volta,79,229,Volta,10,12.66,"BRS 1,2,4,5,6,I: Barão de Ubá, BRS 1,2,4,5,6,I: Domício da Gama, BRS 1,2,4,5,6,I: Matoso, BRS 1,2,4,6: Paulo de Frontin, BRS 1,2,5,6,7,I: Carmela Dutra, BRS 1,2,5,6,7,I: Conselheiro Zenha, BRS 1,2,5,6,I: Afonso Pena, BRS 1,2,5,6,I: Professor Gabizo, BRS 1,2,5,6,I: São Francisco Xavier, Conde de Itaguaí"
607,Volta,79,409,Ida,1,1.27,"BRS 1,2,4,5,6,I: Sampaio Ferraz"
607,Volta,79,409,Volta,9,11.39,"BRS 1,2,4,5,6,I: Barão de Ubá, BRS 1,2,4,5,6,I: Domício da Gama, BRS 1,2,4,5,6,I: Matoso, BRS 1,2,4,6: Paulo de Frontin, BRS 1,2,5,6,7,I: Carmela Dutra, BRS 1,2,5,6,7,I: Conselheiro Zenha, BRS 1,2,5,6,I: Afonso Pena, BRS 1,2,5,6,I: Professor Gabizo, BRS 1,2,5,6,I: São Francisco Xavier"
607,Volta,79,410,Volta,4,5.06,"BRS 1,2,5,6,7,I: Carmela Dutra, BRS 1,2,5,6,7,I: Conselheiro Zenha, BRS 1,2,5,6,I: Professor Gabizo, BRS 1,2,5,6,I: São Francisco Xavier"
607,Volta,79,415,Ida,1,1.27,"BRS 1,2,4,5,6,I: Sampaio Ferraz"
607,Volta,79,415,Volta,9,11.39,"BRS 1,2,4,5,6,I: Barão de Ubá, BRS 1,2,4,5,6,I: Domício da Gama, BRS 1,2,4,5,6,I: Matoso, BRS 1,2,5,6,7,I: Carmela Dutra, BRS 1,2,5,6,7,I: Conselheiro Zenha, BRS 1,2,5,6,I: Afonso Pena, BRS 1,2,5,6,I: Professor Gabizo, BRS 1,2,5,6,I: São Francisco Xavier, Conde de Itaguaí"
607,Volta,79,SN415,Volta,9,11.39,"BRS 1,2,4,5,6,I: Barão de Ubá, BRS 1,2,4,5,6,I: Domício da Gama, BRS 1,2,4,5,6,I: Matoso, BRS 1,2,5,6,7,I: Carmela Dutra, BRS 1,2,5,6,7,I: Conselheiro Zenha, BRS 1,2,5,6,I: Afonso Pena, BRS 1,2,5,6,I: Professor Gabizo, BRS 1,2,5,6,I: São Francisco Xavier, Conde de Itaguaí"
607,Volta,79,SN415,Ida,1,1.27,"BRS 1,2,4,5,6,I: Sampaio Ferraz"
607,Volta,79,422,Volta,12,15.19,"Açaré, Barão de São Francisco, Botucatu, BRS 2,4,5,6: Parque Recanto do Trovador, BRS 4,5,6: Deputado Átila Nunes, BRS 4,5,6: Dona Romana, BRS 4,5,6: Eduardo Raboeira, Escola Municipal Noel Rosa, Jerônimo de Lemos, Largo do Verdun, Supermercados Guanabara - Andaraí, Tijolinho"
607,Volta,79,SN422,Volta,12,15.19,"Açaré, Barão de São Francisco, Botucatu, BRS 2,4,5,6: Parque Recanto do Trovador, BRS 4,5,6: Deputado Átila Nunes, BRS 4,5,6: Dona Romana, BRS 4,5,6: Eduardo Raboeira, Escola Municipal Noel Rosa, Jerônimo de Lemos, Largo do Verdun, Supermercados Guanabara - Andaraí, Tijolinho"
607,Volta,79,SN133,Volta,1,1.27,Metrô Estácio
607,Volta,79,SN133,Ida,2,2.53,"BRS 1,2,4,5,6,I: Sampaio Ferraz, Metrô Estácio"
607,Volta,79,426,Volta,12,15.19,"BRS 1,2,4,5,6,I: Barão de Ubá, BRS 1,2,4,5,6,I: Domício da Gama, BRS 1,2,4,5,6,I: Matoso, BRS 1,2,4,5,6,I: Sampaio Ferraz, BRS 1,2,4,6: Paulo de Frontin, BRS 1,2,5,6,7,I: Carmela Dutra, BRS 1,2,5,6,7,I: Conselheiro Zenha, BRS 1,2,5,6,I: Afonso Pena, BRS 1,2,5,6,I: Professor Gabizo, BRS 1,2,5,6,I: São Francisco Xavier, Conde de Itaguaí, Metrô Estácio"
607,Volta,79,432,Ida,1,1.27,"BRS 1,2,4,5,6,I: Sampaio Ferraz"
607,Volta,79,432,Volta,5,6.33,"BRS 1,2,4,5,6,I: Barão de Ubá, BRS 1,2,4,5,6,I: Domício da Gama, BRS 1,2,4,5,6,I: Matoso, BRS 1,2,4,6: Paulo de Frontin, BRS 1,2,5,6,I: Afonso Pena"
607,Volta,79,435,Ida,1,1.27,Araxá
607,Volta,79,439,Volta,4,5.06,"Barão de Itapagipe, Batista das Neves, Condessa Paulo de Frontin, Sampaio Viana"
607,Volta,79,110,Ida,1,1.27,"BRS 1,2,4,6: Paulo de Frontin"
607,Volta,79,110,Volta,5,6.33,"Barão de Itapagipe, Batista das Neves, BRS 1,2,4,5,6,I: Sampaio Ferraz, Condessa Paulo de Frontin, Sampaio Viana"
607,Volta,79,112,Volta,5,6.33,"Barão de Itapagipe, Batista das Neves, BRS 1,2,4,5,6,I: Sampaio Ferraz, Condessa Paulo de Frontin, Sampaio Viana"
607,Volta,79,473,Volta,4,5.06,"Barão de Itapagipe, Batista das Neves, Condessa Paulo de Frontin, Sampaio Viana"
607,Volta,79,603,Volta,2,2.53,"BRS 1,6: Saens Peña II, Conde de Itaguaí"
607,Volta,79,608,Volta,17,21.52,"Abelardo Chacrinha Barbosa, Agostinho Menezes, Amaral, Araxá, Barão de São Francisco, Botucatu, BRS 1,6: Saens Peña II, Conde de Itaguaí, Doutor Aníbal Moreira, Grajaú, José Higino, Ladislau Neto, Largo do Verdun, Maracanã, Maria Amália, Supermercados Guanabara - Andaraí, Tijolinho"
607,Volta,79,626,Ida,9,11.39,"Abelardo Chacrinha Barbosa, Agostinho Menezes, Amaral, BRS 1,6: Saens Peña II, Conde de Itaguaí, Doutor Aníbal Moreira, José Higino, Maracanã, Maria Amália"
607,Volta,79,433,Ida,1,1.27,"BRS 1,2,4,5,6,I: Sampaio Ferraz"
607,Volta,79,433,Volta,5,6.33,"BRS 1,2,4,5,6,I: Barão de Ubá, BRS 1,2,4,5,6,I: Domício da Gama, BRS 1,2,4,5,6,I: Matoso, BRS 1,2,4,6: Paulo de Frontin, BRS 1,2,5,6,I: Afonso Pena"
607,Volta,79,605,Volta,3,3.8,"BRS 1,2,5,6,7,I: Carmela Dutra, BRS 1,2,5,6,7,I: Conselheiro Zenha, BRS 1,6: Saens Peña II"
607,Volta,79,645,Volta,1,1.27,Conde de Itaguaí
607,Volta,79,416,Volta,15,18.99,"Barão de Itapagipe, Batista das Neves, BRS 1,2,4,5,6,I: Barão de Ubá, BRS 1,2,4,5,6,I: Domício da Gama, BRS 1,2,4,5,6,I: Matoso, BRS 1,2,4,5,6,I: Sampaio Ferraz, BRS 1,2,4,6: Paulo de Frontin, BRS 1,2,5,6,7,I: Carmela Dutra, BRS 1,2,5,6,7,I: Conselheiro Zenha, BRS 1,2,5,6,I: Afonso Pena, BRS 1,2,5,6,I: Professor Gabizo, BRS 1,2,5,6,I: São Francisco Xavier, Condessa Paulo de Frontin, Metrô Estácio, Sampaio Viana"
607,Volta,79,SN433,Ida,1,1.27,"BRS 1,2,4,5,6,I: Sampaio Ferraz"
607,Volta,79,SN433,Volta,5,6.33,"BRS 1,2,4,5,6,I: Barão de Ubá, BRS 1,2,4,5,6,I: Domício da Gama, BRS 1,2,4,5,6,I: Matoso, BRS 1,2,4,6: Paulo de Frontin, BRS 1,2,5,6,I: Afonso Pena"
607,Volta,79,133,Volta,2,2.53,"BRS 1,2,4,6: Paulo de Frontin, Metrô Estácio"
607,Volta,79,133,Ida,2,2.53,"BRS 1,2,4,5,6,I: Sampaio Ferraz, Metrô Estácio"
607,Volta,79,301,Ida,9,11.39,"BRS 1,2,4,5,6,I: Barão de Ubá, BRS 1,2,4,5,6,I: Domício da Gama, BRS 1,2,4,5,6,I: Matoso, BRS 1,2,5,6,7,I: Carmela Dutra, BRS 1,2,5,6,7,I: Conselheiro Zenha, BRS 1,2,5,6,I: Afonso Pena, BRS 1,2,5,6,I: Professor Gabizo, BRS 1,2,5,6,I: São Francisco Xavier, Conde de Itaguaí"
607,Volta,79,301,Volta,2,2.53,"BRS 1,2,4,5,6,I: Sampaio Ferraz, Metrô Estácio"
607,Volta,79,SV391,Volta,9,11.39,"Assis Carneiro, Colégio Nossa Senhora da Piedade, Cruz e Sousa, Doutor Bulhões, Doutor Luiz Masson, Estação Silva Freire :: Sul, Gustavo Riedel, Lins de Vasconcelos, Xavier dos Pássaros"
607,Volta,79,653,Volta,33,41.77,"Agripino Grieco, Amaragi, Ana Leonídia, Assis Carneiro, Caetano de Almeida, Caldas Barbosa, Camarista Méier, Centro Cultural João Nogueira - Imperator, Cesário Machado, Clarimundo de Melo, Colégio Nossa Senhora da Piedade, Comendador Filips, Cruz e Sousa, Daniel Carneiro, Doutor Bulhões, Doutor Luiz Masson, Duarte Teixeira, Escola Municipal Sérvulo de Lima, Estação Cascadura :: Sul, Estação Olímpica de Engenho de Dentro, Estação Quintino :: Sul, Ferraz, Freitas Madureira, Gustavo Riedel, João Barbalho, José Veríssimo, Jurunas, Lopes da Cruz, Manoel Vitorino, Nerval de Gouvêia, 279, Ramiro Magalhães, Souto, Xavier dos Pássaros"
607,Volta,79,653,Ida,1,1.27,Agripino Grieco
607,Volta,79,606,Volta,41,51.9,"Abelardo Chacrinha Barbosa, Açaré, Agostinho Menezes, Agripino Grieco, Amaragi, Amaral, Ana Leonídia, Araxá, Barão de São Francisco, Botucatu, BRS 1,6: Saens Peña II, BRS 2,4,5,6: Parque Recanto do Trovador, BRS 4,5,6: Conselheiro Jobim, BRS 4,5,6: Deputado Átila Nunes, BRS 4,5,6: Dona Romana, BRS 4,5,6: Eduardo Raboeira, BRS 4,5,6: Joaquim Távora, BRS 4,5,6: Vinte e Quatro de Maio, Caetano de Almeida, Camarista Méier, Centro Cultural João Nogueira - Imperator, Comendador Filips, Conde de Itaguaí, Daniel Carneiro, Doutor Aníbal Moreira, Escola Municipal Noel Rosa, Estação Silva Freire :: Sul, Grajaú, Jerônimo de Lemos, José Higino, José Veríssimo, Jurunas, Ladislau Neto, Largo do Verdun, Lins de Vasconcelos, Lopes da Cruz, Maracanã, Maria Amália, Ramiro Magalhães, Supermercados Guanabara - Andaraí, Tijolinho"
607,Volta,79,SN685,Volta,19,24.05,"Amaragi, Ana Leonídia, Assis Carneiro, Caetano de Almeida, Camarista Méier, Centro Cultural João Nogueira - Imperator, Colégio Nossa Senhora da Piedade, Comendador Filips, Cruz e Sousa, Daniel Carneiro, Doutor Bulhões, Doutor Luiz Masson, Estação Olímpica de Engenho de Dentro, Gustavo Riedel, José Veríssimo, Jurunas, Lopes da Cruz, Ramiro Magalhães, Xavier dos Pássaros"
607,Volta,79,SN634,Ida,3,3.8,"BRS 1,2,4,5,6,I: Barão de Ubá, BRS 1,2,4,5,6,I: Domício da Gama, BRS 1,2,4,5,6,I: Matoso"
607,Volta,79,SN353,Volta,18,22.78,"Açaré, Assis Carneiro, BRS 2,4,5,6: Parque Recanto do Trovador, BRS 4,5,6: Conselheiro Jobim, BRS 4,5,6: Deputado Átila Nunes, BRS 4,5,6: Dona Romana, BRS 4,5,6: Eduardo Raboeira, BRS 4,5,6: Joaquim Távora, BRS 4,5,6: Vinte e Quatro de Maio, Colégio Nossa Senhora da Piedade, Cruz e Sousa, Doutor Bulhões, Doutor Luiz Masson, Escola Municipal Noel Rosa, Estação Silva Freire :: Sul, Gustavo Riedel, Lins de Vasconcelos, Xavier dos Pássaros"
607,Volta,79,353,Volta,18,22.78,"Açaré, Assis Carneiro, BRS 2,4,5,6: Parque Recanto do Trovador, BRS 4,5,6: Conselheiro Jobim, BRS 4,5,6: Deputado Átila Nunes, BRS 4,5,6: Dona Romana, BRS 4,5,6: Eduardo Raboeira, BRS 4,5,6: Joaquim Távora, BRS 4,5,6: Vinte e Quatro de Maio, Colégio Nossa Senhora da Piedade, Cruz e Sousa, Doutor Bulhões, Doutor Luiz Masson, Escola Municipal Noel Rosa, Estação Silva Freire :: Sul, Gustavo Riedel, Lins de Vasconcelos, Xavier dos Pássaros"
607,Volta,79,635,Ida,3,3.8,"BRS 1,2,4,5,6,I: Barão de Ubá, BRS 1,2,4,5,6,I: Domício da Gama, BRS 1,2,4,5,6,I: Matoso"
607,Volta,79,SP635,Ida,2,2.53,"BRS 1,2,4,5,6,I: Barão de Ubá, BRS 1,2,4,5,6,I: Domício da Gama"
607,Volta,79,SN383,Volta,9,11.39,"Assis Carneiro, Colégio Nossa Senhora da Piedade, Cruz e Sousa, Doutor Bulhões, Doutor Luiz Masson, Estação Silva Freire :: Sul, Gustavo Riedel, Lins de Vasconcelos, Xavier dos Pássaros"
607,Ida,75,636,Volta,1,1.33,General Roca
607,Ida,75,636,Ida,40,53.33,"Abatira, Abelardo Chacrinha Barbosa, Alfredo Reis, Amorim, Araripe Júnior, Barão do Bom Retiro, Barão do Bom Retiro, Borda do Mato, Botucatu, BRS 3,4,5,6: Joaquim Méier, BRS 3,4,5,6: Thompson Flores, Campinas, Carvalho Alvim, Cesário Machado, Clarimundo de Melo, Conde de Bonfim, Ernani Cardoso, Escola Municipal Noel Rosa, Escola Municipal Sérvulo de Lima, Fórum Regional de Madureira :: Sentido Padre Telêmaco, Freitas Madureira, Gastão Penalva, General Espírito Santo Cardoso, General Roca, Gomes Serpa, Gomes Serpa, Henry Ford, Iguaiba, Itabaiana, João Barbalho, Marechal Jofre, Metrô Uruguai, Metrô Uruguai, Paraná, Pedro de Calazans, Primo Teixeira, Souto, Uruguai, Vila Santo Antonio, Xavier dos Pássaros"
607,Ida,75,238,Volta,4,5.33,"Bernardo, Borja Reis, Instituto Municipal Nise da Silveira, Pernambuco"
607,Ida,75,238,Ida,22,29.33,"Abatira, Adolfo Bergimini, Araripe Júnior, Araújo Pena, Barão do Bom Retiro, Barão do Bom Retiro, Borda do Mato, Botucatu, BRS 3,4,5,6: Joaquim Méier, BRS 3,4,5,6: Thompson Flores, Campinas, Centro Cultural João Nogueira - Imperator, Club Municipal, Doutor Leal, Escola Municipal Noel Rosa, Gastão Penalva, Itabaiana, Joaquim Serra, Marechal Jofre, Miracema, Pedro de Calazans, Uruguai"
607,Ida,75,SN238,Ida,22,29.33,"Abatira, Adolfo Bergimini, Araripe Júnior, Araújo Pena, Barão do Bom Retiro, Barão do Bom Retiro, Borda do Mato, Botucatu, BRS 3,4,5,6: Joaquim Méier, BRS 3,4,5,6: Thompson Flores, Campinas, Centro Cultural João Nogueira - Imperator, Club Municipal, Doutor Leal, Escola Municipal Noel Rosa, Gastão Penalva, Itabaiana, Joaquim Serra, Marechal Jofre, Miracema, Pedro de Calazans, Uruguai"
607,Ida,75,SN238,Volta,4,5.33,"Bernardo, Borja Reis, Instituto Municipal Nise da Silveira, Pernambuco"
607,Ida,75,239,Ida,18,24,"Adolfo Bergimini, Araújo Pena, Barão de São Borja, BRS 3,4,5,6: Joaquim Méier, BRS 3,4,5,6: Maria Antônia, BRS 3,4,5,6: Padre Roma, BRS 3,4,5,6: Thompson Flores, Caetano de Almeida, Camarista Méier, Centro Cultural João Nogueira - Imperator, Club Municipal, Instituto Municipal Nise da Silveira, José Veríssimo, Jurunas, Miracema, Pernambuco, Primo Teixeira, Xavier dos Pássaros"
607,Ida,75,239,Volta,4,5.33,"Bernardo, Borja Reis, Instituto Municipal Nise da Silveira, Pernambuco"
607,Ida,75,247,Ida,10,13.33,"Barão de São Borja, BRS 3,4,5,6: Joaquim Méier, BRS 3,4,5,6: Maria Antônia, BRS 3,4,5,6: Padre Roma, BRS 3,4,5,6: Thompson Flores, Caetano de Almeida, Centro Cultural João Nogueira - Imperator, José Veríssimo, Jurunas, Miracema"
607,Ida,75,249,Ida,14,18.67,"Adolfo Bergimini, Barão de São Borja, BRS 3,4,5,6: Joaquim Méier, BRS 3,4,5,6: Maria Antônia, BRS 3,4,5,6: Padre Roma, BRS 3,4,5,6: Thompson Flores, Caetano de Almeida, Camarista Méier, Centro Cultural João Nogueira - Imperator, Doutor Leal, Joaquim Serra, José Veríssimo, Jurunas, Miracema"
607,Ida,75,249,Volta,1,1.33,Borja Reis
607,Ida,75,232,Ida,4,5.33,"Abatira, Barão do Bom Retiro, Escola Municipal Noel Rosa, Pedro de Calazans"
607,Ida,75,SN232,Ida,4,5.33,"Abatira, Barão do Bom Retiro, Escola Municipal Noel Rosa, Pedro de Calazans"
607,Ida,75,455,Ida,4,5.33,"BRS 3,4,5,6: Joaquim Méier, BRS 3,4,5,6: Maria Antônia, BRS 3,4,5,6: Padre Roma, BRS 3,4,5,6: Thompson Flores"
607,Ida,75,456,Ida,4,5.33,"BRS 3,4,5,6: Joaquim Méier, BRS 3,4,5,6: Maria Antônia, BRS 3,4,5,6: Padre Roma, BRS 3,4,5,6: Thompson Flores"
607,Ida,75,457,Ida,4,5.33,"BRS 3,4,5,6: Joaquim Méier, BRS 3,4,5,6: Maria Antônia, BRS 3,4,5,6: Padre Roma, BRS 3,4,5,6: Thompson Flores"
607,Ida,75,622,Ida,16,21.33,"Abatira, Araripe Júnior, Barão do Bom Retiro, Barão do Bom Retiro, Borda do Mato, Botucatu, Campinas, Escola Municipal Noel Rosa, Garagem Auto Viação Alpha, Gastão Penalva, Grão Pará, Itabaiana, Marechal Jofre, Pedro de Calazans, Uruguai, Verna Magalhães"
607,Ida,75,625,Ida,7,9.33,"Abatira, Barão do Bom Retiro, Escola Municipal Noel Rosa, Garagem Auto Viação Alpha, Grão Pará, Pedro de Calazans, Verna Magalhães"
607,Ida,75,627,Ida,4,5.33,"BRS 3,4,5,6: Joaquim Méier, BRS 3,4,5,6: Maria Antônia, BRS 3,4,5,6: Padre Roma, BRS 3,4,5,6: Thompson Flores"
607,Ida,75,634,Volta,1,1.33,General Roca
607,Ida,75,638,Ida,7,9.33,"Abatira, Barão do Bom Retiro, Escola Municipal Noel Rosa, Garagem Auto Viação Alpha, Grão Pará, Pedro de Calazans, Verna Magalhães"
607,Ida,75,638,Volta,1,1.33,General Roca
607,Ida,75,639,Ida,7,9.33,"Abatira, Barão do Bom Retiro, Escola Municipal Noel Rosa, Garagem Auto Viação Alpha, Grão Pará, Pedro de Calazans, Verna Magalhães"
607,Ida,75,679,Volta,4,5.33,"Barão de São Borja, Centro Cultural João Nogueira - Imperator, José Veríssimo, Miracema"
607,Ida,75,685,Ida,18,24,"Adolfo Bergimini, Amorim, Barão de São Borja, Caetano de Almeida, Camarista Méier, Centro Cultural João Nogueira - Imperator, Ernani Cardoso, Fórum Regional de Madureira :: Sentido Padre Telêmaco, Iguaiba, José Veríssimo, Jurunas, Maria Lopes, Miracema, Paraná, Primo Teixeira, Souto, Vila Santo Antonio, Xavier dos Pássaros"
607,Ida,75,SVA685,Ida,18,24,"Adolfo Bergimini, Amorim, Barão de São Borja, Caetano de Almeida, Camarista Méier, Centro Cultural João Nogueira - Imperator, Ernani Cardoso, Fórum Regional de Madureira :: Sentido Padre Telêmaco, Iguaiba, José Veríssimo, Jurunas, Maria Lopes, Miracema, Paraná, Primo Teixeira, Souto, Vila Santo Antonio, Xavier dos Pássaros"
607,Ida,75,SVB685,Ida,18,24,"Adolfo Bergimini, Amorim, Barão de São Borja, Caetano de Almeida, Camarista Méier, Centro Cultural João Nogueira - Imperator, Ernani Cardoso, Fórum Regional de Madureira :: Sentido Padre Telêmaco, Iguaiba, José Veríssimo, Jurunas, Maria Lopes, Miracema, Paraná, Primo Teixeira, Souto, Vila Santo Antonio, Xavier dos Pássaros"
607,Ida,75,711,Ida,5,6.67,"Araújo Pena, Casa de Portugal, Club Municipal, Conselheiro Barros, Haddock Lobo"
607,Ida,75,SN457,Ida,4,5.33,"BRS 3,4,5,6: Joaquim Méier, BRS 3,4,5,6: Maria Antônia, BRS 3,4,5,6: Padre Roma, BRS 3,4,5,6: Thompson Flores"
607,Ida,75,SN639,Ida,7,9.33,"Abatira, Barão do Bom Retiro, Escola Municipal Noel Rosa, Garagem Auto Viação Alpha, Grão Pará, Pedro de Calazans, Verna Magalhães"
607,Ida,75,SV606,Ida,30,40,"Abatira, Abelardo Chacrinha Barbosa, Adolfo Bergimini, Araripe Júnior, Barão de São Borja, Barão do Bom Retiro, Barão do Bom Retiro, Borda do Mato, Botucatu, BRS 3,4,5,6: Joaquim Méier, BRS 3,4,5,6: Thompson Flores, Camarista Méier, Campinas, Carvalho Alvim, Centro Cultural João Nogueira - Imperator, Conde de Bonfim, Escola Municipal Noel Rosa, Gastão Penalva, General Espírito Santo Cardoso, General Roca, Henry Ford, Itabaiana, José Veríssimo, Jurunas, Marechal Jofre, Metrô Uruguai, Metrô Uruguai, Miracema, Pedro de Calazans, Uruguai"
607,Ida,75,306,Ida,2,2.67,"Barão do Bom Retiro, Marechal Jofre"
607,Ida,75,341,Ida,2,2.67,"Barão do Bom Retiro, Marechal Jofre"
607,Ida,75,363,Ida,21,28,"Adolfo Bergimini, Amorim, Barão de São Borja, BRS 3,4,5,6: Joaquim Méier, BRS 3,4,5,6: Maria Antônia, BRS 3,4,5,6: Padre Roma, BRS 3,4,5,6: Thompson Flores, Caetano de Almeida, Camarista Méier, Centro Cultural João Nogueira - Imperator, Ernani Cardoso, Fórum Regional de Madureira :: Sentido Padre Telêmaco, Iguaiba, José Veríssimo, Jurunas, Miracema, Paraná, Primo Teixeira, Souto, Vila Santo Antonio, Xavier dos Pássaros"
607,Ida,75,SV363,Ida,13,17.33,"Amorim, BRS 3,4,5,6: Joaquim Méier, BRS 3,4,5,6: Maria Antônia, BRS 3,4,5,6: Padre Roma, BRS 3,4,5,6: Thompson Flores, Ernani Cardoso, Fórum Regional de Madureira :: Sentido Padre Telêmaco, Iguaiba, Paraná, Primo Teixeira, Souto, Vila Santo Antonio, Xavier dos Pássaros"
607,Ida,75,368,Ida,2,2.67,"Barão do Bom Retiro, Marechal Jofre"
607,Ida,75,SN363,Ida,21,28,"Adolfo Bergimini, Amorim, Barão de São Borja, BRS 3,4,5,6: Joaquim Méier, BRS 3,4,5,6: Maria Antônia, BRS 3,4,5,6: Padre Roma, BRS 3,4,5,6: Thompson Flores, Caetano de Almeida, Camarista Méier, Centro Cultural João Nogueira - Imperator, Ernani Cardoso, Fórum Regional de Madureira :: Sentido Padre Telêmaco, Iguaiba, José Veríssimo, Jurunas, Miracema, Paraná, Primo Teixeira, Souto, Vila Santo Antonio, Xavier dos Pássaros"
607,Ida,75,SN302,Volta,10,13.33,"Abelardo Chacrinha Barbosa, Araújo Pena, Araújos, Club Municipal, Conselheiro Zenha, Felix da Cunha, Henry Ford, Metrô Uruguai, Rego Lopes, Saens Peña Medical Center"
607,Ida,75,390,Ida,2,2.67,"Barão do Bom Retiro, Marechal Jofre"
607,Ida,75,600,Ida,2,2.67,"Barão do Bom Retiro, Marechal Jofre"
607,Ida,75,2111,Ida,2,2.67,"Barão do Bom Retiro, Marechal Jofre"
607,Ida,75,2110,Ida,2,2.67,"Barão do Bom Retiro, Marechal Jofre"
607,Ida,75,2114,Ida,2,2.67,"Barão do Bom Retiro, Marechal Jofre"
607,Ida,75,601,Ida,17,22.67,"Abelardo Chacrinha Barbosa, Araripe Júnior, Barão do Bom Retiro, Borda do Mato, Botucatu, Campinas, Carvalho Alvim, Conde de Bonfim, Gastão Penalva, General Espírito Santo Cardoso, General Roca, Henry Ford, Itabaiana, Marechal Jofre, Metrô Uruguai, Metrô Uruguai, Uruguai"
607,Ida,75,691,Volta,8,10.67,"Adolfo Bergimini, Barão de São Borja, Caetano de Almeida, Camarista Méier, Centro Cultural João Nogueira - Imperator, José Veríssimo, Jurunas, Miracema"
607,Ida,75,691,Ida,4,5.33,"Bernardo, Borja Reis, Instituto Municipal Nise da Silveira, Pernambuco"
607,Ida,75,302,Volta,10,13.33,"Abelardo Chacrinha Barbosa, Araújo Pena, Araújos, Club Municipal, Conselheiro Zenha, Felix da Cunha, Henry Ford, Metrô Uruguai, Rego Lopes, Saens Peña Medical Center"
607,Ida,75,SN636,Ida,40,53.33,"Abatira, Abelardo Chacrinha Barbosa, Alfredo Reis, Amorim, Araripe Júnior, Barão do Bom Retiro, Barão do Bom Retiro, Borda do Mato, Botucatu, BRS 3,4,5,6: Joaquim Méier, BRS 3,4,5,6: Thompson Flores, Campinas, Carvalho Alvim, Cesário Machado, Clarimundo de Melo, Conde de Bonfim, Ernani Cardoso, Escola Municipal Noel Rosa, Escola Municipal Sérvulo de Lima, Fórum Regional de Madureira :: Sentido Padre Telêmaco, Freitas Madureira, Gastão Penalva, General Espírito Santo Cardoso, General Roca, Gomes Serpa, Gomes Serpa, Henry Ford, Iguaiba, Itabaiana, João Barbalho, Marechal Jofre, Metrô Uruguai, Metrô Uruguai, Paraná, Pedro de Calazans, Primo Teixeira, Souto, Uruguai, Vila Santo Antonio, Xavier dos Pássaros"
607,Ida,75,SN636,Volta,1,1.33,General Roca
607,Ida,75,693,Volta,8,10.67,"Adolfo Bergimini, Barão de São Borja, Caetano de Almeida, Camarista Méier, Centro Cultural João Nogueira - Imperator, José Veríssimo, Jurunas, Miracema"
607,Ida,75,693,Ida,4,5.33,"Bernardo, Borja Reis, Instituto Municipal Nise da Silveira, Pernambuco"
607,Ida,75,652,Ida,4,5.33,"Bernardo, Borja Reis, Instituto Municipal Nise da Silveira, Pernambuco"
607,Ida,75,383,Ida,13,17.33,"Amorim, BRS 3,4,5,6: Joaquim Méier, BRS 3,4,5,6: Maria Antônia, BRS 3,4,5,6: Padre Roma, BRS 3,4,5,6: Thompson Flores, Ernani Cardoso, Fórum Regional de Madureira :: Sentido Padre Telêmaco, Iguaiba, Paraná, Primo Teixeira, Souto, Vila Santo Antonio, Xavier dos Pássaros"
607,Ida,75,SN794,Ida,1,1.33,Fórum Regional de Madureira :: Sentido Padre Telêmaco
607,Ida,75,201,Volta,1,1.33,Casa de Portugal
607,Ida,75,202,Ida,1,1.33,Casa de Portugal
607,Ida,75,217,Ida,9,12,"Abelardo Chacrinha Barbosa, Carvalho Alvim, Conde de Bonfim, General Espírito Santo Cardoso, General Roca, Henry Ford, Metrô Uruguai, Metrô Uruguai, Uruguai"
607,Ida,75,220,Ida,10,13.33,"Abelardo Chacrinha Barbosa, Araújo Pena, Araújos, Club Municipal, Conselheiro Zenha, Felix da Cunha, Henry Ford, Metrô Uruguai, Rego Lopes, Saens Peña Medical Center"
607,Ida,75,229,Ida,10,13.33,"Abelardo Chacrinha Barbosa, Araújo Pena, Araújos, Club Municipal, Conselheiro Zenha, Felix da Cunha, Henry Ford, Metrô Uruguai, Rego Lopes, Saens Peña Medical Center"
607,Ida,75,409,Ida,7,9.33,"Araújo Pena, Araújos, Club Municipal, Conselheiro Zenha, Felix da Cunha, Rego Lopes, Saens Peña Medical Center"
607,Ida,75,410,Volta,2,2.67,"Araújo Pena, Felix da Cunha"
607,Ida,75,410,Ida,10,13.33,"Araújo Pena, Araújos, Casa de Portugal, Club Municipal, Conselheiro Barros, Conselheiro Zenha, Felix da Cunha, Haddock Lobo, Rego Lopes, Saens Peña Medical Center"
607,Ida,75,415,Ida,10,13.33,"Abelardo Chacrinha Barbosa, Araújo Pena, Araújos, Club Municipal, Conselheiro Zenha, Felix da Cunha, Henry Ford, Metrô Uruguai, Rego Lopes, Saens Peña Medical Center"
607,Ida,75,SN415,Ida,10,13.33,"Abelardo Chacrinha Barbosa, Araújo Pena, Araújos, Club Municipal, Conselheiro Zenha, Felix da Cunha, Henry Ford, Metrô Uruguai, Rego Lopes, Saens Peña Medical Center"
607,Ida,75,422,Volta,1,1.33,Barão do Bom Retiro
607,Ida,75,422,Ida,8,10.67,"Abatira, Barão do Bom Retiro, Botucatu, Campinas, Escola Municipal Noel Rosa, Gastão Penalva, Grão Pará, Pedro de Calazans"
607,Ida,75,SN422,Volta,1,1.33,Barão do Bom Retiro
607,Ida,75,SN422,Ida,8,10.67,"Abatira, Barão do Bom Retiro, Botucatu, Campinas, Escola Municipal Noel Rosa, Gastão Penalva, Grão Pará, Pedro de Calazans"
607,Ida,75,SN133,Volta,2,2.67,"Casa de Portugal, Conselheiro Barros"
607,Ida,75,426,Ida,13,17.33,"Abelardo Chacrinha Barbosa, Araújo Pena, Araújos, Casa de Portugal, Club Municipal, Conselheiro Barros, Conselheiro Zenha, Felix da Cunha, Haddock Lobo, Henry Ford, Metrô Uruguai, Rego Lopes, Saens Peña Medical Center"
607,Ida,75,432,Ida,2,2.67,"Araújo Pena, Club Municipal"
607,Ida,75,435,Volta,1,1.33,Itabaiana
607,Ida,75,603,Ida,3,4,"Abelardo Chacrinha Barbosa, Henry Ford, Metrô Uruguai"
607,Ida,75,608,Ida,13,17.33,"Abelardo Chacrinha Barbosa, Araripe Júnior, Borda do Mato, Botucatu, Campinas, Carvalho Alvim, Conde de Bonfim, Gastão Penalva, General Espírito Santo Cardoso, Henry Ford, Metrô Uruguai, Metrô Uruguai, Uruguai"
607,Ida,75,626,Volta,3,4,"Abelardo Chacrinha Barbosa, Henry Ford, Metrô Uruguai"
607,Ida,75,626,Ida,2,2.67,"Carvalho Alvim, General Espírito Santo Cardoso"
607,Ida,75,433,Ida,2,2.67,"Araújo Pena, Club Municipal"
607,Ida,75,645,Ida,3,4,"Abelardo Chacrinha Barbosa, Henry Ford, Metrô Uruguai"
607,Ida,75,416,Ida,7,9.33,"Araújo Pena, Araújos, Club Municipal, Conselheiro Zenha, Felix da Cunha, Rego Lopes, Saens Peña Medical Center"
607,Ida,75,SN433,Ida,2,2.67,"Araújo Pena, Club Municipal"
607,Ida,75,SN368,Ida,2,2.67,"Barão do Bom Retiro, Marechal Jofre"
607,Ida,75,133,Volta,2,2.67,"Casa de Portugal, Conselheiro Barros"
607,Ida,75,301,Volta,10,13.33,"Abelardo Chacrinha Barbosa, Araújo Pena, Araújos, Club Municipal, Conselheiro Zenha, Felix da Cunha, Henry Ford, Metrô Uruguai, Rego Lopes, Saens Peña Medical Center"
607,Ida,75,SV391,Ida,13,17.33,"Amorim, BRS 3,4,5,6: Joaquim Méier, BRS 3,4,5,6: Maria Antônia, BRS 3,4,5,6: Padre Roma, BRS 3,4,5,6: Thompson Flores, Ernani Cardoso, Fórum Regional de Madureira :: Sentido Padre Telêmaco, Iguaiba, Paraná, Primo Teixeira, Souto, Vila Santo Antonio, Xavier dos Pássaros"
607,Ida,75,SN624,Ida,1,1.33,Fórum Regional de Madureira :: Sentido Padre Telêmaco
607,Ida,75,653,Ida,27,36,"Adolfo Bergimini, Alfredo Reis, Amorim, Barão de São Borja, Caetano de Almeida, Camarista Méier, Centro Cultural João Nogueira - Imperator, Cesário Machado, Clarimundo de Melo, Ernani Cardoso, Escola Municipal Sérvulo de Lima, Estação Quintino :: Sul, Fórum Regional de Madureira :: Sentido Padre Telêmaco, Franco Vaz, Freitas Madureira, Gomes Serpa, Gomes Serpa, Iguaiba, João Barbalho, José Veríssimo, Jurunas, Miracema, Paraná, Primo Teixeira, Souto, Vila Santo Antonio, Xavier dos Pássaros"
607,Ida,75,606,Ida,31,41.33,"Abatira, Abelardo Chacrinha Barbosa, Adolfo Bergimini, Araripe Júnior, Barão de São Borja, Barão do Bom Retiro, Barão do Bom Retiro, Borda do Mato, Botucatu, BRS 3,4,5,6: Joaquim Méier, BRS 3,4,5,6: Thompson Flores, Caetano de Almeida, Camarista Méier, Campinas, Carvalho Alvim, Centro Cultural João Nogueira - Imperator, Conde de Bonfim, Escola Municipal Noel Rosa, Gastão Penalva, General Espírito Santo Cardoso, General Roca, Henry Ford, Itabaiana, José Veríssimo, Jurunas, Marechal Jofre, Metrô Uruguai, Metrô Uruguai, Miracema, Pedro de Calazans, Uruguai"
607,Ida,75,SN600,Ida,2,2.67,"Barão do Bom Retiro, Marechal Jofre"
607,Ida,75,SN685,Ida,18,24,"Adolfo Bergimini, Amorim, Barão de São Borja, Caetano de Almeida, Camarista Méier, Centro Cultural João Nogueira - Imperator, Ernani Cardoso, Fórum Regional de Madureira :: Sentido Padre Telêmaco, Iguaiba, José Veríssimo, Jurunas, Maria Lopes, Miracema, Paraná, Primo Teixeira, Souto, Vila Santo Antonio, Xavier dos Pássaros"
607,Ida,75,SN634,Volta,1,1.33,General Roca
607,Ida,75,SN353,Ida,15,20,"Abatira, Amorim, Barão do Bom Retiro, BRS 3,4,5,6: Joaquim Méier, BRS 3,4,5,6: Thompson Flores, Ernani Cardoso, Escola Municipal Noel Rosa, Fórum Regional de Madureira :: Sentido Padre Telêmaco, Iguaiba, Paraná, Pedro de Calazans, Primo Teixeira, Souto, Vila Santo Antonio, Xavier dos Pássaros"
607,Ida,75,353,Ida,15,20,"Abatira, Amorim, Barão do Bom Retiro, BRS 3,4,5,6: Joaquim Méier, BRS 3,4,5,6: Thompson Flores, Ernani Cardoso, Escola Municipal Noel Rosa, Fórum Regional de Madureira :: Sentido Padre Telêmaco, Iguaiba, Paraná, Pedro de Calazans, Primo Teixeira, Souto, Vila Santo Antonio, Xavier dos Pássaros"
607,Ida,75,635,Volta,1,1.33,General Roca
607,Ida,75,651,Ida,15,20,"Adolfo Bergimini, Caetano de Almeida, Camarista Méier, Centro Cultural João Nogueira - Imperator, Doutor Leal, Ernani Cardoso, Fórum Regional de Madureira :: Sentido Padre Telêmaco, Iguaiba, Joaquim Serra, José Veríssimo, Jurunas, Maria Lopes, Miracema, Souto, Vila Santo Antonio"
607,Ida,75,SP635,Volta,1,1.33,General Roca
607,Ida,75,SN383,Ida,13,17.33,"Amorim, BRS 3,4,5,6: Joaquim Méier, BRS 3,4,5,6: Maria Antônia, BRS 3,4,5,6: Padre Roma, BRS 3,4,5,6: Thompson Flores, Ernani Cardoso, Fórum Regional de Madureira :: Sentido Padre Telêmaco, Iguaiba, Paraná, Primo Teixeira, Souto, Vila Santo Antonio, Xavier dos Pássaros"
810,Volta,70,636,Volta,2,2.86,"Bacairis, Terminal Bandeira Brasil (Taquara) :: Plat. Leste"
810,Volta,70,636,Ida,2,2.86,"Merck, Morais"
810,Volta,70,306,Ida,1,1.43,Bacairis
810,Volta,70,306,Volta,2,2.86,"Marechal José Beviláqua, Nelson Cardoso"
810,Volta,70,348,Ida,19,27.14,"Barra Bonita, Barra Grande, Catargo, Espigão, Estação Arroio Pavuna, Estação Recanto das Palmeiras, Igarapé-Açu, IV Centenário, Nossa Senhora da Saúde, Pedra Dourada, Pedra Negra, Pedro Calmon, Pedro Corrêa, Pitimbú, Praça do Bandolim, Roche, Salvador Allende, Santa Efigênia, Santa Maura"
810,Volta,70,368,Volta,1,1.43,Merck
810,Volta,70,368,Ida,19,27.14,"Barra Bonita, Barra Grande, Catargo, Espigão, Estação Arroio Pavuna, Estação Recanto das Palmeiras, Igarapé-Açu, IV Centenário, Nossa Senhora da Saúde, Pedra Dourada, Pedra Negra, Pedro Calmon, Pedro Corrêa, Pitimbú, Praça do Bandolim, Roche, Salvador Allende, Santa Efigênia, Santa Maura"
810,Volta,70,380,Ida,3,4.29,"Merck, Morais, Nacional"
810,Volta,70,380,Volta,2,2.86,"Marechal José Beviláqua, Nelson Cardoso"
810,Volta,70,390,Ida,3,4.29,"Merck, Morais, Nacional"
810,Volta,70,390,Volta,4,5.71,"Bacairis, Marechal José Beviláqua, Nelson Cardoso, Terminal Bandeira Brasil (Taquara) :: Plat. Leste"
810,Volta,70,600,Volta,5,7.14,"Marechal José Beviláqua, Merck, Morais, Nacional, Nelson Cardoso"
810,Volta,70,600,Ida,1,1.43,Terminal Bandeira Brasil (Taquara) :: Plat. Leste
810,Volta,70,2111,Ida,1,1.43,Bacairis
810,Volta,70,2111,Volta,2,2.86,"Marechal José Beviláqua, Nelson Cardoso"
810,Volta,70,610,Ida,2,2.86,"Marechal José Beviláqua, Nelson Cardoso"
810,Volta,70,610,Volta,1,1.43,Bacairis
810,Volta,70,611,Volta,2,2.86,"Merck, Morais"
810,Volta,70,611,Ida,12,17.14,"Barra Bonita, Barra Grande, Espigão, Igarapé-Açu, Nossa Senhora da Saúde, Pedra Dourada, Pedra Negra, Pedro Calmon, Pedro Corrêa, Pitimbú, Salvador Allende, Santa Maura"
810,Volta,70,613,Volta,1,1.43,Olof Palme
810,Volta,70,613,Ida,27,38.57,"Bela Floresta, Boulevard da Barra Olímpica, Célio Fernandes dos Santos, César Epitácio Maia, Condomínio Auá Grumari e Sernambetiba, Condomínio Parque Nobre, Condomínio Reserva da Praia, Cyro Aranha, Daniel Barreto dos Santos, Dumontina, Família Vilaça, Frei Tibúrcio, Jornalista Luiz Eduardo Lobo, Manhuaçu, Max Lameu Cavalcante, Mazaropi, Paulo José Mahfud, Pedro Afonso, Professor Santos Moreira, Rio Morto, Rosa Antunes, Sacarrão, Santa América, Santa Luzia, TV Record, Verde Mar, Wellington Jones Paiva"
810,Volta,70,691,Volta,2,2.86,"Merck, Morais"
810,Volta,70,691,Ida,4,5.71,"Bacairis, Marechal José Beviláqua, Nelson Cardoso, Terminal Bandeira Brasil (Taquara) :: Plat. Leste"
810,Volta,70,SP810,Ida,2,2.86,"Escola de Equitação Haras Pégasus, Terminal Bandeira Brasil (Taquara) :: Plat. Leste"
810,Volta,70,SP810,Volta,56,80,"Bacairis, Barra Bonita, Barra Grande, Bela Floresta, Boulevard da Barra Olímpica, Catargo, Célio Fernandes dos Santos, César Epitácio Maia, Condomínio Auá Grumari e Sernambetiba, Condomínio Parque Nobre, Condomínio Reserva da Praia, Cyro Aranha, Daniel Barreto dos Santos, Dumontina, Escola de Equitação Haras Pégasus, Espigão, Estação Arroio Pavuna, Estação Recanto das Palmeiras, Família Vilaça, Frei Tibúrcio, Igarapé-Açu, IV Centenário, Jornalista Luiz Eduardo Lobo, Manhuaçu, Marechal José Beviláqua, Max Lameu Cavalcante, Mazaropi, Merck, Morais, Nacional, Nelson Cardoso, Nossa Senhora da Saúde, Olof Palme, Pacuí, Paulo José Mahfud, Pedra Dourada, Pedra Negra, Pedro Afonso, Pedro Calmon, Pedro Corrêa, Pitimbú, Praça do Bandolim, Professor Santos Moreira, Rio Morto, Roche, Rosa Antunes, Sacarrão, Salvador Allende, Santa América, Santa Efigênia, Santa Luzia, Santa Maura, Terminal Bandeira Brasil (Taquara) :: Plat. Leste, TV Record, Verde Mar, Wellington Jones Paiva"
810,Volta,70,861,Volta,1,1.43,Terminal Bandeira Brasil (Taquara) :: Plat. Leste
810,Volta,70,861,Ida,3,4.29,"Bacairis, Merck, Morais"
810,Volta,70,SN636,Ida,2,2.86,"Merck, Morais"
810,Volta,70,SN636,Volta,2,2.86,"Bacairis, Terminal Bandeira Brasil (Taquara) :: Plat. Leste"
810,Volta,70,SN810,Ida,2,2.86,"Estação Pontal, Terminal Bandeira Brasil (Taquara) :: Plat. Leste"
810,Volta,70,SN810,Volta,60,85.71,"Bacairis, Bandeirantes, Bandeirantes, 25179, Bandeirantes, 25539, Barra Bonita, Barra Grande, Bela Floresta, Boulevard da Barra Olímpica, Célio Fernandes dos Santos, César Epitácio Maia, Comunidade Bandeirantes, Condomínio Auá Grumari e Sernambetiba, Condomínio Parque Nobre, Condomínio Reserva Atlântica, Condomínio Reserva da Praia, CT George Helal - Ninho do Urubu, Cyro Aranha, Daniel Barreto dos Santos, Dumontina, Escola de Equitação Haras Pégasus, Espigão, Estação Pontal, Família Vilaça, Fazendinha Rio, Frei Martinho, Frei Tibúrcio, Grota Funda, Haras Bandeirantes, Igarapé-Açu, Jornalista Luiz Eduardo Lobo, Manhuaçu, Mansão da Xuxa, Max Lameu Cavalcante, Mazaropi, Nacional, Nelson Cardoso, Nossa Senhora da Saúde, Nove de Julho, Olof Palme, Onze de Maio, Pacuí, Paulo José Mahfud, Pedra Dourada, Pedra Negra, Pedro Afonso, Pedro Calmon, Pedro Corrêa, Pitimbú, Professor Santos Moreira, Rio Morto, Rosa Antunes, Sacarrão, Salvador Allende, Santa América, Santa Luzia, Santa Maura, Terminal Bandeira Brasil (Taquara) :: Plat. Leste, TV Record, Verde Mar, Wellington Jones Paiva"
810,Volta,70,2803,Volta,1,1.43,Estação Pontal
810,Volta,70,900,Volta,6,8.57,"Bacairis, Marechal José Beviláqua, Merck, Morais, Nacional, Nelson Cardoso"
810,Volta,70,954,Ida,1,1.43,Terminal Bandeira Brasil (Taquara) :: Plat. Leste
810,Volta,70,954,Volta,37,52.86,"Bacairis, Barra Bonita, Barra Grande, Boulevard da Barra Olímpica, Catargo, Célio Fernandes dos Santos, César Epitácio Maia, Condomínio Parque Nobre, Espigão, Estação Arroio Pavuna, Estação Recanto das Palmeiras, Família Vilaça, Frei Tibúrcio, Igarapé-Açu, IV Centenário, Marechal José Beviláqua, Max Lameu Cavalcante, Mazaropi, Merck, Morais, Nacional, Nelson Cardoso, Nossa Senhora da Saúde, Olof Palme, Pedra Dourada, Pedra Negra, Pedro Calmon, Pedro Corrêa, Pitimbú, Praça do Bandolim, Professor Santos Moreira, Roche, Salvador Allende, Santa Efigênia, Santa Maura, Terminal Bandeira Brasil (Taquara) :: Plat. Leste, Verde Mar"
810,Volta,70,SN954,Ida,1,1.43,Terminal Bandeira Brasil (Taquara) :: Plat. Leste
810,Volta,70,SN954,Volta,36,51.43,"Bacairis, Barra Bonita, Barra Grande, Boulevard da Barra Olímpica, Catargo, Célio Fernandes dos Santos, César Epitácio Maia, Condomínio Parque Nobre, Espigão, Estação Arroio Pavuna, Estação Recanto das Palmeiras, Família Vilaça, Frei Tibúrcio, Igarapé-Açu, IV Centenário, Max Lameu Cavalcante, Mazaropi, Merck, Morais, Nacional, Nelson Cardoso, Nossa Senhora da Saúde, Olof Palme, Pedra Dourada, Pedra Negra, Pedro Calmon, Pedro Corrêa, Pitimbú, Praça do Bandolim, Professor Santos Moreira, Roche, Salvador Allende, Santa Efigênia, Santa Maura, Terminal Bandeira Brasil (Taquara) :: Plat. Leste, Verde Mar"
810,Volta,70,2334,Volta,1,1.43,Estação Pontal
810,Volta,70,2335,Volta,1,1.43,Estação Pontal
810,Volta,70,2337,Volta,1,1.43,Estação Pontal
810,Volta,70,2802,Volta,1,1.43,Estação Pontal
810,Volta,70,2804,Volta,1,1.43,Estação Pontal
810,Volta,70,801,Ida,1,1.43,Terminal Bandeira Brasil (Taquara) :: Plat. Leste
810,Volta,70,801,Volta,2,2.86,"Merck, Morais"
810,Volta,70,2338,Volta,1,1.43,Estação Pontal
810,Volta,70,SN803,Ida,1,1.43,Terminal Bandeira Brasil (Taquara) :: Plat. Leste
810,Volta,70,SN803,Volta,2,2.86,"Merck, Morais"
810,Volta,70,803,Ida,1,1.43,Terminal Bandeira Brasil (Taquara) :: Plat. Leste
810,Volta,70,803,Volta,2,2.86,"Merck, Morais"
810,Volta,70,SN554,Ida,33,47.14,"Bandeirantes, Bandeirantes, 25179, Bandeirantes, 25539, Bela Floresta, Comunidade Bandeirantes, Condomínio Auá Grumari e Sernambetiba, Condomínio Reserva Atlântica, Condomínio Reserva da Praia, CT George Helal - Ninho do Urubu, Cyro Aranha, Daniel Barreto dos Santos, Dumontina, Escola de Equitação Haras Pégasus, Estação Pontal, Fazendinha Rio, Frei Martinho, Grota Funda, Haras Bandeirantes, Jornalista Luiz Eduardo Lobo, Manhuaçu, Mansão da Xuxa, Nove de Julho, Onze de Maio, Pacuí, Paulo José Mahfud, Pedro Afonso, Rio Morto, Rosa Antunes, Sacarrão, Santa América, Santa Luzia, TV Record, Wellington Jones Paiva"
810,Volta,70,899,Volta,1,1.43,Estação Pontal
810,Volta,70,990,Volta,1,1.43,Merck
810,Volta,70,SV899,Volta,1,1.43,Estação Pontal
810,Volta,70,817,Volta,4,5.71,"Manhuaçu, Pedro Afonso, Sacarrão, Santa América"
810,Volta,70,817,Ida,2,2.86,"Estação Pontal, Rio Morto"
810,Volta,70,554,Ida,33,47.14,"Bandeirantes, Bandeirantes, 25179, Bandeirantes, 25539, Bela Floresta, Comunidade Bandeirantes, Condomínio Auá Grumari e Sernambetiba, Condomínio Reserva Atlântica, Condomínio Reserva da Praia, CT George Helal - Ninho do Urubu, Cyro Aranha, Daniel Barreto dos Santos, Dumontina, Escola de Equitação Haras Pégasus, Estação Pontal, Fazendinha Rio, Frei Martinho, Grota Funda, Haras Bandeirantes, Jornalista Luiz Eduardo Lobo, Manhuaçu, Mansão da Xuxa, Nove de Julho, Onze de Maio, Pacuí, Paulo José Mahfud, Pedro Afonso, Rio Morto, Rosa Antunes, Sacarrão, Santa América, Santa Luzia, TV Record, Wellington Jones Paiva"
810,Volta,70,881,Ida,1,1.43,Terminal Bandeira Brasil (Taquara) :: Plat. Leste
810,Volta,70,881,Volta,16,22.86,"Bacairis, Barra Bonita, Barra Grande, Espigão, Igarapé-Açu, Marechal José Beviláqua, Nelson Cardoso, Nossa Senhora da Saúde, Pedra Dourada, Pedra Negra, Pedro Calmon, Pedro Corrêa, Pitimbú, Salvador Allende, Santa Maura, Terminal Bandeira Brasil (Taquara) :: Plat. Leste"
810,Volta,70,SN368,Volta,1,1.43,Merck
810,Volta,70,SN368,Ida,19,27.14,"Barra Bonita, Barra Grande, Catargo, Espigão, Estação Arroio Pavuna, Estação Recanto das Palmeiras, Igarapé-Açu, IV Centenário, Nossa Senhora da Saúde, Pedra Dourada, Pedra Negra, Pedro Calmon, Pedro Corrêa, Pitimbú, Praça do Bandolim, Roche, Salvador Allende, Santa Efigênia, Santa Maura"
810,Volta,70,SN861,Ida,3,4.29,"Bacairis, Merck, Morais"
810,Volta,70,SN861,Volta,1,1.43,Terminal Bandeira Brasil (Taquara) :: Plat. Leste
810,Volta,70,SN600,Ida,1,1.43,Terminal Bandeira Brasil (Taquara) :: Plat. Leste
810,Volta,70,SN600,Volta,5,7.14,"Marechal José Beviláqua, Merck, Morais, Nacional, Nelson Cardoso"
810,Volta,70,SN353,Ida,2,2.86,"Marechal José Beviláqua, Nelson Cardoso"
810,Volta,70,SN353,Volta,1,1.43,Bacairis
810,Volta,70,353,Volta,1,1.43,Bacairis
810,Volta,70,353,Ida,2,2.86,"Marechal José Beviláqua, Nelson Cardoso"
810,Volta,70,SV803,Ida,1,1.43,Terminal Bandeira Brasil (Taquara) :: Plat. Leste
810,Volta,70,SV803,Volta,2,2.86,"Merck, Morais"
810,Ida,70,636,Volta,4,5.71,"Estação Merck, Guerenguê, José de Souza Baeta, Terminal Bandeira Brasil (Taquara) :: Plat. Leste"
810,Ida,70,348,Volta,21,30,"Camorim, Catargo, Claraval, Esplendor, Estação Arroio Pavuna, Estação Merck, Estação Recanto das Palmeiras, Estúdios Globo, Imperatriz Leopoldina, IV Centenário, Mesulin Svirer, Nossa Senhora da Saúde, Olof Palme, Pedra Negra, Pedro Calmon, Praça do Bandolim, Roche, Rubelita, Salvador Allende, São Longino, São Marcelo"
810,Ida,70,368,Volta,22,31.43,"Camorim, Catargo, Claraval, Esplendor, Estação Arroio Pavuna, Estação Merck, Estação Recanto das Palmeiras, Estúdios Globo, Godofredo Marques, Imperatriz Leopoldina, IV Centenário, Mesulin Svirer, Nossa Senhora da Saúde, Olof Palme, Pedra Negra, Pedro Calmon, Praça do Bandolim, Roche, Rubelita, Salvador Allende, São Longino, São Marcelo"
810,Ida,70,380,Volta,1,1.43,José de Souza Baeta
810,Ida,70,390,Volta,2,2.86,"José de Souza Baeta, Terminal Bandeira Brasil (Taquara) :: Plat. Leste"
810,Ida,70,600,Ida,4,5.71,"Estação Merck, Guerenguê, José de Souza Baeta, Terminal Bandeira Brasil (Taquara) :: Plat. Leste"
810,Ida,70,611,Volta,13,18.57,"Camorim, Claraval, Esplendor, Estúdios Globo, Godofredo Marques, José de Souza Baeta, Mesulin Svirer, Olof Palme, Pedra Negra, Pedro Calmon, Rubelita, Salvador Allende, São Marcelo"
810,Ida,70,611,Ida,3,4.29,"Esplendor, Estação Merck, Nossa Senhora da Saúde"
810,Ida,70,613,Volta,24,34.29,"Célio Fernandes dos Santos, César Epitácio Maia, Condomínio Auá Grumari e Sernambetiba, Condomínio Parque Nobre, Condomínio Reserva da Praia, Daniel Barreto dos Santos, Dumontina, Elísio de Araújo, Esperança, Frei Tibúrcio, Frei Tibúrcio, Hélio Oiticica, João Marques Cadengo, Max Lameu Cavalcante, Mazaropi, Nathalia Cruz, Olof Palme, Professor Santos Moreira, Rio Morto, Rio Water Planet, Rosa Antunes, Santa Luzia, TV Record, Verde Mar"
810,Ida,70,613,Ida,2,2.86,"Manhuaçu, Sacarrão"
810,Ida,70,691,Ida,4,5.71,"Estação Merck, Guerenguê, José de Souza Baeta, Terminal Bandeira Brasil (Taquara) :: Plat. Leste"
810,Ida,70,SP810,Ida,51,72.86,"Camorim, Catargo, Célio Fernandes dos Santos, César Epitácio Maia, Claraval, Condomínio Auá Grumari e Sernambetiba, Condomínio Parque Nobre, Condomínio Reserva da Praia, Daniel Barreto dos Santos, Dumontina, Elísio de Araújo, Escola de Equitação Haras Pégasus, Esperança, Esplendor, Estação Merck, Estação Recanto das Palmeiras, Estúdios Globo, Frei Tibúrcio, Frei Tibúrcio, Godofredo Marques, Guerenguê, Hélio Oiticica, Imperatriz Leopoldina, IV Centenário, João Marques Cadengo, José de Souza Baeta, Manhuaçu, Max Lameu Cavalcante, Mazaropi, Mesulin Svirer, Nathalia Cruz, Nossa Senhora da Saúde, Olof Palme, Pacuí, Pedra Negra, Pedro Calmon, Praça do Bandolim, Professor Santos Moreira, Rio Morto, Rio Water Planet, Roche, Rosa Antunes, Rubelita, Sacarrão, Salvador Allende, Santa Luzia, São Longino, São Marcelo, Terminal Bandeira Brasil (Taquara) :: Plat. Leste, TV Record, Verde Mar"
810,Ida,70,SP810,Volta,1,1.43,Terminal Bandeira Brasil (Taquara) :: Plat. Leste
810,Ida,70,861,Volta,4,5.71,"Estação Merck, Guerenguê, José de Souza Baeta, Terminal Bandeira Brasil (Taquara) :: Plat. Leste"
810,Ida,70,SN636,Volta,4,5.71,"Estação Merck, Guerenguê, José de Souza Baeta, Terminal Bandeira Brasil (Taquara) :: Plat. Leste"
810,Ida,70,SN810,Ida,59,84.29,"Bandeirantes, Bandeirantes, 25539, Bosque dos Eucaliptos, Camorim, Célio Fernandes dos Santos, César Epitácio Maia, Claraval, Comunidade Bandeirantes, Condomínio Auá Grumari e Sernambetiba, Condomínio Parque Nobre, Condomínio Reserva Atlântica, Condomínio Reserva da Praia, CT George Helal - Ninho do Urubu, Daniel Barreto dos Santos, Dumontina, Elísio de Araújo, Escola de Equitação Haras Pégasus, Esplendor, Estação Pontal, Estação Pontal, Estúdios Globo, Fazendinha Rio, Frei Martinho, Frei Martinho, Frei Tibúrcio, Frei Tibúrcio, Godofredo Marques, Grota Funda, Haras Bandeirantes, Hélio Oiticica, João Marques Cadengo, José de Souza Baeta, Manhuaçu, Mansão da Xuxa, Max Lameu Cavalcante, Mazaropi, Mesulin Svirer, Nathalia Cruz, Nossa Senhora da Saúde, Nove de Julho, Olof Palme, Onze de Maio, Otto Stupakoff, Pacuí, Pedra Negra, Pedro Calmon, Praça do Bandolim, Professor Santos Moreira, Rio Morto, Rio Water Planet, Rosa Antunes, Rubelita, Sacarrão, Salvador Allende, Santa Luzia, São Marcelo, Terminal Bandeira Brasil (Taquara) :: Plat. Leste, TV Record, Verde Mar"
810,Ida,70,SN810,Volta,2,2.86,"Estação Pontal, Terminal Bandeira Brasil (Taquara) :: Plat. Leste"
810,Ida,70,2803,Ida,1,1.43,Estação Pontal
810,Ida,70,2803,Volta,1,1.43,Estação Pontal
810,Ida,70,900,Ida,3,4.29,"Estação Merck, Guerenguê, José de Souza Baeta"
810,Ida,70,954,Ida,34,48.57,"Camorim, Catargo, Célio Fernandes dos Santos, César Epitácio Maia, Claraval, Condomínio Parque Nobre, Esplendor, Estação Arroio Pavuna, Estação Merck, Estação Recanto das Palmeiras, Estúdios Globo, Frei Tibúrcio, Godofredo Marques, Guerenguê, Imperatriz Leopoldina, IV Centenário, José de Souza Baeta, Max Lameu Cavalcante, Mazaropi, Mesulin Svirer, Nathalia Cruz, Nossa Senhora da Saúde, Olof Palme, Pedra Negra, Pedro Calmon, Praça do Bandolim, Professor Santos Moreira, Roche, Rubelita, Salvador Allende, São Longino, São Marcelo, Terminal Bandeira Brasil (Taquara) :: Plat. Leste, Verde Mar"
810,Ida,70,954,Volta,1,1.43,Terminal Bandeira Brasil (Taquara) :: Plat. Leste
810,Ida,70,SN954,Ida,33,47.14,"Camorim, Catargo, Célio Fernandes dos Santos, César Epitácio Maia, Claraval, Condomínio Parque Nobre, Esplendor, Estação Merck, Estação Recanto das Palmeiras, Estúdios Globo, Frei Tibúrcio, Godofredo Marques, Guerenguê, Imperatriz Leopoldina, IV Centenário, José de Souza Baeta, Max Lameu Cavalcante, Mazaropi, Mesulin Svirer, Nathalia Cruz, Nossa Senhora da Saúde, Olof Palme, Pedra Negra, Pedro Calmon, Praça do Bandolim, Professor Santos Moreira, Roche, Rubelita, Salvador Allende, São Longino, São Marcelo, Terminal Bandeira Brasil (Taquara) :: Plat. Leste, Verde Mar"
810,Ida,70,SN954,Volta,1,1.43,Terminal Bandeira Brasil (Taquara) :: Plat. Leste
810,Ida,70,2334,Volta,1,1.43,Estação Pontal
810,Ida,70,2334,Ida,1,1.43,Estação Pontal
810,Ida,70,2335,Ida,1,1.43,Estação Pontal
810,Ida,70,2335,Volta,1,1.43,Estação Pontal
810,Ida,70,2337,Ida,1,1.43,Estação Pontal
810,Ida,70,2337,Volta,1,1.43,Estação Pontal
810,Ida,70,2802,Volta,1,1.43,Estação Pontal
810,Ida,70,2802,Ida,1,1.43,Estação Pontal
810,Ida,70,2804,Ida,1,1.43,Estação Pontal
810,Ida,70,2804,Volta,1,1.43,Estação Pontal
810,Ida,70,801,Ida,4,5.71,"Estação Merck, Guerenguê, José de Souza Baeta, Terminal Bandeira Brasil (Taquara) :: Plat. Leste"
810,Ida,70,2338,Volta,1,1.43,Estação Pontal
810,Ida,70,2338,Ida,1,1.43,Estação Pontal
810,Ida,70,SN803,Ida,4,5.71,"Estação Merck, Guerenguê, José de Souza Baeta, Terminal Bandeira Brasil (Taquara) :: Plat. Leste"
810,Ida,70,803,Ida,4,5.71,"Estação Merck, Guerenguê, José de Souza Baeta, Terminal Bandeira Brasil (Taquara) :: Plat. Leste"
810,Ida,70,SN554,Ida,2,2.86,"Estação Pontal, Estação Pontal"
810,Ida,70,SN554,Volta,34,48.57,"Bandeirantes, Bandeirantes, 25539, Bosque dos Eucaliptos, Comunidade Bandeirantes, Condomínio Auá Grumari e Sernambetiba, Condomínio Reserva Atlântica, Condomínio Reserva da Praia, CT George Helal - Ninho do Urubu, Daniel Barreto dos Santos, Dumontina, Elísio de Araújo, Escola de Equitação Haras Pégasus, Esperança, Fazendinha Rio, Frei Martinho, Frei Martinho, Frei Tibúrcio, Grota Funda, Haras Bandeirantes, Hélio Oiticica, João Marques Cadengo, Manhuaçu, Mansão Colina, Mansão da Xuxa, Nove de Julho, Onze de Maio, Otto Stupakoff, Pacuí, Rio Morto, Rio Water Planet, Rosa Antunes, Sacarrão, Santa Luzia, TV Record"
810,Ida,70,899,Ida,1,1.43,Estação Pontal
810,Ida,70,899,Volta,1,1.43,Estação Pontal
810,Ida,70,SV899,Volta,1,1.43,Estação Pontal
810,Ida,70,SV899,Ida,1,1.43,Estação Pontal
810,Ida,70,817,Volta,1,1.43,Estação Pontal
810,Ida,70,817,Ida,7,10,"Esperança, Estação Pontal, Estação Pontal, Manhuaçu, Rio Morto, Rio Water Planet, Sacarrão"
810,Ida,70,554,Volta,34,48.57,"Bandeirantes, Bandeirantes, 25539, Bosque dos Eucaliptos, Comunidade Bandeirantes, Condomínio Auá Grumari e Sernambetiba, Condomínio Reserva Atlântica, Condomínio Reserva da Praia, CT George Helal - Ninho do Urubu, Daniel Barreto dos Santos, Dumontina, Elísio de Araújo, Escola de Equitação Haras Pégasus, Esperança, Fazendinha Rio, Frei Martinho, Frei Martinho, Frei Tibúrcio, Grota Funda, Haras Bandeirantes, Hélio Oiticica, João Marques Cadengo, Manhuaçu, Mansão Colina, Mansão da Xuxa, Nove de Julho, Onze de Maio, Otto Stupakoff, Pacuí, Rio Morto, Rio Water Planet, Rosa Antunes, Sacarrão, Santa Luzia, TV Record"
810,Ida,70,554,Ida,2,2.86,"Estação Pontal, Estação Pontal"
810,Ida,70,881,Ida,16,22.86,"Camorim, Claraval, Esplendor, Estúdios Globo, Godofredo Marques, José de Souza Baeta, Mesulin Svirer, Nossa Senhora da Saúde, Olof Palme, Pedra Negra, Pedro Calmon, Praça do Bandolim, Rubelita, Salvador Allende, São Marcelo, Terminal Bandeira Brasil (Taquara) :: Plat. Leste"
810,Ida,70,881,Volta,1,1.43,Terminal Bandeira Brasil (Taquara) :: Plat. Leste
810,Ida,70,SN368,Volta,22,31.43,"Camorim, Catargo, Claraval, Esplendor, Estação Arroio Pavuna, Estação Merck, Estação Recanto das Palmeiras, Estúdios Globo, Godofredo Marques, Imperatriz Leopoldina, IV Centenário, Mesulin Svirer, Nossa Senhora da Saúde, Olof Palme, Pedra Negra, Pedro Calmon, Praça do Bandolim, Roche, Rubelita, Salvador Allende, São Longino, São Marcelo"
810,Ida,70,SN861,Volta,4,5.71,"Estação Merck, Guerenguê, José de Souza Baeta, Terminal Bandeira Brasil (Taquara) :: Plat. Leste"
810,Ida,70,SN600,Ida,4,5.71,"Estação Merck, Guerenguê, José de Souza Baeta, Terminal Bandeira Brasil (Taquara) :: Plat. Leste"
810,Ida,70,SV803,Ida,4,5.71,"Estação Merck, Guerenguê, José de Souza Baeta, Terminal Bandeira Brasil (Taquara) :: Plat. Leste"
302,Ida,89,805,Ida,1,1.12,Barra Private
302,Ida,89,805,Volta,22,24.72,"Aldo Bonadei, Alfa Barra, Clube Riviera, Comandante Júlio de Moura, Daut Peres, Gumercindo da Silva, Metrô Jardim Oceânico :: Ônibus Convencionais, Paulo Mazzucchelli, Peregrino Junior, Praça do Ó, Praça Euvaldo Lodi, Praça Professor José Bernardino, Praça Professor Souza Araújo, Praia da Barra - Posto 4, Praia da Barra - Posto 5, Praia da Barra - Posto 6, Praia da Barra - Posto 7, Praia da Barra - Posto 8, Prefeito Dulcídio Cardoso, Prudência do Amaral, Rodolfo de Campos, São Regulo"
302,Ida,89,238,Volta,3,3.37,"BRS 1,2,4,5,6,I: Barão de Ubá, BRS 1,2,4,5,6,I: Domício da Gama, BRS 1,2,4,5,6,I: Matoso"
302,Ida,89,SN238,Volta,1,1.12,"BRS 1,2,4,5,6,I: Barão de Ubá"
302,Ida,89,239,Volta,3,3.37,"BRS 1,2,4,5,6,I: Barão de Ubá, BRS 1,2,4,5,6,I: Domício da Gama, BRS 1,2,4,5,6,I: Matoso"
302,Ida,89,SPB550,Ida,13,14.61,"Barra Private, Daut Peres, Gumercindo da Silva, Itanhangá Golf Club, Marina Barra Clube, Metrô Jardim Oceânico, Metrô Jardim Oceânico :: Ônibus Convencionais, Paulo Mazzucchelli, Poeta Khalil Gibran, Praça do Aleijadinho, Praça Professor Souza Araújo, Praça Senador Melo Viera, Waldemar Falcão"
302,Ida,89,SV692,Volta,2,2.25,"Alfa Barra, Prefeito Dulcídio Cardoso"
302,Ida,89,SV692,Ida,2,2.25,"Alfa Barra, Prefeito Dulcídio Cardoso"
302,Ida,89,621,Volta,2,2.25,"BRS 1,2,5,6,7,I: Carmela Dutra, BRS 1,2,5,6,7,I: Conselheiro Zenha"
302,Ida,89,624,Ida,1,1.12,Francisco Eugênio
302,Ida,89,634,Ida,5,5.62,"BRS 1,2,4,5,6,I: Barão de Ubá, BRS 1,2,4,5,6,I: Domício da Gama, BRS 1,2,4,5,6,I: Matoso, Francisco Eugênio, Joaquim Palhares"
302,Ida,89,711,Volta,3,3.37,"BRS 1,2,4,5,6,I: Barão de Ubá, BRS 1,2,4,5,6,I: Domício da Gama, BRS 1,2,4,5,6,I: Matoso"
302,Ida,89,SV606,Volta,3,3.37,"Conde de Itaguaí, Estação Barão de Mauá :: Pista Lateral, Francisco Eugênio"
302,Ida,89,343,Volta,7,7.87,"Barra Private, Itanhangá Golf Club, Marina Barra Clube, Poeta Khalil Gibran, Praça do Aleijadinho, Praça Senador Melo Viera, Waldemar Falcão"
302,Ida,89,343,Ida,5,5.62,"Daut Peres, Gumercindo da Silva, Metrô Jardim Oceânico :: Ônibus Convencionais, Paulo Mazzucchelli, Praça Professor Souza Araújo"
302,Ida,89,SN302,Ida,89,100,"Açude, Aldo Bonadei, Alfa Barra, Alves de Brito, Amado Nervo, Ary Kerner, Barra Private, Biguá, BRS 1,2,4,5,6,I: Barão de Ubá, BRS 1,2,4,5,6,I: Domício da Gama, BRS 1,2,4,5,6,I: Matoso, BRS 1,2,5,6,7,I: Carmela Dutra, BRS 1,2,5,6,7,I: Conselheiro Zenha, BRS 1,2,5,6,I: Afonso Pena, BRS 1,2,5,6,I: Professor Gabizo, BRS 1,2,5,6,I: São Francisco Xavier, BRS 2,5,7,I: Saens Peña I, Calheiros Gomes, Capitão Campos, Casa do Alto, Cascata, Clóvis Bevilaqua, Clube Riviera, CMS Nicola Albano, Colégio Marista São José, Comandante Júlio de Moura, Conde de Itaguaí, Curva do Violão, Daut Peres, Desembargador Araújo Jorge, Dona Delfina, Doutor Catrambi, EDI José da Silva Araújo, Ernani Agrícola, Escola Municipal Mário Faccini, Estação Barão de Mauá :: Pista Lateral, Estrada Velha da Tijuca, Francisco Eugênio, Furnas, Furnas, 1805, Furnas, 3800, Gávea Pequena, Gumercindo da Silva, Hospital São Francisco, Igreja Nossa Senhora da Conceição, Itanhangá Golf Club, Jacamim, Joaquim Palhares, José Botelho Souza, Marina Barra Clube, Mata Machado, Metrô Jardim Oceânico, Metrô Jardim Oceânico :: Ônibus Convencionais, Metrô Uruguai, Muçu, Natalina, Palácio do Alto, Paróquia Nossa Sra. da Luz, Passarela da Barra, Paulo Mazzucchelli, Peregrino Junior, Pinto de Figueiredo, Poeta Khalil Gibran, Praça Afonso Viseu, Praça do Aleijadinho, Praça do Ó, Praça Euvaldo Lodi, Praça Professor José Bernardino, Praça Professor Souza Araújo, Praça Senador Melo Viera, Praia da Barra - Posto 4, Praia da Barra - Posto 5, Praia da Barra - Posto 6, Praia da Barra - Posto 7, Praia da Barra - Posto 8, Prefeito Dulcídio Cardoso, Prudência do Amaral, Radmaker, Raimundo Castro Maia, Rodolfo de Campos, Santa Carolina, São Miguel, São Rafael, São Regulo, Terminal Alvorada :: Plataforma D7, Terminal Gentileza :: Plataforma A10, Tijuaçu, Vitor Konder, Waldemar Falcão"
302,Ida,89,SN302,Volta,5,5.62,"Calheiros Gomes, Desembargador Araújo Jorge, Terminal Alvorada :: Plataforma D7, Terminal Gentileza :: Plataforma A10, Vitor Konder"
302,Ida,89,550,Ida,13,14.61,"Barra Private, Daut Peres, Gumercindo da Silva, Itanhangá Golf Club, Marina Barra Clube, Metrô Jardim Oceânico, Metrô Jardim Oceânico :: Ônibus Convencionais, Paulo Mazzucchelli, Poeta Khalil Gibran, Praça do Aleijadinho, Praça Professor Souza Araújo, Praça Senador Melo Viera, Waldemar Falcão"
302,Ida,89,555,Ida,13,14.61,"Barra Private, Daut Peres, Gumercindo da Silva, Itanhangá Golf Club, Marina Barra Clube, Metrô Jardim Oceânico, Metrô Jardim Oceânico :: Ônibus Convencionais, Paulo Mazzucchelli, Poeta Khalil Gibran, Praça do Aleijadinho, Praça Professor Souza Araújo, Praça Senador Melo Viera, Waldemar Falcão"
302,Ida,89,557,Ida,8,8.99,"Calheiros Gomes, Desembargador Araújo Jorge, Itanhangá Golf Club, Marina Barra Clube, Poeta Khalil Gibran, Praça do Aleijadinho, Praça Senador Melo Viera, Waldemar Falcão"
302,Ida,89,565,Volta,2,2.25,"Barra Private, Metrô Jardim Oceânico"
302,Ida,89,565,Ida,2,2.25,"Metrô Jardim Oceânico :: Ônibus Convencionais, Paulo Mazzucchelli"
302,Ida,89,SN309,Volta,23,25.84,"Aldo Bonadei, Alfa Barra, Barra Private, Clube Riviera, Comandante Júlio de Moura, Daut Peres, Metrô Jardim Oceânico, Metrô Jardim Oceânico :: Ônibus Convencionais, Paulo Mazzucchelli, Peregrino Junior, Praça do Ó, Praça Euvaldo Lodi, Praça Professor José Bernardino, Praça Professor Souza Araújo, Praia da Barra - Posto 4, Praia da Barra - Posto 5, Praia da Barra - Posto 6, Praia da Barra - Posto 7, Praia da Barra - Posto 8, Prefeito Dulcídio Cardoso, Prudência do Amaral, Rodolfo de Campos, São Regulo"
302,Ida,89,309,Volta,24,26.97,"Aldo Bonadei, Alfa Barra, Barra Private, Clube Riviera, Comandante Júlio de Moura, Daut Peres, Gumercindo da Silva, Metrô Jardim Oceânico, Metrô Jardim Oceânico :: Ônibus Convencionais, Paulo Mazzucchelli, Peregrino Junior, Praça do Ó, Praça Euvaldo Lodi, Praça Professor José Bernardino, Praça Professor Souza Araújo, Praia da Barra - Posto 4, Praia da Barra - Posto 5, Praia da Barra - Posto 6, Praia da Barra - Posto 7, Praia da Barra - Posto 8, Prefeito Dulcídio Cardoso, Prudência do Amaral, Rodolfo de Campos, São Regulo"
302,Ida,89,601,Volta,4,4.49,"BRS 1,2,5,6,7,I: Carmela Dutra, BRS 1,2,5,6,7,I: Conselheiro Zenha, BRS 2,5,7,I: Saens Peña I, Conde de Itaguaí"
302,Ida,89,607,Volta,9,10.11,"BRS 1,2,4,5,6,I: Barão de Ubá, BRS 1,2,4,5,6,I: Domício da Gama, BRS 1,2,4,5,6,I: Matoso, BRS 1,2,5,6,7,I: Carmela Dutra, BRS 1,2,5,6,7,I: Conselheiro Zenha, BRS 1,2,5,6,I: Afonso Pena, BRS 1,2,5,6,I: Professor Gabizo, BRS 1,2,5,6,I: São Francisco Xavier, Conde de Itaguaí"
302,Ida,89,SN565,Ida,2,2.25,"Metrô Jardim Oceânico :: Ônibus Convencionais, Paulo Mazzucchelli"
302,Ida,89,SN565,Volta,2,2.25,"Barra Private, Metrô Jardim Oceânico"
302,Ida,89,844,Ida,9,10.11,"Barra Private, Calheiros Gomes, Daut Peres, Desembargador Araújo Jorge, Gumercindo da Silva, Metrô Jardim Oceânico :: Ônibus Convencionais, Paulo Mazzucchelli, Praça Professor Souza Araújo, Vitor Konder"
302,Ida,89,SN550,Ida,12,13.48,"Barra Private, Daut Peres, Itanhangá Golf Club, Marina Barra Clube, Metrô Jardim Oceânico, Metrô Jardim Oceânico :: Ônibus Convencionais, Paulo Mazzucchelli, Poeta Khalil Gibran, Praça do Aleijadinho, Praça Professor Souza Araújo, Praça Senador Melo Viera, Waldemar Falcão"
302,Ida,89,2918,Ida,3,3.37,"Metrô Jardim Oceânico :: Ônibus Convencionais, Praia da Barra - Posto 7, Prudência do Amaral"
302,Ida,89,878,Ida,9,10.11,"Barra Private, Daut Peres, Itanhangá Golf Club, Marina Barra Clube, Metrô Jardim Oceânico, Poeta Khalil Gibran, Praça do Aleijadinho, Praça Senador Melo Viera, Waldemar Falcão"
302,Ida,89,878,Volta,3,3.37,"Praia da Barra - Posto 4, Praia da Barra - Posto 5, Prudência do Amaral"
302,Ida,89,SV878,Ida,9,10.11,"Barra Private, Daut Peres, Itanhangá Golf Club, Marina Barra Clube, Metrô Jardim Oceânico, Poeta Khalil Gibran, Praça do Aleijadinho, Praça Senador Melo Viera, Waldemar Falcão"
302,Ida,89,SV878,Volta,3,3.37,"Praia da Barra - Posto 4, Praia da Barra - Posto 5, Prudência do Amaral"
302,Ida,89,SN636,Volta,1,1.12,Pinto de Figueiredo
302,Ida,89,863,Volta,2,2.25,"Metrô Jardim Oceânico :: Ônibus Convencionais, Paulo Mazzucchelli"
302,Ida,89,862,Ida,8,8.99,"Barra Private, Itanhangá Golf Club, Marina Barra Clube, Metrô Jardim Oceânico, Poeta Khalil Gibran, Praça do Aleijadinho, Praça Senador Melo Viera, Waldemar Falcão"
302,Ida,89,693,Volta,2,2.25,"Alfa Barra, Prefeito Dulcídio Cardoso"
302,Ida,89,693,Ida,2,2.25,"Alfa Barra, Prefeito Dulcídio Cardoso"
302,Ida,89,692,Ida,2,2.25,"Alfa Barra, Prefeito Dulcídio Cardoso"
302,Ida,89,692,Volta,2,2.25,"Alfa Barra, Prefeito Dulcídio Cardoso"
302,Ida,89,2803,Ida,1,1.12,Paulo Mazzucchelli
302,Ida,89,2803,Volta,2,2.25,"Barra Private, Metrô Jardim Oceânico"
302,Ida,89,SN878,Ida,9,10.11,"Barra Private, Daut Peres, Itanhangá Golf Club, Marina Barra Clube, Metrô Jardim Oceânico, Poeta Khalil Gibran, Praça do Aleijadinho, Praça Senador Melo Viera, Waldemar Falcão"
302,Ida,89,SN878,Volta,3,3.37,"Praia da Barra - Posto 4, Praia da Barra - Posto 5, Prudência do Amaral"
302,Ida,89,2334,Volta,2,2.25,"Barra Private, Metrô Jardim Oceânico"
302,Ida,89,2334,Ida,1,1.12,Paulo Mazzucchelli
302,Ida,89,2335,Ida,1,1.12,Paulo Mazzucchelli
302,Ida,89,2335,Volta,2,2.25,"Barra Private, Metrô Jardim Oceânico"
302,Ida,89,2337,Ida,1,1.12,Paulo Mazzucchelli
302,Ida,89,2337,Volta,2,2.25,"Barra Private, Metrô Jardim Oceânico"
302,Ida,89,2802,Ida,2,2.25,"Barra Private, Paulo Mazzucchelli"
302,Ida,89,2804,Ida,1,1.12,Paulo Mazzucchelli
302,Ida,89,2804,Volta,2,2.25,"Barra Private, Metrô Jardim Oceânico"
302,Ida,89,2338,Volta,2,2.25,"Barra Private, Metrô Jardim Oceânico"
302,Ida,89,2338,Ida,1,1.12,Paulo Mazzucchelli
302,Ida,89,181,Ida,4,4.49,"Alfa Barra, Metrô Jardim Oceânico :: Ônibus Convencionais, Paulo Mazzucchelli, Prefeito Dulcídio Cardoso"
302,Ida,89,217,Volta,1,1.12,Conde de Itaguaí
302,Ida,89,220,Volta,25,28.09,"Alves de Brito, Ary Kerner, BRS 1,2,4,5,6,I: Barão de Ubá, BRS 1,2,4,5,6,I: Domício da Gama, BRS 1,2,4,5,6,I: Matoso, BRS 1,2,5,6,7,I: Carmela Dutra, BRS 1,2,5,6,7,I: Conselheiro Zenha, BRS 1,2,5,6,I: Afonso Pena, BRS 1,2,5,6,I: Professor Gabizo, BRS 1,2,5,6,I: São Francisco Xavier, BRS 2,5,7,I: Saens Peña I, Cascata, Clóvis Bevilaqua, Colégio Marista São José, Conde de Itaguaí, Dona Delfina, Hospital São Francisco, Igreja Nossa Senhora da Conceição, Joaquim Palhares, Metrô Uruguai, Natalina, Pinto de Figueiredo, Radmaker, Santa Carolina, São Rafael"
302,Ida,89,229,Volta,23,25.84,"Alves de Brito, Ary Kerner, BRS 1,2,4,5,6,I: Barão de Ubá, BRS 1,2,4,5,6,I: Domício da Gama, BRS 1,2,4,5,6,I: Matoso, BRS 1,2,5,6,7,I: Carmela Dutra, BRS 1,2,5,6,7,I: Conselheiro Zenha, BRS 1,2,5,6,I: Afonso Pena, BRS 1,2,5,6,I: Professor Gabizo, BRS 1,2,5,6,I: São Francisco Xavier, BRS 2,5,7,I: Saens Peña I, Clóvis Bevilaqua, Colégio Marista São José, Conde de Itaguaí, Dona Delfina, Hospital São Francisco, Igreja Nossa Senhora da Conceição, Metrô Uruguai, Natalina, Pinto de Figueiredo, Radmaker, Santa Carolina, São Rafael"
302,Ida,89,409,Volta,8,8.99,"BRS 1,2,4,5,6,I: Barão de Ubá, BRS 1,2,4,5,6,I: Domício da Gama, BRS 1,2,4,5,6,I: Matoso, BRS 1,2,5,6,7,I: Carmela Dutra, BRS 1,2,5,6,7,I: Conselheiro Zenha, BRS 1,2,5,6,I: Afonso Pena, BRS 1,2,5,6,I: Professor Gabizo, BRS 1,2,5,6,I: São Francisco Xavier"
302,Ida,89,410,Volta,4,4.49,"BRS 1,2,5,6,7,I: Carmela Dutra, BRS 1,2,5,6,7,I: Conselheiro Zenha, BRS 1,2,5,6,I: Professor Gabizo, BRS 1,2,5,6,I: São Francisco Xavier"
302,Ida,89,415,Volta,25,28.09,"Alves de Brito, Ary Kerner, BRS 1,2,4,5,6,I: Barão de Ubá, BRS 1,2,4,5,6,I: Domício da Gama, BRS 1,2,4,5,6,I: Matoso, BRS 1,2,5,6,7,I: Carmela Dutra, BRS 1,2,5,6,7,I: Conselheiro Zenha, BRS 1,2,5,6,I: Afonso Pena, BRS 1,2,5,6,I: Professor Gabizo, BRS 1,2,5,6,I: São Francisco Xavier, BRS 2,5,7,I: Saens Peña I, Cascata, Clóvis Bevilaqua, Colégio Marista São José, Conde de Itaguaí, Dona Delfina, Hospital São Francisco, Igreja Nossa Senhora da Conceição, Joaquim Palhares, Metrô Uruguai, Natalina, Pinto de Figueiredo, Radmaker, Santa Carolina, São Rafael"
302,Ida,89,SN415,Volta,24,26.97,"Alves de Brito, Ary Kerner, BRS 1,2,4,5,6,I: Barão de Ubá, BRS 1,2,4,5,6,I: Domício da Gama, BRS 1,2,4,5,6,I: Matoso, BRS 1,2,5,6,7,I: Carmela Dutra, BRS 1,2,5,6,7,I: Conselheiro Zenha, BRS 1,2,5,6,I: Afonso Pena, BRS 1,2,5,6,I: Professor Gabizo, BRS 1,2,5,6,I: São Francisco Xavier, BRS 2,5,7,I: Saens Peña I, Clóvis Bevilaqua, Colégio Marista São José, Conde de Itaguaí, Dona Delfina, Hospital São Francisco, Igreja Nossa Senhora da Conceição, Joaquim Palhares, Metrô Uruguai, Natalina, Pinto de Figueiredo, Radmaker, Santa Carolina, São Rafael"
302,Ida,89,SN133,Volta,2,2.25,"Estação Barão de Mauá :: Pista Lateral, Francisco Eugênio"
302,Ida,89,426,Volta,24,26.97,"Alves de Brito, Ary Kerner, BRS 1,2,4,5,6,I: Barão de Ubá, BRS 1,2,4,5,6,I: Domício da Gama, BRS 1,2,4,5,6,I: Matoso, BRS 1,2,5,6,7,I: Carmela Dutra, BRS 1,2,5,6,7,I: Conselheiro Zenha, BRS 1,2,5,6,I: Afonso Pena, BRS 1,2,5,6,I: Professor Gabizo, BRS 1,2,5,6,I: São Francisco Xavier, BRS 2,5,7,I: Saens Peña I, Cascata, Clóvis Bevilaqua, Colégio Marista São José, Conde de Itaguaí, Dona Delfina, Hospital São Francisco, Igreja Nossa Senhora da Conceição, Metrô Uruguai, Natalina, Pinto de Figueiredo, Radmaker, Santa Carolina, São Rafael"
302,Ida,89,432,Volta,4,4.49,"BRS 1,2,4,5,6,I: Barão de Ubá, BRS 1,2,4,5,6,I: Domício da Gama, BRS 1,2,4,5,6,I: Matoso, BRS 1,2,5,6,I: Afonso Pena"
302,Ida,89,439,Ida,1,1.12,Joaquim Palhares
302,Ida,89,440,Ida,1,1.12,Estação Barão de Mauá :: Pista Lateral
302,Ida,89,112,Ida,3,3.37,"Estação Barão de Mauá :: Pista Lateral, Francisco Eugênio, Joaquim Palhares"
302,Ida,89,473,Ida,3,3.37,"Estação Barão de Mauá :: Pista Lateral, Francisco Eugênio, Joaquim Palhares"
302,Ida,89,603,Volta,9,10.11,"Alves de Brito, Clóvis Bevilaqua, Conde de Itaguaí, Dona Delfina, Metrô Uruguai, Natalina, Pinto de Figueiredo, Radmaker, São Rafael"
302,Ida,89,608,Volta,1,1.12,Conde de Itaguaí
302,Ida,89,626,Ida,1,1.12,Conde de Itaguaí
302,Ida,89,448,Ida,4,4.49,"Açude, CMS Nicola Albano, Gávea Pequena, Paróquia Nossa Sra. da Luz"
302,Ida,89,448,Volta,12,13.48,"Açude, Biguá, Capitão Campos, CMS Nicola Albano, EDI José da Silva Araújo, Furnas, Furnas, 1805, Gávea Pequena, José Botelho Souza, Mata Machado, Paróquia Nossa Sra. da Luz, Tijuaçu"
302,Ida,89,433,Volta,4,4.49,"BRS 1,2,4,5,6,I: Barão de Ubá, BRS 1,2,4,5,6,I: Domício da Gama, BRS 1,2,4,5,6,I: Matoso, BRS 1,2,5,6,I: Afonso Pena"
302,Ida,89,553,Ida,2,2.25,"Metrô Jardim Oceânico :: Ônibus Convencionais, Paulo Mazzucchelli"
302,Ida,89,553,Volta,2,2.25,"Barra Private, Metrô Jardim Oceânico"
302,Ida,89,SP553,Ida,2,2.25,"Metrô Jardim Oceânico :: Ônibus Convencionais, Paulo Mazzucchelli"
302,Ida,89,SN554,Ida,2,2.25,"Metrô Jardim Oceânico :: Ônibus Convencionais, Paulo Mazzucchelli"
302,Ida,89,SN554,Volta,2,2.25,"Barra Private, Metrô Jardim Oceânico"
302,Ida,89,SPA550,Ida,13,14.61,"Barra Private, Daut Peres, Gumercindo da Silva, Itanhangá Golf Club, Marina Barra Clube, Metrô Jardim Oceânico, Metrô Jardim Oceânico :: Ônibus Convencionais, Paulo Mazzucchelli, Poeta Khalil Gibran, Praça do Aleijadinho, Praça Professor Souza Araújo, Praça Senador Melo Viera, Waldemar Falcão"
302,Ida,89,SP805,Volta,17,19.1,"Aldo Bonadei, Alfa Barra, Clube Riviera, Comandante Júlio de Moura, Peregrino Junior, Praça do Ó, Praça Euvaldo Lodi, Praça Professor José Bernardino, Praia da Barra - Posto 4, Praia da Barra - Posto 5, Praia da Barra - Posto 6, Praia da Barra - Posto 7, Praia da Barra - Posto 8, Prefeito Dulcídio Cardoso, Prudência do Amaral, Rodolfo de Campos, São Regulo"
302,Ida,89,SP805,Ida,1,1.12,Praça Euvaldo Lodi
302,Ida,89,957,Ida,24,26.97,"Aldo Bonadei, Alfa Barra, Barra Private, Clube Riviera, Comandante Júlio de Moura, Daut Peres, Gumercindo da Silva, Metrô Jardim Oceânico, Metrô Jardim Oceânico :: Ônibus Convencionais, Paulo Mazzucchelli, Peregrino Junior, Praça do Ó, Praça Euvaldo Lodi, Praça Professor José Bernardino, Praça Professor Souza Araújo, Praia da Barra - Posto 4, Praia da Barra - Posto 5, Praia da Barra - Posto 6, Praia da Barra - Posto 7, Praia da Barra - Posto 8, Prefeito Dulcídio Cardoso, Prudência do Amaral, Rodolfo de Campos, São Regulo"
302,Ida,89,605,Volta,2,2.25,"BRS 1,2,5,6,7,I: Carmela Dutra, BRS 1,2,5,6,7,I: Conselheiro Zenha"
302,Ida,89,990,Ida,2,2.25,"Metrô Jardim Oceânico :: Ônibus Convencionais, Paulo Mazzucchelli"
302,Ida,89,990,Volta,2,2.25,"Barra Private, Metrô Jardim Oceânico"
302,Ida,89,645,Ida,2,2.25,"Metrô Jardim Oceânico :: Ônibus Convencionais, Paulo Mazzucchelli"
302,Ida,89,645,Volta,50,56.18,"Açude, Alves de Brito, Amado Nervo, Ary Kerner, Barra Private, Biguá, BRS 2,5,7,I: Saens Peña I, Capitão Campos, Casa do Alto, Cascata, Clóvis Bevilaqua, CMS Nicola Albano, Colégio Marista São José, Conde de Itaguaí, Curva do Violão, Dona Delfina, Doutor Catrambi, EDI José da Silva Araújo, Ernani Agrícola, Escola Municipal Mário Faccini, Estrada Velha da Tijuca, Furnas, Furnas, 1805, Furnas, 3800, Gávea Pequena, Hospital São Francisco, Igreja Nossa Senhora da Conceição, Itanhangá Golf Club, Jacamim, José Botelho Souza, Marina Barra Clube, Mata Machado, Metrô Jardim Oceânico, Metrô Uruguai, Muçu, Natalina, Palácio do Alto, Paróquia Nossa Sra. da Luz, Pinto de Figueiredo, Poeta Khalil Gibran, Praça Afonso Viseu, Praça do Aleijadinho, Praça Senador Melo Viera, Radmaker, Raimundo Castro Maia, Santa Carolina, São Miguel, São Rafael, Tijuaçu, Waldemar Falcão"
302,Ida,89,416,Volta,8,8.99,"BRS 1,2,4,5,6,I: Barão de Ubá, BRS 1,2,4,5,6,I: Domício da Gama, BRS 1,2,4,5,6,I: Matoso, BRS 1,2,5,6,7,I: Carmela Dutra, BRS 1,2,5,6,7,I: Conselheiro Zenha, BRS 1,2,5,6,I: Afonso Pena, BRS 1,2,5,6,I: Professor Gabizo, BRS 1,2,5,6,I: São Francisco Xavier"
302,Ida,89,552,Volta,24,26.97,"Aldo Bonadei, Alfa Barra, Barra Private, Clube Riviera, Comandante Júlio de Moura, Daut Peres, Gumercindo da Silva, Metrô Jardim Oceânico, Metrô Jardim Oceânico :: Ônibus Convencionais, Paulo Mazzucchelli, Peregrino Junior, Praça do Ó, Praça Euvaldo Lodi, Praça Professor José Bernardino, Praça Professor Souza Araújo, Praia da Barra - Posto 4, Praia da Barra - Posto 5, Praia da Barra - Posto 6, Praia da Barra - Posto 7, Praia da Barra - Posto 8, Prefeito Dulcídio Cardoso, Prudência do Amaral, Rodolfo de Campos, São Regulo"
302,Ida,89,554,Volta,2,2.25,"Barra Private, Metrô Jardim Oceânico"
302,Ida,89,554,Ida,2,2.25,"Metrô Jardim Oceânico :: Ônibus Convencionais, Paulo Mazzucchelli"
302,Ida,89,558,Ida,13,14.61,"Barra Private, Daut Peres, Gumercindo da Silva, Itanhangá Golf Club, Marina Barra Clube, Metrô Jardim Oceânico, Metrô Jardim Oceânico :: Ônibus Convencionais, Paulo Mazzucchelli, Poeta Khalil Gibran, Praça do Aleijadinho, Praça Professor Souza Araújo, Praça Senador Melo Viera, Waldemar Falcão"
302,Ida,89,SN433,Volta,4,4.49,"BRS 1,2,4,5,6,I: Barão de Ubá, BRS 1,2,4,5,6,I: Domício da Gama, BRS 1,2,4,5,6,I: Matoso, BRS 1,2,5,6,I: Afonso Pena"
302,Ida,89,133,Volta,2,2.25,"Estação Barão de Mauá :: Pista Lateral, Francisco Eugênio"
302,Ida,89,301,Ida,61,68.54,"Açude, Alves de Brito, Amado Nervo, Ary Kerner, Barra Private, Biguá, BRS 1,2,4,5,6,I: Barão de Ubá, BRS 1,2,4,5,6,I: Domício da Gama, BRS 1,2,4,5,6,I: Matoso, BRS 1,2,5,6,7,I: Carmela Dutra, BRS 1,2,5,6,7,I: Conselheiro Zenha, BRS 1,2,5,6,I: Afonso Pena, BRS 1,2,5,6,I: Professor Gabizo, BRS 1,2,5,6,I: São Francisco Xavier, BRS 2,5,7,I: Saens Peña I, Capitão Campos, Casa do Alto, Cascata, Clóvis Bevilaqua, CMS Nicola Albano, Colégio Marista São José, Conde de Itaguaí, Curva do Violão, Dona Delfina, Doutor Catrambi, EDI José da Silva Araújo, Ernani Agrícola, Escola Municipal Mário Faccini, Estação Barão de Mauá :: Pista Lateral, Estrada Velha da Tijuca, Francisco Eugênio, Furnas, Furnas, 1805, Furnas, 3800, Gávea Pequena, Hospital São Francisco, Igreja Nossa Senhora da Conceição, Itanhangá Golf Club, Jacamim, Joaquim Palhares, José Botelho Souza, Marina Barra Clube, Mata Machado, Metrô Jardim Oceânico, Metrô Uruguai, Muçu, Natalina, Palácio do Alto, Paróquia Nossa Sra. da Luz, Pinto de Figueiredo, Poeta Khalil Gibran, Praça Afonso Viseu, Praça do Aleijadinho, Praça Senador Melo Viera, Radmaker, Raimundo Castro Maia, Santa Carolina, São Miguel, São Rafael, Tijuaçu, Waldemar Falcão"
302,Ida,89,301,Volta,2,2.25,"Metrô Jardim Oceânico :: Ônibus Convencionais, Paulo Mazzucchelli"
302,Ida,89,606,Volta,3,3.37,"Conde de Itaguaí, Estação Barão de Mauá :: Pista Lateral, Francisco Eugênio"
302,Ida,89,163,Ida,1,1.12,Francisco Eugênio
302,Ida,89,161,Ida,2,2.25,"Estação Barão de Mauá :: Pista Lateral, Francisco Eugênio"
302,Ida,89,SN634,Ida,6,6.74,"BRS 1,2,4,5,6,I: Barão de Ubá, BRS 1,2,4,5,6,I: Domício da Gama, BRS 1,2,4,5,6,I: Matoso, Estação Barão de Mauá :: Pista Lateral, Francisco Eugênio, Joaquim Palhares"
302,Ida,89,SV112,Ida,2,2.25,"Estação Barão de Mauá :: Pista Lateral, Francisco Eugênio"
302,Ida,89,SN353,Volta,2,2.25,"Estação Barão de Mauá :: Pista Lateral, Francisco Eugênio"
302,Ida,89,353,Volta,2,2.25,"Estação Barão de Mauá :: Pista Lateral, Francisco Eugênio"
302,Ida,89,635,Ida,5,5.62,"BRS 1,2,4,5,6,I: Barão de Ubá, BRS 1,2,4,5,6,I: Domício da Gama, BRS 1,2,4,5,6,I: Matoso, Estação Barão de Mauá :: Pista Lateral, Joaquim Palhares"
302,Ida,89,SV863,Volta,2,2.25,"Metrô Jardim Oceânico :: Ônibus Convencionais, Paulo Mazzucchelli"
302,Ida,89,SV624,Ida,2,2.25,"Estação Barão de Mauá :: Pista Lateral, Francisco Eugênio"
302,Ida,89,SP635,Ida,4,4.49,"BRS 1,2,4,5,6,I: Barão de Ubá, BRS 1,2,4,5,6,I: Domício da Gama, Estação Barão de Mauá :: Pista Lateral, Joaquim Palhares"
302,Ida,89,548,Volta,2,2.25,"Metrô Jardim Oceânico :: Ônibus Convencionais, Paulo Mazzucchelli"
302,Ida,89,548,Ida,2,2.25,"Barra Private, Metrô Jardim Oceânico"
302,Volta,90,636,Ida,3,3.33,"Abelardo Chacrinha Barbosa, Henry Ford, Metrô Uruguai"
302,Volta,90,805,Ida,23,25.56,"Alfabarra II, Clube Riviera, Embaixador Egberto Mafra, Eugênio Lyra Neto, General Ivan Raposo, Hercílio Gonçalves, Jornalista Pierre Plancher, Marcelo Roberto, Padre Alfredo Gonzales, Peregrino Junior, Praça do Ó, Praia da Barra - Posto 2, Praia da Barra - Posto 3, Praia da Barra - Posto 4, Praia da Barra - Posto 5, Praia da Barra - Posto 6, Praia da Barra - Posto 6, Praia da Barra - Posto 7, Praia da Barra - Posto 8, Praia da Barra - Posto 8, Prudência do Amaral, Rodolfo de Campos, São Regulo"
302,Volta,90,238,Ida,6,6.67,"Araújo Pena, Bispo, BRS 1,2,4,5,6,I: Sampaio Ferraz, BRS 1,2,4,5,I: Barão de Ubá, Club Municipal, Matoso"
302,Volta,90,SN238,Ida,5,5.56,"Araújo Pena, Bispo, BRS 1,2,4,5,I: Barão de Ubá, Club Municipal, Matoso"
302,Volta,90,239,Ida,6,6.67,"Araújo Pena, Bispo, BRS 1,2,4,5,6,I: Sampaio Ferraz, BRS 1,2,4,5,I: Barão de Ubá, Club Municipal, Matoso"
302,Volta,90,SPB550,Volta,7,7.78,"Condomínio Itanhanga Hills, Doutor Luiz Capriglione, Fonseca Costa, Passarela da Barra, Poeta Khalil Gibran, Praça do Aleijadinho, Praça Senador Melo Viera"
302,Volta,90,SV692,Volta,1,1.11,Alfabarra II
302,Volta,90,SV692,Ida,1,1.11,Alfabarra II
302,Volta,90,624,Volta,1,1.11,Dinah de Queiroz :: Sentido Ponte / T. Gentileza / São Cristóvão
302,Volta,90,634,Volta,1,1.11,Dinah de Queiroz :: Sentido Ponte / T. Gentileza / São Cristóvão
302,Volta,90,711,Volta,2,2.22,"BRS 1,2,4,5,6,I: Sampaio Ferraz, Metrô Estácio"
302,Volta,90,711,Ida,2,2.22,"Araújo Pena, Club Municipal"
302,Volta,90,SV606,Ida,4,4.44,"Abelardo Chacrinha Barbosa, Dinah de Queiroz :: Sentido Ponte / T. Gentileza / São Cristóvão, Henry Ford, Metrô Uruguai"
302,Volta,90,343,Ida,7,7.78,"Condomínio Itanhanga Hills, Doutor Luiz Capriglione, Fonseca Costa, Passarela da Barra, Poeta Khalil Gibran, Praça do Aleijadinho, Praça Senador Melo Viera"
302,Volta,90,SN302,Ida,5,5.56,"Calheiros Gomes, Desembargador Araújo Jorge, Terminal Alvorada :: Plataforma D7, Terminal Gentileza :: Plataforma A10, Vitor Konder"
302,Volta,90,SN302,Volta,90,100,"Abelardo Chacrinha Barbosa, Agostinho, Agrícola, Alfabarra II, Alves de Brito, Amado Nervo, Araújo Pena, Araújos, Bispo, BRS 1,2,4,5,6,I: Sampaio Ferraz, BRS 1,2,4,5,I: Barão de Ubá, Calheiros Gomes, Club Municipal, Clube Riviera, CMS Nicola Albano, Colégio Marista São José, Condomínio Itanhanga Hills, Conselheiro Zenha, Curva do Violão, Desembargador Araújo Jorge, Dinah de Queiroz :: Sentido Ponte / T. Gentileza / São Cristóvão, Doutor Luiz Capriglione, EDI José da Silva Araújo, Embaixador Egberto Mafra, Ernani Agrícola, Escola Municipal Mário Faccini, Estrada Velha da Tijuca, Eugênio Lyra Neto, Felix da Cunha, Ferreira de Almeida, Fonseca Costa, Fontes Castelo, Furnas, Furnas, 1805, Furnas, 3800, Garibaldi, Gávea Pequena, General Ivan Raposo, Henry Ford, Hercílio Gonçalves, Hospital São Francisco, Igreja Nossa Senhora da Conceição, Jacamim, Jornalista Pierre Plancher, José Botelho Souza, Marcelo Roberto, Mata Machado, Matoso, Medeiros Pássaro, Metrô Estácio, Metrô Uruguai, Muçu, Natalina, Olegário Maciel, Padre Alfredo Gonzales, Paróquia Nossa Sra. da Luz, Passarela da Barra, Peregrino Junior, Poeta Khalil Gibran, Praça Afonso Viseu, Praça do Aleijadinho, Praça do Ó, Praça Saens Peña, Praça Senador Melo Viera, Praia da Barra - Posto 2, Praia da Barra - Posto 3, Praia da Barra - Posto 4, Praia da Barra - Posto 5, Praia da Barra - Posto 6, Praia da Barra - Posto 6, Praia da Barra - Posto 7, Praia da Barra - Posto 8, Praia da Barra - Posto 8, Praia da Barra - Quebra Mar, Praia do Pepê, Prudência do Amaral, Raimundo Castro Maia, Rego Lopes, Rodolfo de Campos, Saens Peña Medical Center, Santa Carolina, São Miguel, São Rafael, São Regulo, Terminal Alvorada :: Plataforma D7, Terminal Gentileza :: Plataforma A10, Tijuaçu, Ulysses Guimarães, Vicente de Cabo Frio, Vitor Konder"
302,Volta,90,550,Volta,7,7.78,"Condomínio Itanhanga Hills, Doutor Luiz Capriglione, Fonseca Costa, Passarela da Barra, Poeta Khalil Gibran, Praça do Aleijadinho, Praça Senador Melo Viera"
302,Volta,90,555,Volta,7,7.78,"Condomínio Itanhanga Hills, Doutor Luiz Capriglione, Fonseca Costa, Passarela da Barra, Poeta Khalil Gibran, Praça do Aleijadinho, Praça Senador Melo Viera"
302,Volta,90,557,Ida,2,2.22,"Calheiros Gomes, Desembargador Araújo Jorge"
302,Volta,90,557,Volta,6,6.67,"Condomínio Itanhanga Hills, Doutor Luiz Capriglione, Fonseca Costa, Poeta Khalil Gibran, Praça do Aleijadinho, Praça Senador Melo Viera"
302,Volta,90,SN309,Ida,23,25.56,"Alfabarra II, Clube Riviera, Embaixador Egberto Mafra, Eugênio Lyra Neto, General Ivan Raposo, Hercílio Gonçalves, Jornalista Pierre Plancher, Marcelo Roberto, Padre Alfredo Gonzales, Peregrino Junior, Praça do Ó, Praia da Barra - Posto 2, Praia da Barra - Posto 3, Praia da Barra - Posto 4, Praia da Barra - Posto 5, Praia da Barra - Posto 6, Praia da Barra - Posto 6, Praia da Barra - Posto 7, Praia da Barra - Posto 8, Praia da Barra - Posto 8, Prudência do Amaral, Rodolfo de Campos, São Regulo"
302,Volta,90,309,Ida,23,25.56,"Alfabarra II, Clube Riviera, Embaixador Egberto Mafra, Eugênio Lyra Neto, General Ivan Raposo, Hercílio Gonçalves, Jornalista Pierre Plancher, Marcelo Roberto, Padre Alfredo Gonzales, Peregrino Junior, Praça do Ó, Praia da Barra - Posto 2, Praia da Barra - Posto 3, Praia da Barra - Posto 4, Praia da Barra - Posto 5, Praia da Barra - Posto 6, Praia da Barra - Posto 6, Praia da Barra - Posto 7, Praia da Barra - Posto 8, Praia da Barra - Posto 8, Prudência do Amaral, Rodolfo de Campos, São Regulo"
302,Volta,90,601,Ida,3,3.33,"Abelardo Chacrinha Barbosa, Henry Ford, Metrô Uruguai"
302,Volta,90,607,Volta,2,2.22,"BRS 1,2,4,5,6,I: Sampaio Ferraz, Metrô Estácio"
302,Volta,90,607,Ida,10,11.11,"Abelardo Chacrinha Barbosa, Araújo Pena, Araújos, Club Municipal, Conselheiro Zenha, Felix da Cunha, Henry Ford, Metrô Uruguai, Rego Lopes, Saens Peña Medical Center"
302,Volta,90,844,Ida,4,4.44,"Calheiros Gomes, Desembargador Araújo Jorge, Passarela da Barra, Vitor Konder"
302,Volta,90,SN550,Volta,7,7.78,"Condomínio Itanhanga Hills, Doutor Luiz Capriglione, Fonseca Costa, Passarela da Barra, Poeta Khalil Gibran, Praça do Aleijadinho, Praça Senador Melo Viera"
302,Volta,90,878,Volta,19,21.11,"Clube Riviera, Condomínio Itanhanga Hills, Doutor Luiz Capriglione, Embaixador Egberto Mafra, Fonseca Costa, General Ivan Raposo, Olegário Maciel, Passarela da Barra, Poeta Khalil Gibran, Praça do Aleijadinho, Praça do Ó, Praça Senador Melo Viera, Praia da Barra - Posto 2, Praia da Barra - Posto 3, Praia da Barra - Posto 4, Praia da Barra - Posto 5, Praia da Barra - Quebra Mar, Praia do Pepê, Prudência do Amaral"
302,Volta,90,SV878,Volta,19,21.11,"Clube Riviera, Condomínio Itanhanga Hills, Doutor Luiz Capriglione, Embaixador Egberto Mafra, Fonseca Costa, General Ivan Raposo, Olegário Maciel, Passarela da Barra, Poeta Khalil Gibran, Praça do Aleijadinho, Praça do Ó, Praça Senador Melo Viera, Praia da Barra - Posto 2, Praia da Barra - Posto 3, Praia da Barra - Posto 4, Praia da Barra - Posto 5, Praia da Barra - Quebra Mar, Praia do Pepê, Prudência do Amaral"
302,Volta,90,SN636,Ida,4,4.44,"Abelardo Chacrinha Barbosa, Henry Ford, Metrô Uruguai, Vicente de Cabo Frio"
302,Volta,90,863,Volta,7,7.78,"Condomínio Itanhanga Hills, Doutor Luiz Capriglione, Fonseca Costa, Passarela da Barra, Poeta Khalil Gibran, Praça do Aleijadinho, Praça Senador Melo Viera"
302,Volta,90,693,Volta,1,1.11,Alfabarra II
302,Volta,90,693,Ida,1,1.11,Alfabarra II
302,Volta,90,692,Ida,1,1.11,Alfabarra II
302,Volta,90,692,Volta,1,1.11,Alfabarra II
302,Volta,90,SN878,Volta,19,21.11,"Clube Riviera, Condomínio Itanhanga Hills, Doutor Luiz Capriglione, Embaixador Egberto Mafra, Fonseca Costa, General Ivan Raposo, Olegário Maciel, Passarela da Barra, Poeta Khalil Gibran, Praça do Aleijadinho, Praça do Ó, Praça Senador Melo Viera, Praia da Barra - Posto 2, Praia da Barra - Posto 3, Praia da Barra - Posto 4, Praia da Barra - Posto 5, Praia da Barra - Quebra Mar, Praia do Pepê, Prudência do Amaral"
302,Volta,90,181,Ida,1,1.11,Alfabarra II
302,Volta,90,217,Ida,3,3.33,"Abelardo Chacrinha Barbosa, Henry Ford, Metrô Uruguai"
302,Volta,90,220,Ida,25,27.78,"Abelardo Chacrinha Barbosa, Agostinho, Alves de Brito, Araújo Pena, Araújos, Bispo, BRS 1,2,4,5,6,I: Sampaio Ferraz, BRS 1,2,4,5,I: Barão de Ubá, Club Municipal, Colégio Marista São José, Conselheiro Zenha, Felix da Cunha, Garibaldi, Henry Ford, Hospital São Francisco, Igreja Nossa Senhora da Conceição, Matoso, Medeiros Pássaro, Metrô Uruguai, Natalina, Praça Saens Peña, Rego Lopes, Saens Peña Medical Center, Santa Carolina, Vicente de Cabo Frio"
302,Volta,90,229,Ida,25,27.78,"Abelardo Chacrinha Barbosa, Agostinho, Alves de Brito, Araújo Pena, Araújos, Bispo, BRS 1,2,4,5,6,I: Sampaio Ferraz, BRS 1,2,4,5,I: Barão de Ubá, Club Municipal, Colégio Marista São José, Conselheiro Zenha, Felix da Cunha, Garibaldi, Henry Ford, Hospital São Francisco, Igreja Nossa Senhora da Conceição, Matoso, Medeiros Pássaro, Metrô Uruguai, Natalina, Praça Saens Peña, Rego Lopes, Saens Peña Medical Center, Santa Carolina, Vicente de Cabo Frio"
302,Volta,90,409,Ida,12,13.33,"Araújo Pena, Araújos, Bispo, BRS 1,2,4,5,6,I: Sampaio Ferraz, BRS 1,2,4,5,I: Barão de Ubá, Club Municipal, Conselheiro Zenha, Felix da Cunha, Matoso, Praça Saens Peña, Rego Lopes, Saens Peña Medical Center"
302,Volta,90,410,Volta,2,2.22,"Araújo Pena, Felix da Cunha"
302,Volta,90,410,Ida,8,8.89,"Araújo Pena, Araújos, Club Municipal, Conselheiro Zenha, Felix da Cunha, Praça Saens Peña, Rego Lopes, Saens Peña Medical Center"
302,Volta,90,415,Ida,25,27.78,"Abelardo Chacrinha Barbosa, Agostinho, Alves de Brito, Araújo Pena, Araújos, Bispo, BRS 1,2,4,5,6,I: Sampaio Ferraz, BRS 1,2,4,5,I: Barão de Ubá, Club Municipal, Colégio Marista São José, Conselheiro Zenha, Felix da Cunha, Garibaldi, Henry Ford, Hospital São Francisco, Igreja Nossa Senhora da Conceição, Matoso, Medeiros Pássaro, Metrô Uruguai, Natalina, Praça Saens Peña, Rego Lopes, Saens Peña Medical Center, Santa Carolina, Vicente de Cabo Frio"
302,Volta,90,SN415,Ida,25,27.78,"Abelardo Chacrinha Barbosa, Agostinho, Alves de Brito, Araújo Pena, Araújos, Bispo, BRS 1,2,4,5,6,I: Sampaio Ferraz, BRS 1,2,4,5,I: Barão de Ubá, Club Municipal, Colégio Marista São José, Conselheiro Zenha, Felix da Cunha, Garibaldi, Henry Ford, Hospital São Francisco, Igreja Nossa Senhora da Conceição, Matoso, Medeiros Pássaro, Metrô Uruguai, Natalina, Praça Saens Peña, Rego Lopes, Saens Peña Medical Center, Santa Carolina, Vicente de Cabo Frio"
302,Volta,90,SN133,Volta,1,1.11,Metrô Estácio
302,Volta,90,SN133,Ida,4,4.44,"BRS 1,2,4,5,6,I: Sampaio Ferraz, Dinah de Queiroz :: Sentido Ponte / T. Gentileza / São Cristóvão, Metrô Estácio, Ulysses Guimarães"
302,Volta,90,426,Ida,21,23.33,"Abelardo Chacrinha Barbosa, Agostinho, Alves de Brito, Araújo Pena, Araújos, Club Municipal, Colégio Marista São José, Conselheiro Zenha, Felix da Cunha, Garibaldi, Henry Ford, Hospital São Francisco, Igreja Nossa Senhora da Conceição, Medeiros Pássaro, Metrô Uruguai, Natalina, Praça Saens Peña, Rego Lopes, Saens Peña Medical Center, Santa Carolina, Vicente de Cabo Frio"
302,Volta,90,426,Volta,2,2.22,"BRS 1,2,4,5,6,I: Sampaio Ferraz, Metrô Estácio"
302,Volta,90,432,Ida,6,6.67,"Araújo Pena, Bispo, BRS 1,2,4,5,6,I: Sampaio Ferraz, BRS 1,2,4,5,I: Barão de Ubá, Club Municipal, Matoso"
302,Volta,90,110,Volta,1,1.11,"BRS 1,2,4,5,6,I: Sampaio Ferraz"
302,Volta,90,112,Volta,1,1.11,"BRS 1,2,4,5,6,I: Sampaio Ferraz"
302,Volta,90,473,Volta,1,1.11,Dinah de Queiroz :: Sentido Ponte / T. Gentileza / São Cristóvão
302,Volta,90,603,Ida,8,8.89,"Abelardo Chacrinha Barbosa, Alves de Brito, Garibaldi, Henry Ford, Metrô Uruguai, Natalina, Praça Saens Peña, Vicente de Cabo Frio"
302,Volta,90,608,Ida,3,3.33,"Abelardo Chacrinha Barbosa, Henry Ford, Metrô Uruguai"
302,Volta,90,626,Volta,8,8.89,"Abelardo Chacrinha Barbosa, Alves de Brito, Garibaldi, Henry Ford, Metrô Uruguai, Natalina, Praça Saens Peña, Vicente de Cabo Frio"
302,Volta,90,448,Ida,8,8.89,"Agrícola, EDI José da Silva Araújo, Furnas, 1805, Gávea Pequena, José Botelho Souza, Mata Machado, Paróquia Nossa Sra. da Luz, Tijuaçu"
302,Volta,90,448,Volta,2,2.22,"Gávea Pequena, Paróquia Nossa Sra. da Luz"
302,Volta,90,433,Ida,6,6.67,"Araújo Pena, Bispo, BRS 1,2,4,5,6,I: Sampaio Ferraz, BRS 1,2,4,5,I: Barão de Ubá, Club Municipal, Matoso"
302,Volta,90,SPA550,Volta,7,7.78,"Condomínio Itanhanga Hills, Doutor Luiz Capriglione, Fonseca Costa, Passarela da Barra, Poeta Khalil Gibran, Praça do Aleijadinho, Praça Senador Melo Viera"
302,Volta,90,SP805,Ida,23,25.56,"Alfabarra II, Clube Riviera, Embaixador Egberto Mafra, Eugênio Lyra Neto, General Ivan Raposo, Hercílio Gonçalves, Jornalista Pierre Plancher, Marcelo Roberto, Padre Alfredo Gonzales, Peregrino Junior, Praça do Ó, Praia da Barra - Posto 2, Praia da Barra - Posto 3, Praia da Barra - Posto 4, Praia da Barra - Posto 5, Praia da Barra - Posto 6, Praia da Barra - Posto 6, Praia da Barra - Posto 7, Praia da Barra - Posto 8, Praia da Barra - Posto 8, Prudência do Amaral, Rodolfo de Campos, São Regulo"
302,Volta,90,645,Ida,45,50,"Abelardo Chacrinha Barbosa, Agostinho, Agrícola, Alves de Brito, Amado Nervo, CMS Nicola Albano, Colégio Marista São José, Condomínio Itanhanga Hills, Curva do Violão, Doutor Luiz Capriglione, EDI José da Silva Araújo, Ernani Agrícola, Escola Municipal Mário Faccini, Estrada Velha da Tijuca, Ferreira de Almeida, Fonseca Costa, Fontes Castelo, Furnas, Furnas, 1805, Furnas, 3800, Garibaldi, Gávea Pequena, Henry Ford, Hospital São Francisco, Igreja Nossa Senhora da Conceição, Jacamim, José Botelho Souza, Mata Machado, Medeiros Pássaro, Metrô Uruguai, Muçu, Natalina, Paróquia Nossa Sra. da Luz, Passarela da Barra, Poeta Khalil Gibran, Praça Afonso Viseu, Praça do Aleijadinho, Praça Saens Peña, Praça Senador Melo Viera, Raimundo Castro Maia, Santa Carolina, São Miguel, São Rafael, Tijuaçu, Vicente de Cabo Frio"
302,Volta,90,416,Volta,2,2.22,"BRS 1,2,4,5,6,I: Sampaio Ferraz, Metrô Estácio"
302,Volta,90,416,Ida,11,12.22,"Araújo Pena, Araújos, Bispo, BRS 1,2,4,5,I: Barão de Ubá, Club Municipal, Conselheiro Zenha, Felix da Cunha, Matoso, Praça Saens Peña, Rego Lopes, Saens Peña Medical Center"
302,Volta,90,552,Ida,23,25.56,"Alfabarra II, Clube Riviera, Embaixador Egberto Mafra, Eugênio Lyra Neto, General Ivan Raposo, Hercílio Gonçalves, Jornalista Pierre Plancher, Marcelo Roberto, Padre Alfredo Gonzales, Peregrino Junior, Praça do Ó, Praia da Barra - Posto 2, Praia da Barra - Posto 3, Praia da Barra - Posto 4, Praia da Barra - Posto 5, Praia da Barra - Posto 6, Praia da Barra - Posto 6, Praia da Barra - Posto 7, Praia da Barra - Posto 8, Praia da Barra - Posto 8, Prudência do Amaral, Rodolfo de Campos, São Regulo"
302,Volta,90,558,Volta,7,7.78,"Condomínio Itanhanga Hills, Doutor Luiz Capriglione, Fonseca Costa, Passarela da Barra, Poeta Khalil Gibran, Praça do Aleijadinho, Praça Senador Melo Viera"
302,Volta,90,SN433,Ida,6,6.67,"Araújo Pena, Bispo, BRS 1,2,4,5,6,I: Sampaio Ferraz, BRS 1,2,4,5,I: Barão de Ubá, Club Municipal, Matoso"
302,Volta,90,133,Volta,1,1.11,Metrô Estácio
302,Volta,90,133,Ida,4,4.44,"BRS 1,2,4,5,6,I: Sampaio Ferraz, Dinah de Queiroz :: Sentido Ponte / T. Gentileza / São Cristóvão, Metrô Estácio, Ulysses Guimarães"
302,Volta,90,301,Volta,59,65.56,"Abelardo Chacrinha Barbosa, Agostinho, Agrícola, Alves de Brito, Amado Nervo, Araújo Pena, Araújos, Bispo, BRS 1,2,4,5,6,I: Sampaio Ferraz, BRS 1,2,4,5,I: Barão de Ubá, Club Municipal, CMS Nicola Albano, Colégio Marista São José, Condomínio Itanhanga Hills, Conselheiro Zenha, Curva do Violão, Dinah de Queiroz :: Sentido Ponte / T. Gentileza / São Cristóvão, Doutor Luiz Capriglione, EDI José da Silva Araújo, Ernani Agrícola, Escola Municipal Mário Faccini, Estrada Velha da Tijuca, Felix da Cunha, Ferreira de Almeida, Fonseca Costa, Fontes Castelo, Furnas, Furnas, 1805, Furnas, 3800, Garibaldi, Gávea Pequena, Henry Ford, Hospital São Francisco, Igreja Nossa Senhora da Conceição, Jacamim, José Botelho Souza, Mata Machado, Matoso, Medeiros Pássaro, Metrô Estácio, Metrô Uruguai, Muçu, Natalina, Paróquia Nossa Sra. da Luz, Passarela da Barra, Poeta Khalil Gibran, Praça Afonso Viseu, Praça do Aleijadinho, Praça Saens Peña, Praça Senador Melo Viera, Raimundo Castro Maia, Rego Lopes, Saens Peña Medical Center, Santa Carolina, São Miguel, São Rafael, Tijuaçu, Ulysses Guimarães, Vicente de Cabo Frio"
302,Volta,90,606,Ida,4,4.44,"Abelardo Chacrinha Barbosa, Dinah de Queiroz :: Sentido Ponte / T. Gentileza / São Cristóvão, Henry Ford, Metrô Uruguai"
302,Volta,90,163,Volta,1,1.11,Dinah de Queiroz :: Sentido Ponte / T. Gentileza / São Cristóvão
302,Volta,90,161,Ida,1,1.11,Dinah de Queiroz :: Sentido Ponte / T. Gentileza / São Cristóvão
302,Volta,90,SN634,Volta,1,1.11,Dinah de Queiroz :: Sentido Ponte / T. Gentileza / São Cristóvão
302,Volta,90,SV112,Volta,1,1.11,Dinah de Queiroz :: Sentido Ponte / T. Gentileza / São Cristóvão
302,Volta,90,SN353,Ida,1,1.11,Dinah de Queiroz :: Sentido Ponte / T. Gentileza / São Cristóvão
302,Volta,90,353,Ida,1,1.11,Dinah de Queiroz :: Sentido Ponte / T. Gentileza / São Cristóvão
302,Volta,90,635,Volta,1,1.11,Dinah de Queiroz :: Sentido Ponte / T. Gentileza / São Cristóvão
302,Volta,90,SV863,Volta,6,6.67,"Condomínio Itanhanga Hills, Doutor Luiz Capriglione, Passarela da Barra, Poeta Khalil Gibran, Praça do Aleijadinho, Praça Senador Melo Viera"
302,Volta,90,SV624,Volta,1,1.11,Dinah de Queiroz :: Sentido Ponte / T. Gentileza / São Cristóvão
302,Volta,90,SP635,Volta,1,1.11,Dinah de Queiroz :: Sentido Ponte / T. Gentileza / São Cristóvão
SP810,Ida,52,636,Volta,4,7.69,"Estação Merck, Guerenguê, José de Souza Baeta, Terminal Bandeira Brasil (Taquara) :: Plat. Leste"
SP810,Ida,52,348,Volta,20,38.46,"Camorim, Catargo, Claraval, Esplendor, Estação Merck, Estação Recanto das Palmeiras, Estúdios Globo, Imperatriz Leopoldina, IV Centenário, Mesulin Svirer, Nossa Senhora da Saúde, Olof Palme, Pedra Negra, Pedro Calmon, Praça do Bandolim, Roche, Rubelita, Salvador Allende, São Longino, São Marcelo"
SP810,Ida,52,368,Volta,21,40.38,"Camorim, Catargo, Claraval, Esplendor, Estação Merck, Estação Recanto das Palmeiras, Estúdios Globo, Godofredo Marques, Imperatriz Leopoldina, IV Centenário, Mesulin Svirer, Nossa Senhora da Saúde, Olof Palme, Pedra Negra, Pedro Calmon, Praça do Bandolim, Roche, Rubelita, Salvador Allende, São Longino, São Marcelo"
SP810,Ida,52,380,Volta,1,1.92,José de Souza Baeta
SP810,Ida,52,390,Volta,2,3.85,"José de Souza Baeta, Terminal Bandeira Brasil (Taquara) :: Plat. Leste"
SP810,Ida,52,600,Ida,4,7.69,"Estação Merck, Guerenguê, José de Souza Baeta, Terminal Bandeira Brasil (Taquara) :: Plat. Leste"
SP810,Ida,52,611,Volta,13,25,"Camorim, Claraval, Esplendor, Estúdios Globo, Godofredo Marques, José de Souza Baeta, Mesulin Svirer, Olof Palme, Pedra Negra, Pedro Calmon, Rubelita, Salvador Allende, São Marcelo"
SP810,Ida,52,611,Ida,3,5.77,"Esplendor, Estação Merck, Nossa Senhora da Saúde"
SP810,Ida,52,613,Volta,24,46.15,"Célio Fernandes dos Santos, César Epitácio Maia, Condomínio Auá Grumari e Sernambetiba, Condomínio Parque Nobre, Condomínio Reserva da Praia, Daniel Barreto dos Santos, Dumontina, Elísio de Araújo, Esperança, Frei Tibúrcio, Frei Tibúrcio, Hélio Oiticica, João Marques Cadengo, Max Lameu Cavalcante, Mazaropi, Nathalia Cruz, Olof Palme, Professor Santos Moreira, Rio Morto, Rio Water Planet, Rosa Antunes, Santa Luzia, TV Record, Verde Mar"
SP810,Ida,52,613,Ida,2,3.85,"Manhuaçu, Sacarrão"
SP810,Ida,52,691,Ida,4,7.69,"Estação Merck, Guerenguê, José de Souza Baeta, Terminal Bandeira Brasil (Taquara) :: Plat. Leste"
SP810,Ida,52,810,Volta,2,3.85,"Escola de Equitação Haras Pégasus, Terminal Bandeira Brasil (Taquara) :: Plat. Leste"
SP810,Ida,52,810,Ida,51,98.08,"Camorim, Catargo, Célio Fernandes dos Santos, César Epitácio Maia, Claraval, Condomínio Auá Grumari e Sernambetiba, Condomínio Parque Nobre, Condomínio Reserva da Praia, Daniel Barreto dos Santos, Dumontina, Elísio de Araújo, Escola de Equitação Haras Pégasus, Esperança, Esplendor, Estação Merck, Estação Recanto das Palmeiras, Estúdios Globo, Frei Tibúrcio, Frei Tibúrcio, Godofredo Marques, Guerenguê, Hélio Oiticica, Imperatriz Leopoldina, IV Centenário, João Marques Cadengo, José de Souza Baeta, Manhuaçu, Max Lameu Cavalcante, Mazaropi, Mesulin Svirer, Nathalia Cruz, Nossa Senhora da Saúde, Olof Palme, Pacuí, Pedra Negra, Pedro Calmon, Praça do Bandolim, Professor Santos Moreira, Rio Morto, Rio Water Planet, Roche, Rosa Antunes, Rubelita, Sacarrão, Salvador Allende, Santa Luzia, São Longino, São Marcelo, Terminal Bandeira Brasil (Taquara) :: Plat. Leste, TV Record, Verde Mar"
SP810,Ida,52,861,Volta,4,7.69,"Estação Merck, Guerenguê, José de Souza Baeta, Terminal Bandeira Brasil (Taquara) :: Plat. Leste"
SP810,Ida,52,SN636,Volta,4,7.69,"Estação Merck, Guerenguê, José de Souza Baeta, Terminal Bandeira Brasil (Taquara) :: Plat. Leste"
SP810,Ida,52,SN810,Ida,42,80.77,"Camorim, Célio Fernandes dos Santos, César Epitácio Maia, Claraval, Condomínio Auá Grumari e Sernambetiba, Condomínio Parque Nobre, Condomínio Reserva da Praia, Daniel Barreto dos Santos, Dumontina, Elísio de Araújo, Escola de Equitação Haras Pégasus, Esplendor, Estúdios Globo, Frei Tibúrcio, Frei Tibúrcio, Godofredo Marques, Hélio Oiticica, João Marques Cadengo, José de Souza Baeta, Manhuaçu, Max Lameu Cavalcante, Mazaropi, Mesulin Svirer, Nathalia Cruz, Nossa Senhora da Saúde, Olof Palme, Pacuí, Pedra Negra, Pedro Calmon, Praça do Bandolim, Professor Santos Moreira, Rio Morto, Rio Water Planet, Rosa Antunes, Rubelita, Sacarrão, Salvador Allende, Santa Luzia, São Marcelo, Terminal Bandeira Brasil (Taquara) :: Plat. Leste, TV Record, Verde Mar"
SP810,Ida,52,SN810,Volta,2,3.85,"Escola de Equitação Haras Pégasus, Terminal Bandeira Brasil (Taquara) :: Plat. Leste"
SP810,Ida,52,900,Ida,3,5.77,"Estação Merck, Guerenguê, José de Souza Baeta"
SP810,Ida,52,954,Ida,33,63.46,"Camorim, Catargo, Célio Fernandes dos Santos, César Epitácio Maia, Claraval, Condomínio Parque Nobre, Esplendor, Estação Merck, Estação Recanto das Palmeiras, Estúdios Globo, Frei Tibúrcio, Godofredo Marques, Guerenguê, Imperatriz Leopoldina, IV Centenário, José de Souza Baeta, Max Lameu Cavalcante, Mazaropi, Mesulin Svirer, Nathalia Cruz, Nossa Senhora da Saúde, Olof Palme, Pedra Negra, Pedro Calmon, Praça do Bandolim, Professor Santos Moreira, Roche, Rubelita, Salvador Allende, São Longino, São Marcelo, Terminal Bandeira Brasil (Taquara) :: Plat. Leste, Verde Mar"
SP810,Ida,52,954,Volta,1,1.92,Terminal Bandeira Brasil (Taquara) :: Plat. Leste
SP810,Ida,52,SN954,Ida,33,63.46,"Camorim, Catargo, Célio Fernandes dos Santos, César Epitácio Maia, Claraval, Condomínio Parque Nobre, Esplendor, Estação Merck, Estação Recanto das Palmeiras, Estúdios Globo, Frei Tibúrcio, Godofredo Marques, Guerenguê, Imperatriz Leopoldina, IV Centenário, José de Souza Baeta, Max Lameu Cavalcante, Mazaropi, Mesulin Svirer, Nathalia Cruz, Nossa Senhora da Saúde, Olof Palme, Pedra Negra, Pedro Calmon, Praça do Bandolim, Professor Santos Moreira, Roche, Rubelita, Salvador Allende, São Longino, São Marcelo, Terminal Bandeira Brasil (Taquara) :: Plat. Leste, Verde Mar"
SP810,Ida,52,SN954,Volta,1,1.92,Terminal Bandeira Brasil (Taquara) :: Plat. Leste
SP810,Ida,52,801,Ida,4,7.69,"Estação Merck, Guerenguê, José de Souza Baeta, Terminal Bandeira Brasil (Taquara) :: Plat. Leste"
SP810,Ida,52,SN803,Ida,4,7.69,"Estação Merck, Guerenguê, José de Souza Baeta, Terminal Bandeira Brasil (Taquara) :: Plat. Leste"
SP810,Ida,52,803,Ida,4,7.69,"Estação Merck, Guerenguê, José de Souza Baeta, Terminal Bandeira Brasil (Taquara) :: Plat. Leste"
SP810,Ida,52,SN554,Ida,1,1.92,Escola de Equitação Haras Pégasus
SP810,Ida,52,SN554,Volta,18,34.62,"Condomínio Auá Grumari e Sernambetiba, Condomínio Reserva da Praia, Daniel Barreto dos Santos, Dumontina, Elísio de Araújo, Escola de Equitação Haras Pégasus, Esperança, Frei Tibúrcio, Hélio Oiticica, João Marques Cadengo, Manhuaçu, Pacuí, Rio Morto, Rio Water Planet, Rosa Antunes, Sacarrão, Santa Luzia, TV Record"
SP810,Ida,52,817,Ida,5,9.62,"Esperança, Manhuaçu, Rio Morto, Rio Water Planet, Sacarrão"
SP810,Ida,52,554,Volta,18,34.62,"Condomínio Auá Grumari e Sernambetiba, Condomínio Reserva da Praia, Daniel Barreto dos Santos, Dumontina, Elísio de Araújo, Escola de Equitação Haras Pégasus, Esperança, Frei Tibúrcio, Hélio Oiticica, João Marques Cadengo, Manhuaçu, Pacuí, Rio Morto, Rio Water Planet, Rosa Antunes, Sacarrão, Santa Luzia, TV Record"
SP810,Ida,52,554,Ida,1,1.92,Escola de Equitação Haras Pégasus
SP810,Ida,52,881,Ida,16,30.77,"Camorim, Claraval, Esplendor, Estúdios Globo, Godofredo Marques, José de Souza Baeta, Mesulin Svirer, Nossa Senhora da Saúde, Olof Palme, Pedra Negra, Pedro Calmon, Praça do Bandolim, Rubelita, Salvador Allende, São Marcelo, Terminal Bandeira Brasil (Taquara) :: Plat. Leste"
SP810,Ida,52,881,Volta,1,1.92,Terminal Bandeira Brasil (Taquara) :: Plat. Leste
SP810,Ida,52,SN368,Volta,21,40.38,"Camorim, Catargo, Claraval, Esplendor, Estação Merck, Estação Recanto das Palmeiras, Estúdios Globo, Godofredo Marques, Imperatriz Leopoldina, IV Centenário, Mesulin Svirer, Nossa Senhora da Saúde, Olof Palme, Pedra Negra, Pedro Calmon, Praça do Bandolim, Roche, Rubelita, Salvador Allende, São Longino, São Marcelo"
SP810,Ida,52,SN861,Volta,4,7.69,"Estação Merck, Guerenguê, José de Souza Baeta, Terminal Bandeira Brasil (Taquara) :: Plat. Leste"
SP810,Ida,52,SN600,Ida,4,7.69,"Estação Merck, Guerenguê, José de Souza Baeta, Terminal Bandeira Brasil (Taquara) :: Plat. Leste"
SP810,Ida,52,SV803,Ida,4,7.69,"Estação Merck, Guerenguê, José de Souza Baeta, Terminal Bandeira Brasil (Taquara) :: Plat. Leste"
SP810,Volta,56,636,Volta,2,3.57,"Bacairis, Terminal Bandeira Brasil (Taquara) :: Plat. Leste"
SP810,Volta,56,636,Ida,2,3.57,"Merck, Morais"
SP810,Volta,56,306,Ida,1,1.79,Bacairis
SP810,Volta,56,306,Volta,2,3.57,"Marechal José Beviláqua, Nelson Cardoso"
SP810,Volta,56,348,Ida,19,33.93,"Barra Bonita, Barra Grande, Catargo, Espigão, Estação Arroio Pavuna, Estação Recanto das Palmeiras, Igarapé-Açu, IV Centenário, Nossa Senhora da Saúde, Pedra Dourada, Pedra Negra, Pedro Calmon, Pedro Corrêa, Pitimbú, Praça do Bandolim, Roche, Salvador Allende, Santa Efigênia, Santa Maura"
SP810,Volta,56,368,Volta,1,1.79,Merck
SP810,Volta,56,368,Ida,19,33.93,"Barra Bonita, Barra Grande, Catargo, Espigão, Estação Arroio Pavuna, Estação Recanto das Palmeiras, Igarapé-Açu, IV Centenário, Nossa Senhora da Saúde, Pedra Dourada, Pedra Negra, Pedro Calmon, Pedro Corrêa, Pitimbú, Praça do Bandolim, Roche, Salvador Allende, Santa Efigênia, Santa Maura"
SP810,Volta,56,380,Ida,3,5.36,"Merck, Morais, Nacional"
SP810,Volta,56,380,Volta,2,3.57,"Marechal José Beviláqua, Nelson Cardoso"
SP810,Volta,56,390,Ida,3,5.36,"Merck, Morais, Nacional"
SP810,Volta,56,390,Volta,4,7.14,"Bacairis, Marechal José Beviláqua, Nelson Cardoso, Terminal Bandeira Brasil (Taquara) :: Plat. Leste"
SP810,Volta,56,600,Volta,5,8.93,"Marechal José Beviláqua, Merck, Morais, Nacional, Nelson Cardoso"
SP810,Volta,56,600,Ida,1,1.79,Terminal Bandeira Brasil (Taquara) :: Plat. Leste
SP810,Volta,56,2111,Ida,1,1.79,Bacairis
SP810,Volta,56,2111,Volta,2,3.57,"Marechal José Beviláqua, Nelson Cardoso"
SP810,Volta,56,610,Ida,2,3.57,"Marechal José Beviláqua, Nelson Cardoso"
SP810,Volta,56,610,Volta,1,1.79,Bacairis
SP810,Volta,56,611,Volta,2,3.57,"Merck, Morais"
SP810,Volta,56,611,Ida,12,21.43,"Barra Bonita, Barra Grande, Espigão, Igarapé-Açu, Nossa Senhora da Saúde, Pedra Dourada, Pedra Negra, Pedro Calmon, Pedro Corrêa, Pitimbú, Salvador Allende, Santa Maura"
SP810,Volta,56,613,Volta,1,1.79,Olof Palme
SP810,Volta,56,613,Ida,27,48.21,"Bela Floresta, Boulevard da Barra Olímpica, Célio Fernandes dos Santos, César Epitácio Maia, Condomínio Auá Grumari e Sernambetiba, Condomínio Parque Nobre, Condomínio Reserva da Praia, Cyro Aranha, Daniel Barreto dos Santos, Dumontina, Família Vilaça, Frei Tibúrcio, Jornalista Luiz Eduardo Lobo, Manhuaçu, Max Lameu Cavalcante, Mazaropi, Paulo José Mahfud, Pedro Afonso, Professor Santos Moreira, Rio Morto, Rosa Antunes, Sacarrão, Santa América, Santa Luzia, TV Record, Verde Mar, Wellington Jones Paiva"
SP810,Volta,56,691,Volta,2,3.57,"Merck, Morais"
SP810,Volta,56,691,Ida,4,7.14,"Bacairis, Marechal José Beviláqua, Nelson Cardoso, Terminal Bandeira Brasil (Taquara) :: Plat. Leste"
SP810,Volta,56,810,Volta,56,100,"Bacairis, Barra Bonita, Barra Grande, Bela Floresta, Boulevard da Barra Olímpica, Catargo, Célio Fernandes dos Santos, César Epitácio Maia, Condomínio Auá Grumari e Sernambetiba, Condomínio Parque Nobre, Condomínio Reserva da Praia, Cyro Aranha, Daniel Barreto dos Santos, Dumontina, Escola de Equitação Haras Pégasus, Espigão, Estação Arroio Pavuna, Estação Recanto das Palmeiras, Família Vilaça, Frei Tibúrcio, Igarapé-Açu, IV Centenário, Jornalista Luiz Eduardo Lobo, Manhuaçu, Marechal José Beviláqua, Max Lameu Cavalcante, Mazaropi, Merck, Morais, Nacional, Nelson Cardoso, Nossa Senhora da Saúde, Olof Palme, Pacuí, Paulo José Mahfud, Pedra Dourada, Pedra Negra, Pedro Afonso, Pedro Calmon, Pedro Corrêa, Pitimbú, Praça do Bandolim, Professor Santos Moreira, Rio Morto, Roche, Rosa Antunes, Sacarrão, Salvador Allende, Santa América, Santa Efigênia, Santa Luzia, Santa Maura, Terminal Bandeira Brasil (Taquara) :: Plat. Leste, TV Record, Verde Mar, Wellington Jones Paiva"
SP810,Volta,56,810,Ida,1,1.79,Terminal Bandeira Brasil (Taquara) :: Plat. Leste
SP810,Volta,56,861,Volta,1,1.79,Terminal Bandeira Brasil (Taquara) :: Plat. Leste
SP810,Volta,56,861,Ida,3,5.36,"Bacairis, Merck, Morais"
SP810,Volta,56,SN636,Ida,2,3.57,"Merck, Morais"
SP810,Volta,56,SN636,Volta,2,3.57,"Bacairis, Terminal Bandeira Brasil (Taquara) :: Plat. Leste"
SP810,Volta,56,SN810,Ida,1,1.79,Terminal Bandeira Brasil (Taquara) :: Plat. Leste
SP810,Volta,56,SN810,Volta,46,82.14,"Bacairis, Barra Bonita, Barra Grande, Bela Floresta, Boulevard da Barra Olímpica, Célio Fernandes dos Santos, César Epitácio Maia, Condomínio Auá Grumari e Sernambetiba, Condomínio Parque Nobre, Condomínio Reserva da Praia, Cyro Aranha, Daniel Barreto dos Santos, Dumontina, Escola de Equitação Haras Pégasus, Espigão, Família Vilaça, Frei Tibúrcio, Igarapé-Açu, Jornalista Luiz Eduardo Lobo, Manhuaçu, Max Lameu Cavalcante, Mazaropi, Nacional, Nelson Cardoso, Nossa Senhora da Saúde, Olof Palme, Pacuí, Paulo José Mahfud, Pedra Dourada, Pedra Negra, Pedro Afonso, Pedro Calmon, Pedro Corrêa, Pitimbú, Professor Santos Moreira, Rio Morto, Rosa Antunes, Sacarrão, Salvador Allende, Santa América, Santa Luzia, Santa Maura, Terminal Bandeira Brasil (Taquara) :: Plat. Leste, TV Record, Verde Mar, Wellington Jones Paiva"
SP810,Volta,56,900,Volta,6,10.71,"Bacairis, Marechal José Beviláqua, Merck, Morais, Nacional, Nelson Cardoso"
SP810,Volta,56,954,Ida,1,1.79,Terminal Bandeira Brasil (Taquara) :: Plat. Leste
SP810,Volta,56,954,Volta,37,66.07,"Bacairis, Barra Bonita, Barra Grande, Boulevard da Barra Olímpica, Catargo, Célio Fernandes dos Santos, César Epitácio Maia, Condomínio Parque Nobre, Espigão, Estação Arroio Pavuna, Estação Recanto das Palmeiras, Família Vilaça, Frei Tibúrcio, Igarapé-Açu, IV Centenário, Marechal José Beviláqua, Max Lameu Cavalcante, Mazaropi, Merck, Morais, Nacional, Nelson Cardoso, Nossa Senhora da Saúde, Olof Palme, Pedra Dourada, Pedra Negra, Pedro Calmon, Pedro Corrêa, Pitimbú, Praça do Bandolim, Professor Santos Moreira, Roche, Salvador Allende, Santa Efigênia, Santa Maura, Terminal Bandeira Brasil (Taquara) :: Plat. Leste, Verde Mar"
SP810,Volta,56,SN954,Ida,1,1.79,Terminal Bandeira Brasil (Taquara) :: Plat. Leste
SP810,Volta,56,SN954,Volta,36,64.29,"Bacairis, Barra Bonita, Barra Grande, Boulevard da Barra Olímpica, Catargo, Célio Fernandes dos Santos, César Epitácio Maia, Condomínio Parque Nobre, Espigão, Estação Arroio Pavuna, Estação Recanto das Palmeiras, Família Vilaça, Frei Tibúrcio, Igarapé-Açu, IV Centenário, Max Lameu Cavalcante, Mazaropi, Merck, Morais, Nacional, Nelson Cardoso, Nossa Senhora da Saúde, Olof Palme, Pedra Dourada, Pedra Negra, Pedro Calmon, Pedro Corrêa, Pitimbú, Praça do Bandolim, Professor Santos Moreira, Roche, Salvador Allende, Santa Efigênia, Santa Maura, Terminal Bandeira Brasil (Taquara) :: Plat. Leste, Verde Mar"
SP810,Volta,56,801,Ida,1,1.79,Terminal Bandeira Brasil (Taquara) :: Plat. Leste
SP810,Volta,56,801,Volta,2,3.57,"Merck, Morais"
SP810,Volta,56,SN803,Ida,1,1.79,Terminal Bandeira Brasil (Taquara) :: Plat. Leste
SP810,Volta,56,SN803,Volta,2,3.57,"Merck, Morais"
SP810,Volta,56,803,Ida,1,1.79,Terminal Bandeira Brasil (Taquara) :: Plat. Leste
SP810,Volta,56,803,Volta,2,3.57,"Merck, Morais"
SP810,Volta,56,SN554,Ida,19,33.93,"Bela Floresta, Condomínio Auá Grumari e Sernambetiba, Condomínio Reserva da Praia, Cyro Aranha, Daniel Barreto dos Santos, Dumontina, Escola de Equitação Haras Pégasus, Jornalista Luiz Eduardo Lobo, Manhuaçu, Pacuí, Paulo José Mahfud, Pedro Afonso, Rio Morto, Rosa Antunes, Sacarrão, Santa América, Santa Luzia, TV Record, Wellington Jones Paiva"
SP810,Volta,56,990,Volta,1,1.79,Merck
SP810,Volta,56,817,Volta,4,7.14,"Manhuaçu, Pedro Afonso, Sacarrão, Santa América"
SP810,Volta,56,817,Ida,1,1.79,Rio Morto
SP810,Volta,56,554,Ida,19,33.93,"Bela Floresta, Condomínio Auá Grumari e Sernambetiba, Condomínio Reserva da Praia, Cyro Aranha, Daniel Barreto dos Santos, Dumontina, Escola de Equitação Haras Pégasus, Jornalista Luiz Eduardo Lobo, Manhuaçu, Pacuí, Paulo José Mahfud, Pedro Afonso, Rio Morto, Rosa Antunes, Sacarrão, Santa América, Santa Luzia, TV Record, Wellington Jones Paiva"
SP810,Volta,56,881,Ida,1,1.79,Terminal Bandeira Brasil (Taquara) :: Plat. Leste
SP810,Volta,56,881,Volta,16,28.57,"Bacairis, Barra Bonita, Barra Grande, Espigão, Igarapé-Açu, Marechal José Beviláqua, Nelson Cardoso, Nossa Senhora da Saúde, Pedra Dourada, Pedra Negra, Pedro Calmon, Pedro Corrêa, Pitimbú, Salvador Allende, Santa Maura, Terminal Bandeira Brasil (Taquara) :: Plat. Leste"
SP810,Volta,56,SN368,Volta,1,1.79,Merck
SP810,Volta,56,SN368,Ida,19,33.93,"Barra Bonita, Barra Grande, Catargo, Espigão, Estação Arroio Pavuna, Estação Recanto das Palmeiras, Igarapé-Açu, IV Centenário, Nossa Senhora da Saúde, Pedra Dourada, Pedra Negra, Pedro Calmon, Pedro Corrêa, Pitimbú, Praça do Bandolim, Roche, Salvador Allende, Santa Efigênia, Santa Maura"
SP810,Volta,56,SN861,Ida,3,5.36,"Bacairis, Merck, Morais"
SP810,Volta,56,SN861,Volta,1,1.79,Terminal Bandeira Brasil (Taquara) :: Plat. Leste
SP810,Volta,56,SN600,Ida,1,1.79,Terminal Bandeira Brasil (Taquara) :: Plat. Leste
SP810,Volta,56,SN600,Volta,5,8.93,"Marechal José Beviláqua, Merck, Morais, Nacional, Nelson Cardoso"
SP810,Volta,56,SN353,Ida,2,3.57,"Marechal José Beviláqua, Nelson Cardoso"
SP810,Volta,56,SN353,Volta,1,1.79,Bacairis
SP810,Volta,56,353,Volta,1,1.79,Bacairis
SP810,Volta,56,353,Ida,2,3.57,"Marechal José Beviláqua, Nelson Cardoso"
SP810,Volta,56,SV803,Ida,1,1.79,Terminal Bandeira Brasil (Taquara) :: Plat. Leste
SP810,Volta,56,SV803,Volta,2,3.57,"Merck, Morais"
SN810,Ida,71,636,Volta,2,2.82,"José de Souza Baeta, Terminal Bandeira Brasil (Taquara) :: Plat. Leste"
SN810,Ida,71,348,Volta,13,18.31,"Camorim, Claraval, Esplendor, Estúdios Globo, Mesulin Svirer, Nossa Senhora da Saúde, Olof Palme, Pedra Negra, Pedro Calmon, Praça do Bandolim, Rubelita, Salvador Allende, São Marcelo"
SN810,Ida,71,368,Volta,14,19.72,"Camorim, Claraval, Esplendor, Estúdios Globo, Godofredo Marques, Mesulin Svirer, Nossa Senhora da Saúde, Olof Palme, Pedra Negra, Pedro Calmon, Praça do Bandolim, Rubelita, Salvador Allende, São Marcelo"
SN810,Ida,71,380,Volta,8,11.27,"Barreto Coutinho, Beira Lima, Frei Rodovalho, José de Souza Baeta, Largo da Preguiça, Padre Ventura, Praça da Playboy, Vale do Ipê"
SN810,Ida,71,390,Volta,9,12.68,"Barreto Coutinho, Beira Lima, Frei Rodovalho, José de Souza Baeta, Largo da Preguiça, Padre Ventura, Praça da Playboy, Terminal Bandeira Brasil (Taquara) :: Plat. Leste, Vale do Ipê"
SN810,Ida,71,600,Ida,2,2.82,"José de Souza Baeta, Terminal Bandeira Brasil (Taquara) :: Plat. Leste"
SN810,Ida,71,611,Volta,20,28.17,"Barreto Coutinho, Beira Lima, Camorim, Claraval, Esplendor, Estúdios Globo, Frei Rodovalho, Godofredo Marques, José de Souza Baeta, Largo da Preguiça, Mesulin Svirer, Olof Palme, Padre Ventura, Pedra Negra, Pedro Calmon, Praça da Playboy, Rubelita, Salvador Allende, São Marcelo, Vale do Ipê"
SN810,Ida,71,611,Ida,2,2.82,"Esplendor, Nossa Senhora da Saúde"
SN810,Ida,71,613,Volta,23,32.39,"Célio Fernandes dos Santos, César Epitácio Maia, Condomínio Auá Grumari e Sernambetiba, Condomínio Parque Nobre, Condomínio Reserva da Praia, Daniel Barreto dos Santos, Dumontina, Elísio de Araújo, Frei Tibúrcio, Frei Tibúrcio, Hélio Oiticica, João Marques Cadengo, Max Lameu Cavalcante, Mazaropi, Nathalia Cruz, Olof Palme, Professor Santos Moreira, Rio Morto, Rio Water Planet, Rosa Antunes, Santa Luzia, TV Record, Verde Mar"
SN810,Ida,71,613,Ida,2,2.82,"Manhuaçu, Sacarrão"
SN810,Ida,71,691,Ida,2,2.82,"José de Souza Baeta, Terminal Bandeira Brasil (Taquara) :: Plat. Leste"
SN810,Ida,71,810,Volta,2,2.82,"Estação Pontal, Terminal Bandeira Brasil (Taquara) :: Plat. Leste"
SN810,Ida,71,810,Ida,59,83.1,"Bandeirantes, Bandeirantes, 25539, Bosque dos Eucaliptos, Camorim, Célio Fernandes dos Santos, César Epitácio Maia, Claraval, Comunidade Bandeirantes, Condomínio Auá Grumari e Sernambetiba, Condomínio Parque Nobre, Condomínio Reserva Atlântica, Condomínio Reserva da Praia, CT George Helal - Ninho do Urubu, Daniel Barreto dos Santos, Dumontina, Elísio de Araújo, Escola de Equitação Haras Pégasus, Esplendor, Estação Pontal, Estação Pontal, Estúdios Globo, Fazendinha Rio, Frei Martinho, Frei Martinho, Frei Tibúrcio, Frei Tibúrcio, Godofredo Marques, Grota Funda, Haras Bandeirantes, Hélio Oiticica, João Marques Cadengo, José de Souza Baeta, Manhuaçu, Mansão da Xuxa, Max Lameu Cavalcante, Mazaropi, Mesulin Svirer, Nathalia Cruz, Nossa Senhora da Saúde, Nove de Julho, Olof Palme, Onze de Maio, Otto Stupakoff, Pacuí, Pedra Negra, Pedro Calmon, Praça do Bandolim, Professor Santos Moreira, Rio Morto, Rio Water Planet, Rosa Antunes, Rubelita, Sacarrão, Salvador Allende, Santa Luzia, São Marcelo, Terminal Bandeira Brasil (Taquara) :: Plat. Leste, TV Record, Verde Mar"
SN810,Ida,71,SP810,Ida,42,59.15,"Camorim, Célio Fernandes dos Santos, César Epitácio Maia, Claraval, Condomínio Auá Grumari e Sernambetiba, Condomínio Parque Nobre, Condomínio Reserva da Praia, Daniel Barreto dos Santos, Dumontina, Elísio de Araújo, Escola de Equitação Haras Pégasus, Esplendor, Estúdios Globo, Frei Tibúrcio, Frei Tibúrcio, Godofredo Marques, Hélio Oiticica, João Marques Cadengo, José de Souza Baeta, Manhuaçu, Max Lameu Cavalcante, Mazaropi, Mesulin Svirer, Nathalia Cruz, Nossa Senhora da Saúde, Olof Palme, Pacuí, Pedra Negra, Pedro Calmon, Praça do Bandolim, Professor Santos Moreira, Rio Morto, Rio Water Planet, Rosa Antunes, Rubelita, Sacarrão, Salvador Allende, Santa Luzia, São Marcelo, Terminal Bandeira Brasil (Taquara) :: Plat. Leste, TV Record, Verde Mar"
SN810,Ida,71,SP810,Volta,1,1.41,Terminal Bandeira Brasil (Taquara) :: Plat. Leste
SN810,Ida,71,861,Volta,2,2.82,"José de Souza Baeta, Terminal Bandeira Brasil (Taquara) :: Plat. Leste"
SN810,Ida,71,861,Ida,4,5.63,"Beira Lima, Frei Rodovalho, Largo da Preguiça, Vale do Ipê"
SN810,Ida,71,SN636,Volta,2,2.82,"José de Souza Baeta, Terminal Bandeira Brasil (Taquara) :: Plat. Leste"
SN810,Ida,71,2803,Ida,1,1.41,Estação Pontal
SN810,Ida,71,2803,Volta,1,1.41,Estação Pontal
SN810,Ida,71,900,Ida,1,1.41,José de Souza Baeta
SN810,Ida,71,954,Ida,25,35.21,"Camorim, Célio Fernandes dos Santos, César Epitácio Maia, Claraval, Condomínio Parque Nobre, Esplendor, Estúdios Globo, Frei Tibúrcio, Godofredo Marques, José de Souza Baeta, Max Lameu Cavalcante, Mazaropi, Mesulin Svirer, Nathalia Cruz, Nossa Senhora da Saúde, Olof Palme, Pedra Negra, Pedro Calmon, Praça do Bandolim, Professor Santos Moreira, Rubelita, Salvador Allende, São Marcelo, Terminal Bandeira Brasil (Taquara) :: Plat. Leste, Verde Mar"
SN810,Ida,71,954,Volta,1,1.41,Terminal Bandeira Brasil (Taquara) :: Plat. Leste
SN810,Ida,71,SN954,Ida,25,35.21,"Camorim, Célio Fernandes dos Santos, César Epitácio Maia, Claraval, Condomínio Parque Nobre, Esplendor, Estúdios Globo, Frei Tibúrcio, Godofredo Marques, José de Souza Baeta, Max Lameu Cavalcante, Mazaropi, Mesulin Svirer, Nathalia Cruz, Nossa Senhora da Saúde, Olof Palme, Pedra Negra, Pedro Calmon, Praça do Bandolim, Professor Santos Moreira, Rubelita, Salvador Allende, São Marcelo, Terminal Bandeira Brasil (Taquara) :: Plat. Leste, Verde Mar"
SN810,Ida,71,SN954,Volta,1,1.41,Terminal Bandeira Brasil (Taquara) :: Plat. Leste
SN810,Ida,71,2334,Volta,1,1.41,Estação Pontal
SN810,Ida,71,2334,Ida,1,1.41,Estação Pontal
SN810,Ida,71,2335,Ida,1,1.41,Estação Pontal
SN810,Ida,71,2335,Volta,1,1.41,Estação Pontal
SN810,Ida,71,2337,Ida,1,1.41,Estação Pontal
SN810,Ida,71,2337,Volta,1,1.41,Estação Pontal
SN810,Ida,71,2802,Volta,1,1.41,Estação Pontal
SN810,Ida,71,2802,Ida,1,1.41,Estação Pontal
SN810,Ida,71,2804,Ida,1,1.41,Estação Pontal
SN810,Ida,71,2804,Volta,1,1.41,Estação Pontal
SN810,Ida,71,801,Ida,2,2.82,"José de Souza Baeta, Terminal Bandeira Brasil (Taquara) :: Plat. Leste"
SN810,Ida,71,2338,Volta,1,1.41,Estação Pontal
SN810,Ida,71,2338,Ida,1,1.41,Estação Pontal
SN810,Ida,71,SN803,Ida,2,2.82,"José de Souza Baeta, Terminal Bandeira Brasil (Taquara) :: Plat. Leste"
SN810,Ida,71,803,Ida,2,2.82,"José de Souza Baeta, Terminal Bandeira Brasil (Taquara) :: Plat. Leste"
SN810,Ida,71,SN554,Ida,2,2.82,"Estação Pontal, Estação Pontal"
SN810,Ida,71,SN554,Volta,32,45.07,"Bandeirantes, Bandeirantes, 25539, Bosque dos Eucaliptos, Comunidade Bandeirantes, Condomínio Auá Grumari e Sernambetiba, Condomínio Reserva Atlântica, Condomínio Reserva da Praia, CT George Helal - Ninho do Urubu, Daniel Barreto dos Santos, Dumontina, Elísio de Araújo, Escola de Equitação Haras Pégasus, Fazendinha Rio, Frei Martinho, Frei Martinho, Frei Tibúrcio, Grota Funda, Haras Bandeirantes, Hélio Oiticica, João Marques Cadengo, Manhuaçu, Mansão da Xuxa, Nove de Julho, Onze de Maio, Otto Stupakoff, Pacuí, Rio Morto, Rio Water Planet, Rosa Antunes, Sacarrão, Santa Luzia, TV Record"
SN810,Ida,71,899,Ida,1,1.41,Estação Pontal
SN810,Ida,71,899,Volta,1,1.41,Estação Pontal
SN810,Ida,71,SV899,Volta,1,1.41,Estação Pontal
SN810,Ida,71,SV899,Ida,1,1.41,Estação Pontal
SN810,Ida,71,817,Volta,1,1.41,Estação Pontal
SN810,Ida,71,817,Ida,6,8.45,"Estação Pontal, Estação Pontal, Manhuaçu, Rio Morto, Rio Water Planet, Sacarrão"
SN810,Ida,71,554,Volta,32,45.07,"Bandeirantes, Bandeirantes, 25539, Bosque dos Eucaliptos, Comunidade Bandeirantes, Condomínio Auá Grumari e Sernambetiba, Condomínio Reserva Atlântica, Condomínio Reserva da Praia, CT George Helal - Ninho do Urubu, Daniel Barreto dos Santos, Dumontina, Elísio de Araújo, Escola de Equitação Haras Pégasus, Fazendinha Rio, Frei Martinho, Frei Martinho, Frei Tibúrcio, Grota Funda, Haras Bandeirantes, Hélio Oiticica, João Marques Cadengo, Manhuaçu, Mansão da Xuxa, Nove de Julho, Onze de Maio, Otto Stupakoff, Pacuí, Rio Morto, Rio Water Planet, Rosa Antunes, Sacarrão, Santa Luzia, TV Record"
SN810,Ida,71,554,Ida,2,2.82,"Estação Pontal, Estação Pontal"
SN810,Ida,71,881,Ida,23,32.39,"Aristeu, Camorim, Campinas do Sul, Claraval, Esplendor, Estúdios Globo, Godofredo Marques, Goianinha, João Bruno Lobo, José de Souza Baeta, Largo da Preguiça, Mesulin Svirer, Nossa Senhora da Saúde, Olof Palme, Padre Ventura, Pedra Negra, Pedro Calmon, Praça do Bandolim, Praça do Bandolim, Rubelita, Salvador Allende, São Marcelo, Terminal Bandeira Brasil (Taquara) :: Plat. Leste"
SN810,Ida,71,881,Volta,6,8.45,"Aristeu, Campinas do Sul, Goianinha, João Bruno Lobo, Praça do Bandolim, Terminal Bandeira Brasil (Taquara) :: Plat. Leste"
SN810,Ida,71,SN368,Volta,14,19.72,"Camorim, Claraval, Esplendor, Estúdios Globo, Godofredo Marques, Mesulin Svirer, Nossa Senhora da Saúde, Olof Palme, Pedra Negra, Pedro Calmon, Praça do Bandolim, Rubelita, Salvador Allende, São Marcelo"
SN810,Ida,71,SN861,Ida,4,5.63,"Beira Lima, Frei Rodovalho, Largo da Preguiça, Vale do Ipê"
SN810,Ida,71,SN861,Volta,2,2.82,"José de Souza Baeta, Terminal Bandeira Brasil (Taquara) :: Plat. Leste"
SN810,Ida,71,SN600,Ida,2,2.82,"José de Souza Baeta, Terminal Bandeira Brasil (Taquara) :: Plat. Leste"
SN810,Ida,71,SV803,Ida,2,2.82,"José de Souza Baeta, Terminal Bandeira Brasil (Taquara) :: Plat. Leste"
SN810,Volta,73,636,Volta,2,2.74,"Bacairis, Terminal Bandeira Brasil (Taquara) :: Plat. Leste"
SN810,Volta,73,306,Ida,1,1.37,Bacairis
SN810,Volta,73,306,Volta,1,1.37,Nelson Cardoso
SN810,Volta,73,348,Ida,12,16.44,"Barra Bonita, Barra Grande, Espigão, Igarapé-Açu, Nossa Senhora da Saúde, Pedra Dourada, Pedra Negra, Pedro Calmon, Pedro Corrêa, Pitimbú, Salvador Allende, Santa Maura"
SN810,Volta,73,368,Ida,12,16.44,"Barra Bonita, Barra Grande, Espigão, Igarapé-Açu, Nossa Senhora da Saúde, Pedra Dourada, Pedra Negra, Pedro Calmon, Pedro Corrêa, Pitimbú, Salvador Allende, Santa Maura"
SN810,Volta,73,380,Ida,8,10.96,"Beira Lima, Frei Rodovalho, Líbero Badaró, Nacional, Outeiro Santo, Praça da Playboy, Vale do Ipê, Verde"
SN810,Volta,73,380,Volta,1,1.37,Nelson Cardoso
SN810,Volta,73,390,Ida,8,10.96,"Beira Lima, Frei Rodovalho, Líbero Badaró, Nacional, Outeiro Santo, Praça da Playboy, Vale do Ipê, Verde"
SN810,Volta,73,390,Volta,3,4.11,"Bacairis, Nelson Cardoso, Terminal Bandeira Brasil (Taquara) :: Plat. Leste"
SN810,Volta,73,600,Volta,2,2.74,"Nacional, Nelson Cardoso"
SN810,Volta,73,600,Ida,1,1.37,Terminal Bandeira Brasil (Taquara) :: Plat. Leste
SN810,Volta,73,2111,Ida,1,1.37,Bacairis
SN810,Volta,73,2111,Volta,1,1.37,Nelson Cardoso
SN810,Volta,73,610,Ida,1,1.37,Nelson Cardoso
SN810,Volta,73,610,Volta,1,1.37,Bacairis
SN810,Volta,73,611,Ida,19,26.03,"Barra Bonita, Barra Grande, Beira Lima, Espigão, Frei Rodovalho, Igarapé-Açu, Líbero Badaró, Nossa Senhora da Saúde, Outeiro Santo, Pedra Dourada, Pedra Negra, Pedro Calmon, Pedro Corrêa, Pitimbú, Praça da Playboy, Salvador Allende, Santa Maura, Vale do Ipê, Verde"
SN810,Volta,73,613,Volta,1,1.37,Olof Palme
SN810,Volta,73,613,Ida,27,36.99,"Bela Floresta, Boulevard da Barra Olímpica, Célio Fernandes dos Santos, César Epitácio Maia, Condomínio Auá Grumari e Sernambetiba, Condomínio Parque Nobre, Condomínio Reserva da Praia, Cyro Aranha, Daniel Barreto dos Santos, Dumontina, Família Vilaça, Frei Tibúrcio, Jornalista Luiz Eduardo Lobo, Manhuaçu, Max Lameu Cavalcante, Mazaropi, Paulo José Mahfud, Pedro Afonso, Professor Santos Moreira, Rio Morto, Rosa Antunes, Sacarrão, Santa América, Santa Luzia, TV Record, Verde Mar, Wellington Jones Paiva"
SN810,Volta,73,691,Ida,3,4.11,"Bacairis, Nelson Cardoso, Terminal Bandeira Brasil (Taquara) :: Plat. Leste"
SN810,Volta,73,810,Volta,60,82.19,"Bacairis, Bandeirantes, Bandeirantes, 25179, Bandeirantes, 25539, Barra Bonita, Barra Grande, Bela Floresta, Boulevard da Barra Olímpica, Célio Fernandes dos Santos, César Epitácio Maia, Comunidade Bandeirantes, Condomínio Auá Grumari e Sernambetiba, Condomínio Parque Nobre, Condomínio Reserva Atlântica, Condomínio Reserva da Praia, CT George Helal - Ninho do Urubu, Cyro Aranha, Daniel Barreto dos Santos, Dumontina, Escola de Equitação Haras Pégasus, Espigão, Estação Pontal, Família Vilaça, Fazendinha Rio, Frei Martinho, Frei Tibúrcio, Grota Funda, Haras Bandeirantes, Igarapé-Açu, Jornalista Luiz Eduardo Lobo, Manhuaçu, Mansão da Xuxa, Max Lameu Cavalcante, Mazaropi, Nacional, Nelson Cardoso, Nossa Senhora da Saúde, Nove de Julho, Olof Palme, Onze de Maio, Pacuí, Paulo José Mahfud, Pedra Dourada, Pedra Negra, Pedro Afonso, Pedro Calmon, Pedro Corrêa, Pitimbú, Professor Santos Moreira, Rio Morto, Rosa Antunes, Sacarrão, Salvador Allende, Santa América, Santa Luzia, Santa Maura, Terminal Bandeira Brasil (Taquara) :: Plat. Leste, TV Record, Verde Mar, Wellington Jones Paiva"
SN810,Volta,73,810,Ida,2,2.74,"Estação Pontal, Terminal Bandeira Brasil (Taquara) :: Plat. Leste"
SN810,Volta,73,SP810,Ida,2,2.74,"Escola de Equitação Haras Pégasus, Terminal Bandeira Brasil (Taquara) :: Plat. Leste"
SN810,Volta,73,SP810,Volta,46,63.01,"Bacairis, Barra Bonita, Barra Grande, Bela Floresta, Boulevard da Barra Olímpica, Célio Fernandes dos Santos, César Epitácio Maia, Condomínio Auá Grumari e Sernambetiba, Condomínio Parque Nobre, Condomínio Reserva da Praia, Cyro Aranha, Daniel Barreto dos Santos, Dumontina, Escola de Equitação Haras Pégasus, Espigão, Família Vilaça, Frei Tibúrcio, Igarapé-Açu, Jornalista Luiz Eduardo Lobo, Manhuaçu, Max Lameu Cavalcante, Mazaropi, Nacional, Nelson Cardoso, Nossa Senhora da Saúde, Olof Palme, Pacuí, Paulo José Mahfud, Pedra Dourada, Pedra Negra, Pedro Afonso, Pedro Calmon, Pedro Corrêa, Pitimbú, Professor Santos Moreira, Rio Morto, Rosa Antunes, Sacarrão, Salvador Allende, Santa América, Santa Luzia, Santa Maura, Terminal Bandeira Brasil (Taquara) :: Plat. Leste, TV Record, Verde Mar, Wellington Jones Paiva"
SN810,Volta,73,861,Volta,6,8.22,"Beira Lima, Frei Rodovalho, Outeiro Santo, Terminal Bandeira Brasil (Taquara) :: Plat. Leste, Vale do Ipê, Verde"
SN810,Volta,73,861,Ida,1,1.37,Bacairis
SN810,Volta,73,SN636,Volta,2,2.74,"Bacairis, Terminal Bandeira Brasil (Taquara) :: Plat. Leste"
SN810,Volta,73,2803,Volta,1,1.37,Estação Pontal
SN810,Volta,73,900,Volta,3,4.11,"Bacairis, Nacional, Nelson Cardoso"
SN810,Volta,73,954,Ida,1,1.37,Terminal Bandeira Brasil (Taquara) :: Plat. Leste
SN810,Volta,73,954,Volta,27,36.99,"Bacairis, Barra Bonita, Barra Grande, Boulevard da Barra Olímpica, Célio Fernandes dos Santos, César Epitácio Maia, Condomínio Parque Nobre, Espigão, Família Vilaça, Frei Tibúrcio, Igarapé-Açu, Max Lameu Cavalcante, Mazaropi, Nacional, Nelson Cardoso, Nossa Senhora da Saúde, Olof Palme, Pedra Dourada, Pedra Negra, Pedro Calmon, Pedro Corrêa, Pitimbú, Professor Santos Moreira, Salvador Allende, Santa Maura, Terminal Bandeira Brasil (Taquara) :: Plat. Leste, Verde Mar"
SN810,Volta,73,SN954,Ida,1,1.37,Terminal Bandeira Brasil (Taquara) :: Plat. Leste
SN810,Volta,73,SN954,Volta,27,36.99,"Bacairis, Barra Bonita, Barra Grande, Boulevard da Barra Olímpica, Célio Fernandes dos Santos, César Epitácio Maia, Condomínio Parque Nobre, Espigão, Família Vilaça, Frei Tibúrcio, Igarapé-Açu, Max Lameu Cavalcante, Mazaropi, Nacional, Nelson Cardoso, Nossa Senhora da Saúde, Olof Palme, Pedra Dourada, Pedra Negra, Pedro Calmon, Pedro Corrêa, Pitimbú, Professor Santos Moreira, Salvador Allende, Santa Maura, Terminal Bandeira Brasil (Taquara) :: Plat. Leste, Verde Mar"
SN810,Volta,73,2334,Volta,1,1.37,Estação Pontal
SN810,Volta,73,2335,Volta,1,1.37,Estação Pontal
SN810,Volta,73,2337,Volta,1,1.37,Estação Pontal
SN810,Volta,73,2802,Volta,1,1.37,Estação Pontal
SN810,Volta,73,2804,Volta,1,1.37,Estação Pontal
SN810,Volta,73,801,Ida,1,1.37,Terminal Bandeira Brasil (Taquara) :: Plat. Leste
SN810,Volta,73,2338,Volta,1,1.37,Estação Pontal
SN810,Volta,73,SN803,Ida,1,1.37,Terminal Bandeira Brasil (Taquara) :: Plat. Leste
SN810,Volta,73,803,Ida,1,1.37,Terminal Bandeira Brasil (Taquara) :: Plat. Leste
SN810,Volta,73,SN554,Ida,33,45.21,"Bandeirantes, Bandeirantes, 25179, Bandeirantes, 25539, Bela Floresta, Comunidade Bandeirantes, Condomínio Auá Grumari e Sernambetiba, Condomínio Reserva Atlântica, Condomínio Reserva da Praia, CT George Helal - Ninho do Urubu, Cyro Aranha, Daniel Barreto dos Santos, Dumontina, Escola de Equitação Haras Pégasus, Estação Pontal, Fazendinha Rio, Frei Martinho, Grota Funda, Haras Bandeirantes, Jornalista Luiz Eduardo Lobo, Manhuaçu, Mansão da Xuxa, Nove de Julho, Onze de Maio, Pacuí, Paulo José Mahfud, Pedro Afonso, Rio Morto, Rosa Antunes, Sacarrão, Santa América, Santa Luzia, TV Record, Wellington Jones Paiva"
SN810,Volta,73,899,Volta,1,1.37,Estação Pontal
SN810,Volta,73,SV899,Volta,1,1.37,Estação Pontal
SN810,Volta,73,817,Volta,4,5.48,"Manhuaçu, Pedro Afonso, Sacarrão, Santa América"
SN810,Volta,73,817,Ida,2,2.74,"Estação Pontal, Rio Morto"
SN810,Volta,73,554,Ida,33,45.21,"Bandeirantes, Bandeirantes, 25179, Bandeirantes, 25539, Bela Floresta, Comunidade Bandeirantes, Condomínio Auá Grumari e Sernambetiba, Condomínio Reserva Atlântica, Condomínio Reserva da Praia, CT George Helal - Ninho do Urubu, Cyro Aranha, Daniel Barreto dos Santos, Dumontina, Escola de Equitação Haras Pégasus, Estação Pontal, Fazendinha Rio, Frei Martinho, Grota Funda, Haras Bandeirantes, Jornalista Luiz Eduardo Lobo, Manhuaçu, Mansão da Xuxa, Nove de Julho, Onze de Maio, Pacuí, Paulo José Mahfud, Pedro Afonso, Rio Morto, Rosa Antunes, Sacarrão, Santa América, Santa Luzia, TV Record, Wellington Jones Paiva"
SN810,Volta,73,881,Ida,6,8.22,"Aristeu, Campinas do Sul, Goianinha, João Bruno Lobo, Praça do Bandolim, Terminal Bandeira Brasil (Taquara) :: Plat. Leste"
SN810,Volta,73,881,Volta,21,28.77,"Aristeu, Bacairis, Barra Bonita, Barra Grande, Campinas do Sul, Espigão, Goianinha, Igarapé-Açu, João Bruno Lobo, João Bruno Lobo, Nelson Cardoso, Nossa Senhora da Saúde, Pedra Dourada, Pedra Negra, Pedro Calmon, Pedro Corrêa, Pitimbú, Praça do Bandolim, Salvador Allende, Santa Maura, Terminal Bandeira Brasil (Taquara) :: Plat. Leste"
SN810,Volta,73,SN368,Ida,12,16.44,"Barra Bonita, Barra Grande, Espigão, Igarapé-Açu, Nossa Senhora da Saúde, Pedra Dourada, Pedra Negra, Pedro Calmon, Pedro Corrêa, Pitimbú, Salvador Allende, Santa Maura"
SN810,Volta,73,SN861,Ida,1,1.37,Bacairis
SN810,Volta,73,SN861,Volta,6,8.22,"Beira Lima, Frei Rodovalho, Outeiro Santo, Terminal Bandeira Brasil (Taquara) :: Plat. Leste, Vale do Ipê, Verde"
SN810,Volta,73,SN600,Ida,1,1.37,Terminal Bandeira Brasil (Taquara) :: Plat. Leste
SN810,Volta,73,SN600,Volta,2,2.74,"Nacional, Nelson Cardoso"
SN810,Volta,73,SN353,Ida,1,1.37,Nelson Cardoso
SN810,Volta,73,SN353,Volta,1,1.37,Bacairis
SN810,Volta,73,353,Volta,1,1.37,Bacairis
SN810,Volta,73,353,Ida,1,1.37,Nelson Cardoso
SN810,Volta,73,SV803,Ida,1,1.37,Terminal Bandeira Brasil (Taquara) :: Plat. Leste
865,Volta,30,SV831,Ida,4,13.33,"Bragantina, Praça Cândido da Silva Mendes, Rodrigues Caldas, Terminal Bandeira Brasil (Taquara) :: Plat. Oeste"
865,Volta,30,SV831,Volta,2,6.67,"Taquara Plaza Shopping, Terminal Bandeira Brasil (Taquara) :: Plat. Oeste"
865,Volta,30,601,Volta,3,10,"Barra da Estiva, Engenho Velho, Jayme Florêncio"
865,Volta,30,601,Ida,1,3.33,Largo da Capela
865,Volta,30,831,Volta,2,6.67,"Taquara Plaza Shopping, Terminal Bandeira Brasil (Taquara) :: Plat. Oeste"
865,Volta,30,831,Ida,4,13.33,"Bragantina, Praça Cândido da Silva Mendes, Rodrigues Caldas, Terminal Bandeira Brasil (Taquara) :: Plat. Oeste"
865,Volta,30,861,Volta,3,10,"Bragantina, Praça Cândido da Silva Mendes, Rodrigues Caldas"
865,Volta,30,861,Ida,1,3.33,Taquara Plaza Shopping
865,Volta,30,900,Ida,1,3.33,Terminal Bandeira Brasil (Taquara) :: Plat. Oeste
865,Volta,30,900,Volta,1,3.33,Terminal Bandeira Brasil (Taquara) :: Plat. Oeste
865,Volta,30,SN861,Ida,1,3.33,Taquara Plaza Shopping
865,Volta,30,SN861,Volta,2,6.67,"Bragantina, Rodrigues Caldas"
865,Ida,24,SV831,Ida,3,12.5,"Arlindo Moreira, Bandeirantes, Terminal Bandeira Brasil (Taquara) :: Plat. Oeste"
865,Ida,24,SV831,Volta,1,4.17,Terminal Bandeira Brasil (Taquara) :: Plat. Oeste
865,Ida,24,601,Ida,8,33.33,"Amado, Barra da Estiva, Condomínio Rio Grande, Eugênio Madalena, Júlio dos Santos Melo, Ligação, Oriente Novo, Pau da Fome"
865,Ida,24,831,Volta,1,4.17,Terminal Bandeira Brasil (Taquara) :: Plat. Oeste
865,Ida,24,831,Ida,3,12.5,"Arlindo Moreira, Bandeirantes, Terminal Bandeira Brasil (Taquara) :: Plat. Oeste"
865,Ida,24,861,Volta,2,8.33,"Arlindo Moreira, Bandeirantes"
865,Ida,24,900,Ida,1,4.17,Terminal Bandeira Brasil (Taquara) :: Plat. Oeste
865,Ida,24,900,Volta,1,4.17,Terminal Bandeira Brasil (Taquara) :: Plat. Oeste
865,Ida,24,SN861,Volta,2,8.33,"Arlindo Moreira, Bandeirantes"
220,Ida,35,636,Ida,3,8.57,"Abelardo Chacrinha Barbosa, Henry Ford, Metrô Uruguai"
220,Ida,35,497,Ida,2,5.71,"Marquês de Sapucaí, Terreirão do Samba"
220,Ida,35,2343,Volta,1,2.86,Igreja Nossa Senhora da Candelária
220,Ida,35,2342,Volta,1,2.86,Igreja Nossa Senhora da Candelária
220,Ida,35,2344,Volta,1,2.86,Igreja Nossa Senhora da Candelária
220,Ida,35,238,Ida,6,17.14,"Araújo Pena, Bispo, BRS 1,2,4,5,6,I: Sampaio Ferraz, BRS 1,2,4,5,I: Barão de Ubá, Club Municipal, Matoso"
220,Ida,35,SN238,Ida,5,14.29,"Araújo Pena, Bispo, BRS 1,2,4,5,I: Barão de Ubá, Club Municipal, Matoso"
220,Ida,35,239,Ida,6,17.14,"Araújo Pena, Bispo, BRS 1,2,4,5,6,I: Sampaio Ferraz, BRS 1,2,4,5,I: Barão de Ubá, Club Municipal, Matoso"
220,Ida,35,232,Volta,1,2.86,Igreja Nossa Senhora da Candelária
220,Ida,35,SN232,Volta,1,2.86,Igreja Nossa Senhora da Candelária
220,Ida,35,292,Volta,1,2.86,Igreja Nossa Senhora da Candelária
220,Ida,35,296,Volta,1,2.86,Igreja Nossa Senhora da Candelária
220,Ida,35,298,Volta,1,2.86,Igreja Nossa Senhora da Candelária
220,Ida,35,311,Volta,1,2.86,Igreja Nossa Senhora da Candelária
220,Ida,35,312,Ida,1,2.86,Igreja Nossa Senhora da Candelária
220,Ida,35,312,Volta,1,2.86,Igreja Nossa Senhora da Candelária
220,Ida,35,321,Volta,1,2.86,Igreja Nossa Senhora da Candelária
220,Ida,35,323,Volta,1,2.86,Igreja Nossa Senhora da Candelária
220,Ida,35,325,Volta,1,2.86,Igreja Nossa Senhora da Candelária
220,Ida,35,326,Volta,1,2.86,Igreja Nossa Senhora da Candelária
220,Ida,35,327,Volta,1,2.86,Igreja Nossa Senhora da Candelária
220,Ida,35,328,Volta,1,2.86,Igreja Nossa Senhora da Candelária
220,Ida,35,329,Volta,1,2.86,Igreja Nossa Senhora da Candelária
220,Ida,35,362,Ida,2,5.71,"Marquês de Sapucaí, Terreirão do Samba"
220,Ida,35,SR362,Ida,2,5.71,"Marquês de Sapucaí, Terreirão do Samba"
220,Ida,35,378,Volta,1,2.86,Igreja Nossa Senhora da Candelária
220,Ida,35,SR378,Volta,1,2.86,Igreja Nossa Senhora da Candelária
220,Ida,35,384,Volta,1,2.86,Igreja Nossa Senhora da Candelária
220,Ida,35,399,Volta,1,2.86,Igreja Nossa Senhora da Candelária
220,Ida,35,455,Volta,1,2.86,Igreja Nossa Senhora da Candelária
220,Ida,35,456,Volta,1,2.86,Terreirão do Samba
220,Ida,35,457,Ida,1,2.86,Marquês de Sapucaí
220,Ida,35,483,Volta,1,2.86,Igreja Nossa Senhora da Candelária
220,Ida,35,386,Volta,1,2.86,Igreja Nossa Senhora da Candelária
220,Ida,35,386,Ida,1,2.86,Igreja Nossa Senhora da Candelária
220,Ida,35,711,Volta,1,2.86,"BRS 1,2,4,5,6,I: Sampaio Ferraz"
220,Ida,35,711,Ida,2,5.71,"Araújo Pena, Club Municipal"
220,Ida,35,SV606,Ida,3,8.57,"Abelardo Chacrinha Barbosa, Henry Ford, Metrô Uruguai"
220,Ida,35,338,Ida,1,2.86,"BRS 1,2,5: Passos"
220,Ida,35,338,Volta,1,2.86,Igreja Nossa Senhora da Candelária
220,Ida,35,341,Ida,1,2.86,"BRS 1,2,5: Passos"
220,Ida,35,341,Volta,1,2.86,Igreja Nossa Senhora da Candelária
220,Ida,35,343,Volta,1,2.86,Igreja Nossa Senhora da Candelária
220,Ida,35,343,Ida,1,2.86,"BRS 1,2,5: Passos"
220,Ida,35,SP343,Ida,1,2.86,"BRS 1,2,5: Passos"
220,Ida,35,348,Ida,1,2.86,"BRS 1,2,5: Passos"
220,Ida,35,348,Volta,1,2.86,Igreja Nossa Senhora da Candelária
220,Ida,35,363,Ida,1,2.86,"BRS 1,2,5: Passos"
220,Ida,35,363,Volta,1,2.86,Igreja Nossa Senhora da Candelária
220,Ida,35,SV363,Ida,1,2.86,"BRS 1,2,5: Passos"
220,Ida,35,368,Volta,1,2.86,Igreja Nossa Senhora da Candelária
220,Ida,35,368,Ida,1,2.86,"BRS 1,2,5: Passos"
220,Ida,35,380,Ida,1,2.86,"BRS 1,2,5: Passos"
220,Ida,35,380,Volta,1,2.86,Igreja Nossa Senhora da Candelária
220,Ida,35,SN363,Volta,1,2.86,Igreja Nossa Senhora da Candelária
220,Ida,35,SN363,Ida,1,2.86,"BRS 1,2,5: Passos"
220,Ida,35,SN302,Volta,25,71.43,"Abelardo Chacrinha Barbosa, Agostinho, Alves de Brito, Araújo Pena, Araújos, Bispo, BRS 1,2,4,5,6,I: Sampaio Ferraz, BRS 1,2,4,5,I: Barão de Ubá, Club Municipal, Colégio Marista São José, Conselheiro Zenha, Felix da Cunha, Garibaldi, Henry Ford, Hospital São Francisco, Igreja Nossa Senhora da Conceição, Matoso, Medeiros Pássaro, Metrô Uruguai, Natalina, Praça Saens Peña, Rego Lopes, Saens Peña Medical Center, Santa Carolina, Vicente de Cabo Frio"
220,Ida,35,390,Ida,1,2.86,"BRS 1,2,5: Passos"
220,Ida,35,390,Volta,1,2.86,Igreja Nossa Senhora da Candelária
220,Ida,35,361,Volta,1,2.86,Igreja Nossa Senhora da Candelária
220,Ida,35,361,Ida,1,2.86,"BRS 1,2,5: Passos"
220,Ida,35,2345,Volta,1,2.86,Igreja Nossa Senhora da Candelária
220,Ida,35,309,Ida,1,2.86,Igreja Nossa Senhora da Candelária
220,Ida,35,601,Ida,3,8.57,"Abelardo Chacrinha Barbosa, Henry Ford, Metrô Uruguai"
220,Ida,35,352,Volta,1,2.86,Igreja Nossa Senhora da Candelária
220,Ida,35,352,Ida,1,2.86,"BRS 1,2,5: Passos"
220,Ida,35,607,Volta,1,2.86,"BRS 1,2,4,5,6,I: Sampaio Ferraz"
220,Ida,35,607,Ida,10,28.57,"Abelardo Chacrinha Barbosa, Araújo Pena, Araújos, Club Municipal, Conselheiro Zenha, Felix da Cunha, Henry Ford, Metrô Uruguai, Rego Lopes, Saens Peña Medical Center"
220,Ida,35,302,Volta,25,71.43,"Abelardo Chacrinha Barbosa, Agostinho, Alves de Brito, Araújo Pena, Araújos, Bispo, BRS 1,2,4,5,6,I: Sampaio Ferraz, BRS 1,2,4,5,I: Barão de Ubá, Club Municipal, Colégio Marista São José, Conselheiro Zenha, Felix da Cunha, Garibaldi, Henry Ford, Hospital São Francisco, Igreja Nossa Senhora da Conceição, Matoso, Medeiros Pássaro, Metrô Uruguai, Natalina, Praça Saens Peña, Rego Lopes, Saens Peña Medical Center, Santa Carolina, Vicente de Cabo Frio"
220,Ida,35,SN636,Ida,4,11.43,"Abelardo Chacrinha Barbosa, Henry Ford, Metrô Uruguai, Vicente de Cabo Frio"
220,Ida,35,369,Ida,2,5.71,"BRS 1,2,5: Passos, Igreja Nossa Senhora da Candelária"
220,Ida,35,388,Ida,2,5.71,"BRS 1,2,5: Passos, Igreja Nossa Senhora da Candelária"
220,Ida,35,389,Ida,2,5.71,"BRS 1,2,5: Passos, Igreja Nossa Senhora da Candelária"
220,Ida,35,393,Ida,2,5.71,"BRS 1,2,5: Passos, Igreja Nossa Senhora da Candelária"
220,Ida,35,SR393,Ida,2,5.71,"BRS 1,2,5: Passos, Igreja Nossa Senhora da Candelária"
220,Ida,35,2310,Ida,1,2.86,"BRS 1,2,5: Passos"
220,Ida,35,SN393,Ida,2,5.71,"BRS 1,2,5: Passos, Igreja Nossa Senhora da Candelária"
220,Ida,35,SR300,Volta,1,2.86,Igreja Nossa Senhora da Candelária
220,Ida,35,SR300,Ida,1,2.86,"BRS 1,2,5: Passos"
220,Ida,35,SR397,Ida,2,5.71,"BRS 1,2,5: Passos, Igreja Nossa Senhora da Candelária"
220,Ida,35,SN397,Ida,2,5.71,"BRS 1,2,5: Passos, Igreja Nossa Senhora da Candelária"
220,Ida,35,107,Volta,1,2.86,Igreja Nossa Senhora da Candelária
220,Ida,35,202,Ida,1,2.86,Terreirão do Samba
220,Ida,35,202,Volta,1,2.86,Igreja Nossa Senhora da Candelária
220,Ida,35,210,Volta,1,2.86,Igreja Nossa Senhora da Candelária
220,Ida,35,210,Ida,3,8.57,"BRS 1,2,5: Passos, BRS 1,2: Central, Igreja Nossa Senhora da Candelária"
220,Ida,35,217,Ida,3,8.57,"Abelardo Chacrinha Barbosa, Henry Ford, Metrô Uruguai"
220,Ida,35,229,Ida,26,74.29,"Abelardo Chacrinha Barbosa, Agostinho, Alves de Brito, Araújo Pena, Araújos, Bispo, BRS 1,2,4,5,6,I: Sampaio Ferraz, BRS 1,2,4,5,I: Barão de Ubá, Club Municipal, Colégio Marista São José, Conselheiro Zenha, Felix da Cunha, Garibaldi, Henry Ford, Hospital São Francisco, Igreja Nossa Senhora da Conceição, Matoso, Medeiros Pássaro, Metrô Uruguai, Natalina, Praça Saens Peña, Rego Lopes, Saens Peña Medical Center, Santa Carolina, São Miguel, Vicente de Cabo Frio"
220,Ida,35,275,Ida,3,8.57,"BRS 1,2,5: Passos, BRS 1,2: Central, Igreja Nossa Senhora da Candelária"
220,Ida,35,275,Volta,1,2.86,Igreja Nossa Senhora da Candelária
220,Ida,35,010,Ida,1,2.86,Igreja Nossa Senhora da Candelária
220,Ida,35,409,Ida,12,34.29,"Araújo Pena, Araújos, Bispo, BRS 1,2,4,5,6,I: Sampaio Ferraz, BRS 1,2,4,5,I: Barão de Ubá, Club Municipal, Conselheiro Zenha, Felix da Cunha, Matoso, Praça Saens Peña, Rego Lopes, Saens Peña Medical Center"
220,Ida,35,410,Volta,2,5.71,"Araújo Pena, Felix da Cunha"
220,Ida,35,410,Ida,8,22.86,"Araújo Pena, Araújos, Club Municipal, Conselheiro Zenha, Felix da Cunha, Praça Saens Peña, Rego Lopes, Saens Peña Medical Center"
220,Ida,35,415,Ida,31,88.57,"Abelardo Chacrinha Barbosa, Agostinho, Alves de Brito, Araújo Pena, Araújos, Bispo, BRS 1,2,4,5,6,I: Sampaio Ferraz, BRS 1,2,4,5,I: Barão de Ubá, Club Municipal, Colégio Marista São José, Conselheiro Zenha, Escola de Enfermagem Anna Nery, Felix da Cunha, Garibaldi, Henry Ford, Hospital São Francisco, Igreja Nossa Senhora da Conceição, Marquês de Sapucaí, Matoso, Medeiros Pássaro, Metrô Uruguai, Natalina, Pinto de Azevedo, Praça Saens Peña, Rego Lopes, Saens Peña Medical Center, Santa Carolina, São Miguel, Terreirão do Samba, Vicente de Cabo Frio, Visconde de Duprat"
220,Ida,35,415,Volta,1,2.86,Igreja Nossa Senhora da Candelária
220,Ida,35,SN415,Ida,31,88.57,"Abelardo Chacrinha Barbosa, Agostinho, Alves de Brito, Araújo Pena, Araújos, Bispo, BRS 1,2,4,5,6,I: Sampaio Ferraz, BRS 1,2,4,5,I: Barão de Ubá, Club Municipal, Colégio Marista São José, Conselheiro Zenha, Escola de Enfermagem Anna Nery, Felix da Cunha, Garibaldi, Henry Ford, Hospital São Francisco, Igreja Nossa Senhora da Conceição, Marquês de Sapucaí, Matoso, Medeiros Pássaro, Metrô Uruguai, Natalina, Pinto de Azevedo, Praça Saens Peña, Rego Lopes, Saens Peña Medical Center, Santa Carolina, São Miguel, Terreirão do Samba, Vicente de Cabo Frio, Visconde de Duprat"
220,Ida,35,422,Volta,1,2.86,Igreja Nossa Senhora da Candelária
220,Ida,35,422,Ida,2,5.71,"BRS 1,2,5: Passos, BRS 1,2: Central"
220,Ida,35,SN422,Volta,1,2.86,Igreja Nossa Senhora da Candelária
220,Ida,35,SN422,Ida,2,5.71,"BRS 1,2,5: Passos, BRS 1,2: Central"
220,Ida,35,SN133,Ida,1,2.86,"BRS 1,2,4,5,6,I: Sampaio Ferraz"
220,Ida,35,426,Ida,22,62.86,"Abelardo Chacrinha Barbosa, Agostinho, Alves de Brito, Araújo Pena, Araújos, Club Municipal, Colégio Marista São José, Conselheiro Zenha, Felix da Cunha, Garibaldi, Henry Ford, Hospital São Francisco, Igreja Nossa Senhora da Conceição, Medeiros Pássaro, Metrô Uruguai, Natalina, Praça Saens Peña, Rego Lopes, Saens Peña Medical Center, Santa Carolina, São Miguel, Vicente de Cabo Frio"
220,Ida,35,426,Volta,1,2.86,"BRS 1,2,4,5,6,I: Sampaio Ferraz"
220,Ida,35,100,Ida,1,2.86,Igreja Nossa Senhora da Candelária
220,Ida,35,105,Ida,1,2.86,Igreja Nossa Senhora da Candelária
220,Ida,35,117,Volta,1,2.86,Terreirão do Samba
220,Ida,35,432,Ida,6,17.14,"Araújo Pena, Bispo, BRS 1,2,4,5,6,I: Sampaio Ferraz, BRS 1,2,4,5,I: Barão de Ubá, Club Municipal, Matoso"
220,Ida,35,435,Volta,1,2.86,Terreirão do Samba
220,Ida,35,110,Volta,1,2.86,"BRS 1,2,4,5,6,I: Sampaio Ferraz"
220,Ida,35,112,Volta,1,2.86,"BRS 1,2,4,5,6,I: Sampaio Ferraz"
220,Ida,35,209,Volta,3,8.57,"BRS 1,2,5: Passos, BRS 1,2: Central, Igreja Nossa Senhora da Candelária"
220,Ida,35,209,Ida,1,2.86,Igreja Nossa Senhora da Candelária
220,Ida,35,472,Volta,1,2.86,Igreja Nossa Senhora da Candelária
220,Ida,35,109,Ida,1,2.86,Terreirão do Samba
220,Ida,35,603,Volta,1,2.86,São Miguel
220,Ida,35,603,Ida,8,22.86,"Abelardo Chacrinha Barbosa, Alves de Brito, Garibaldi, Henry Ford, Metrô Uruguai, Natalina, Praça Saens Peña, Vicente de Cabo Frio"
220,Ida,35,608,Ida,3,8.57,"Abelardo Chacrinha Barbosa, Henry Ford, Metrô Uruguai"
220,Ida,35,626,Volta,8,22.86,"Abelardo Chacrinha Barbosa, Alves de Brito, Garibaldi, Henry Ford, Metrô Uruguai, Natalina, Praça Saens Peña, Vicente de Cabo Frio"
220,Ida,35,433,Ida,6,17.14,"Araújo Pena, Bispo, BRS 1,2,4,5,6,I: Sampaio Ferraz, BRS 1,2,4,5,I: Barão de Ubá, Club Municipal, Matoso"
220,Ida,35,104,Volta,1,2.86,"BRS 1,2: Central"
220,Ida,35,485,Volta,1,2.86,Terreirão do Samba
220,Ida,35,SN483,Volta,1,2.86,Igreja Nossa Senhora da Candelária
220,Ida,35,SP309,Ida,1,2.86,Igreja Nossa Senhora da Candelária
220,Ida,35,SN209,Volta,3,8.57,"BRS 1,2,5: Passos, BRS 1,2: Central, Igreja Nossa Senhora da Candelária"
220,Ida,35,SN209,Ida,1,2.86,Igreja Nossa Senhora da Candelária
220,Ida,35,645,Ida,14,40,"Abelardo Chacrinha Barbosa, Agostinho, Alves de Brito, Colégio Marista São José, Garibaldi, Henry Ford, Hospital São Francisco, Igreja Nossa Senhora da Conceição, Medeiros Pássaro, Metrô Uruguai, Natalina, Praça Saens Peña, Santa Carolina, Vicente de Cabo Frio"
220,Ida,35,300,Ida,1,2.86,"BRS 1,2,5: Passos"
220,Ida,35,416,Volta,1,2.86,"BRS 1,2,4,5,6,I: Sampaio Ferraz"
220,Ida,35,416,Ida,11,31.43,"Araújo Pena, Araújos, Bispo, BRS 1,2,4,5,I: Barão de Ubá, Club Municipal, Conselheiro Zenha, Felix da Cunha, Matoso, Praça Saens Peña, Rego Lopes, Saens Peña Medical Center"
220,Ida,35,443,Ida,1,2.86,Marquês de Sapucaí
220,Ida,35,SR399,Volta,1,2.86,Igreja Nossa Senhora da Candelária
220,Ida,35,SR388,Ida,2,5.71,"BRS 1,2,5: Passos, Igreja Nossa Senhora da Candelária"
220,Ida,35,397,Ida,2,5.71,"BRS 1,2,5: Passos, Igreja Nossa Senhora da Candelária"
220,Ida,35,SN433,Ida,6,17.14,"Araújo Pena, Bispo, BRS 1,2,4,5,6,I: Sampaio Ferraz, BRS 1,2,4,5,I: Barão de Ubá, Club Municipal, Matoso"
220,Ida,35,SN368,Volta,1,2.86,Igreja Nossa Senhora da Candelária
220,Ida,35,SN368,Ida,1,2.86,"BRS 1,2,5: Passos"
220,Ida,35,SN388,Ida,2,5.71,"BRS 1,2,5: Passos, Igreja Nossa Senhora da Candelária"
220,Ida,35,SR384,Volta,1,2.86,Igreja Nossa Senhora da Candelária
220,Ida,35,SR386,Volta,1,2.86,Igreja Nossa Senhora da Candelária
220,Ida,35,SR386,Ida,1,2.86,Igreja Nossa Senhora da Candelária
220,Ida,35,SN497,Ida,2,5.71,"Marquês de Sapucaí, Terreirão do Samba"
220,Ida,35,133,Ida,1,2.86,"BRS 1,2,4,5,6,I: Sampaio Ferraz"
220,Ida,35,301,Volta,25,71.43,"Abelardo Chacrinha Barbosa, Agostinho, Alves de Brito, Araújo Pena, Araújos, Bispo, BRS 1,2,4,5,6,I: Sampaio Ferraz, BRS 1,2,4,5,I: Barão de Ubá, Club Municipal, Colégio Marista São José, Conselheiro Zenha, Felix da Cunha, Garibaldi, Henry Ford, Hospital São Francisco, Igreja Nossa Senhora da Conceição, Matoso, Medeiros Pássaro, Metrô Uruguai, Natalina, Praça Saens Peña, Rego Lopes, Saens Peña Medical Center, Santa Carolina, Vicente de Cabo Frio"
220,Ida,35,SR328,Volta,1,2.86,Igreja Nossa Senhora da Candelária
220,Ida,35,606,Ida,3,8.57,"Abelardo Chacrinha Barbosa, Henry Ford, Metrô Uruguai"
220,Ida,35,SN104,Volta,1,2.86,"BRS 1,2: Central"
220,Ida,35,165,Ida,1,2.86,Marquês de Sapucaí
220,Ida,35,SN312,Ida,1,2.86,Igreja Nossa Senhora da Candelária
220,Ida,35,SN312,Volta,1,2.86,Igreja Nossa Senhora da Candelária
220,Ida,35,324,Volta,1,2.86,Igreja Nossa Senhora da Candelária
220,Ida,35,222,Ida,3,8.57,"BRS 1,2,5: Passos, BRS 1,2: Central, Igreja Nossa Senhora da Candelária"
220,Volta,33,2343,Volta,1,3.03,Igreja Nossa Senhora da Candelária
220,Volta,33,2342,Volta,1,3.03,Igreja Nossa Senhora da Candelária
220,Volta,33,2344,Volta,1,3.03,Igreja Nossa Senhora da Candelária
220,Volta,33,238,Volta,3,9.09,"BRS 1,2,4,5,6,I: Barão de Ubá, BRS 1,2,4,5,6,I: Domício da Gama, BRS 1,2,4,5,6,I: Matoso"
220,Volta,33,SN238,Volta,1,3.03,"BRS 1,2,4,5,6,I: Barão de Ubá"
220,Volta,33,239,Volta,3,9.09,"BRS 1,2,4,5,6,I: Barão de Ubá, BRS 1,2,4,5,6,I: Domício da Gama, BRS 1,2,4,5,6,I: Matoso"
220,Volta,33,232,Volta,1,3.03,Igreja Nossa Senhora da Candelária
220,Volta,33,SN232,Volta,1,3.03,Igreja Nossa Senhora da Candelária
220,Volta,33,292,Volta,1,3.03,Igreja Nossa Senhora da Candelária
220,Volta,33,296,Volta,1,3.03,Igreja Nossa Senhora da Candelária
220,Volta,33,298,Volta,1,3.03,Igreja Nossa Senhora da Candelária
220,Volta,33,311,Volta,1,3.03,Igreja Nossa Senhora da Candelária
220,Volta,33,312,Ida,1,3.03,Igreja Nossa Senhora da Candelária
220,Volta,33,312,Volta,1,3.03,Igreja Nossa Senhora da Candelária
220,Volta,33,321,Volta,1,3.03,Igreja Nossa Senhora da Candelária
220,Volta,33,323,Volta,1,3.03,Igreja Nossa Senhora da Candelária
220,Volta,33,325,Volta,1,3.03,Igreja Nossa Senhora da Candelária
220,Volta,33,326,Volta,1,3.03,Igreja Nossa Senhora da Candelária
220,Volta,33,327,Volta,1,3.03,Igreja Nossa Senhora da Candelária
220,Volta,33,328,Volta,1,3.03,Igreja Nossa Senhora da Candelária
220,Volta,33,329,Volta,1,3.03,Igreja Nossa Senhora da Candelária
220,Volta,33,378,Volta,1,3.03,Igreja Nossa Senhora da Candelária
220,Volta,33,SR378,Volta,1,3.03,Igreja Nossa Senhora da Candelária
220,Volta,33,384,Volta,1,3.03,Igreja Nossa Senhora da Candelária
220,Volta,33,399,Volta,1,3.03,Igreja Nossa Senhora da Candelária
220,Volta,33,455,Volta,5,15.15,"BRS 1,2,3: Central, BRS 1,2,3: Cidade Nova, BRS 1,2,3: Praça Onze, BRS 2,3: Praça da República, Igreja Nossa Senhora da Candelária"
220,Volta,33,456,Volta,1,3.03,"BRS 1,2,3: Cidade Nova"
220,Volta,33,457,Volta,1,3.03,"BRS 1,2,3: Cidade Nova"
220,Volta,33,483,Volta,1,3.03,Igreja Nossa Senhora da Candelária
220,Volta,33,386,Volta,1,3.03,Igreja Nossa Senhora da Candelária
220,Volta,33,386,Ida,1,3.03,Igreja Nossa Senhora da Candelária
220,Volta,33,621,Volta,2,6.06,"BRS 1,2,5,6,7,I: Carmela Dutra, BRS 1,2,5,6,7,I: Conselheiro Zenha"
220,Volta,33,634,Ida,4,12.12,"BRS 1,2,4,5,6,I: Barão de Ubá, BRS 1,2,4,5,6,I: Domício da Gama, BRS 1,2,4,5,6,I: Matoso, Joaquim Palhares"
220,Volta,33,711,Volta,3,9.09,"BRS 1,2,4,5,6,I: Barão de Ubá, BRS 1,2,4,5,6,I: Domício da Gama, BRS 1,2,4,5,6,I: Matoso"
220,Volta,33,SN457,Volta,1,3.03,"BRS 1,2,3: Cidade Nova"
220,Volta,33,SV606,Volta,1,3.03,Conde de Itaguaí
220,Volta,33,338,Volta,1,3.03,Igreja Nossa Senhora da Candelária
220,Volta,33,341,Volta,1,3.03,Igreja Nossa Senhora da Candelária
220,Volta,33,343,Volta,1,3.03,Igreja Nossa Senhora da Candelária
220,Volta,33,348,Volta,1,3.03,Igreja Nossa Senhora da Candelária
220,Volta,33,363,Volta,1,3.03,Igreja Nossa Senhora da Candelária
220,Volta,33,368,Volta,1,3.03,Igreja Nossa Senhora da Candelária
220,Volta,33,380,Volta,1,3.03,Igreja Nossa Senhora da Candelária
220,Volta,33,SN363,Volta,1,3.03,Igreja Nossa Senhora da Candelária
220,Volta,33,SN302,Ida,25,75.76,"Alves de Brito, Ary Kerner, BRS 1,2,4,5,6,I: Barão de Ubá, BRS 1,2,4,5,6,I: Domício da Gama, BRS 1,2,4,5,6,I: Matoso, BRS 1,2,5,6,7,I: Carmela Dutra, BRS 1,2,5,6,7,I: Conselheiro Zenha, BRS 1,2,5,6,I: Afonso Pena, BRS 1,2,5,6,I: Professor Gabizo, BRS 1,2,5,6,I: São Francisco Xavier, BRS 2,5,7,I: Saens Peña I, Cascata, Clóvis Bevilaqua, Colégio Marista São José, Conde de Itaguaí, Dona Delfina, Hospital São Francisco, Igreja Nossa Senhora da Conceição, Joaquim Palhares, Metrô Uruguai, Natalina, Pinto de Figueiredo, Radmaker, Santa Carolina, São Rafael"
220,Volta,33,390,Volta,1,3.03,Igreja Nossa Senhora da Candelária
220,Volta,33,361,Volta,1,3.03,Igreja Nossa Senhora da Candelária
220,Volta,33,2345,Volta,1,3.03,Igreja Nossa Senhora da Candelária
220,Volta,33,309,Ida,1,3.03,Igreja Nossa Senhora da Candelária
220,Volta,33,601,Volta,4,12.12,"BRS 1,2,5,6,7,I: Carmela Dutra, BRS 1,2,5,6,7,I: Conselheiro Zenha, BRS 2,5,7,I: Saens Peña I, Conde de Itaguaí"
220,Volta,33,352,Volta,1,3.03,Igreja Nossa Senhora da Candelária
220,Volta,33,607,Volta,9,27.27,"BRS 1,2,4,5,6,I: Barão de Ubá, BRS 1,2,4,5,6,I: Domício da Gama, BRS 1,2,4,5,6,I: Matoso, BRS 1,2,5,6,7,I: Carmela Dutra, BRS 1,2,5,6,7,I: Conselheiro Zenha, BRS 1,2,5,6,I: Afonso Pena, BRS 1,2,5,6,I: Professor Gabizo, BRS 1,2,5,6,I: São Francisco Xavier, Conde de Itaguaí"
220,Volta,33,302,Ida,25,75.76,"Alves de Brito, Ary Kerner, BRS 1,2,4,5,6,I: Barão de Ubá, BRS 1,2,4,5,6,I: Domício da Gama, BRS 1,2,4,5,6,I: Matoso, BRS 1,2,5,6,7,I: Carmela Dutra, BRS 1,2,5,6,7,I: Conselheiro Zenha, BRS 1,2,5,6,I: Afonso Pena, BRS 1,2,5,6,I: Professor Gabizo, BRS 1,2,5,6,I: São Francisco Xavier, BRS 2,5,7,I: Saens Peña I, Cascata, Clóvis Bevilaqua, Colégio Marista São José, Conde de Itaguaí, Dona Delfina, Hospital São Francisco, Igreja Nossa Senhora da Conceição, Joaquim Palhares, Metrô Uruguai, Natalina, Pinto de Figueiredo, Radmaker, Santa Carolina, São Rafael"
220,Volta,33,SN636,Volta,1,3.03,Pinto de Figueiredo
220,Volta,33,369,Ida,1,3.03,Igreja Nossa Senhora da Candelária
220,Volta,33,388,Ida,1,3.03,Igreja Nossa Senhora da Candelária
220,Volta,33,389,Ida,1,3.03,Igreja Nossa Senhora da Candelária
220,Volta,33,393,Ida,1,3.03,Igreja Nossa Senhora da Candelária
220,Volta,33,SR393,Ida,1,3.03,Igreja Nossa Senhora da Candelária
220,Volta,33,SN393,Ida,1,3.03,Igreja Nossa Senhora da Candelária
220,Volta,33,SR300,Volta,1,3.03,Igreja Nossa Senhora da Candelária
220,Volta,33,SR397,Ida,1,3.03,Igreja Nossa Senhora da Candelária
220,Volta,33,SN397,Ida,1,3.03,Igreja Nossa Senhora da Candelária
220,Volta,33,107,Volta,1,3.03,Igreja Nossa Senhora da Candelária
220,Volta,33,202,Volta,1,3.03,Igreja Nossa Senhora da Candelária
220,Volta,33,210,Volta,1,3.03,Igreja Nossa Senhora da Candelária
220,Volta,33,210,Ida,1,3.03,Igreja Nossa Senhora da Candelária
220,Volta,33,217,Volta,4,12.12,"BRS 1,2,3: Central, BRS 1,2,3: Cidade Nova, BRS 1,2,3: Praça Onze, Conde de Itaguaí"
220,Volta,33,229,Volta,23,69.7,"Alves de Brito, Ary Kerner, BRS 1,2,4,5,6,I: Barão de Ubá, BRS 1,2,4,5,6,I: Domício da Gama, BRS 1,2,4,5,6,I: Matoso, BRS 1,2,5,6,7,I: Carmela Dutra, BRS 1,2,5,6,7,I: Conselheiro Zenha, BRS 1,2,5,6,I: Afonso Pena, BRS 1,2,5,6,I: Professor Gabizo, BRS 1,2,5,6,I: São Francisco Xavier, BRS 2,5,7,I: Saens Peña I, Clóvis Bevilaqua, Colégio Marista São José, Conde de Itaguaí, Dona Delfina, Hospital São Francisco, Igreja Nossa Senhora da Conceição, Metrô Uruguai, Natalina, Pinto de Figueiredo, Radmaker, Santa Carolina, São Rafael"
220,Volta,33,275,Ida,1,3.03,Igreja Nossa Senhora da Candelária
220,Volta,33,275,Volta,2,6.06,"BRS 2: Uruguaiana, Igreja Nossa Senhora da Candelária"
220,Volta,33,010,Ida,1,3.03,Igreja Nossa Senhora da Candelária
220,Volta,33,409,Volta,8,24.24,"BRS 1,2,4,5,6,I: Barão de Ubá, BRS 1,2,4,5,6,I: Domício da Gama, BRS 1,2,4,5,6,I: Matoso, BRS 1,2,5,6,7,I: Carmela Dutra, BRS 1,2,5,6,7,I: Conselheiro Zenha, BRS 1,2,5,6,I: Afonso Pena, BRS 1,2,5,6,I: Professor Gabizo, BRS 1,2,5,6,I: São Francisco Xavier"
220,Volta,33,410,Volta,4,12.12,"BRS 1,2,5,6,7,I: Carmela Dutra, BRS 1,2,5,6,7,I: Conselheiro Zenha, BRS 1,2,5,6,I: Professor Gabizo, BRS 1,2,5,6,I: São Francisco Xavier"
220,Volta,33,415,Volta,32,96.97,"Alves de Brito, Ary Kerner, BRS 1,2,3: Central, BRS 1,2,3: Cidade Nova, BRS 1,2,3: Praça Onze, BRS 1,2,4,5,6,I: Barão de Ubá, BRS 1,2,4,5,6,I: Domício da Gama, BRS 1,2,4,5,6,I: Matoso, BRS 1,2,5,6,7,I: Carmela Dutra, BRS 1,2,5,6,7,I: Conselheiro Zenha, BRS 1,2,5,6,I: Afonso Pena, BRS 1,2,5,6,I: Professor Gabizo, BRS 1,2,5,6,I: São Francisco Xavier, BRS 2,3: Praça da República, BRS 2,5,7,I: Saens Peña I, BRS 2: Passos, BRS 2: Uruguaiana, Cascata, Clóvis Bevilaqua, Colégio Marista São José, Conde de Itaguaí, Dona Delfina, Hospital São Francisco, Igreja Nossa Senhora da Candelária, Igreja Nossa Senhora da Conceição, Joaquim Palhares, Metrô Uruguai, Natalina, Pinto de Figueiredo, Radmaker, Santa Carolina, São Rafael"
220,Volta,33,SN415,Volta,27,81.82,"Alves de Brito, Ary Kerner, BRS 1,2,3: Central, BRS 1,2,3: Cidade Nova, BRS 1,2,3: Praça Onze, BRS 1,2,4,5,6,I: Barão de Ubá, BRS 1,2,4,5,6,I: Domício da Gama, BRS 1,2,4,5,6,I: Matoso, BRS 1,2,5,6,7,I: Carmela Dutra, BRS 1,2,5,6,7,I: Conselheiro Zenha, BRS 1,2,5,6,I: Afonso Pena, BRS 1,2,5,6,I: Professor Gabizo, BRS 1,2,5,6,I: São Francisco Xavier, BRS 2,5,7,I: Saens Peña I, Clóvis Bevilaqua, Colégio Marista São José, Conde de Itaguaí, Dona Delfina, Hospital São Francisco, Igreja Nossa Senhora da Conceição, Joaquim Palhares, Metrô Uruguai, Natalina, Pinto de Figueiredo, Radmaker, Santa Carolina, São Rafael"
220,Volta,33,422,Volta,7,21.21,"BRS 1,2,3: Central, BRS 1,2,3: Cidade Nova, BRS 1,2,3: Praça Onze, BRS 2,3: Praça da República, BRS 2: Passos, BRS 2: Uruguaiana, Igreja Nossa Senhora da Candelária"
220,Volta,33,SN422,Volta,7,21.21,"BRS 1,2,3: Central, BRS 1,2,3: Cidade Nova, BRS 1,2,3: Praça Onze, BRS 2,3: Praça da República, BRS 2: Passos, BRS 2: Uruguaiana, Igreja Nossa Senhora da Candelária"
220,Volta,33,426,Volta,24,72.73,"Alves de Brito, Ary Kerner, BRS 1,2,4,5,6,I: Barão de Ubá, BRS 1,2,4,5,6,I: Domício da Gama, BRS 1,2,4,5,6,I: Matoso, BRS 1,2,5,6,7,I: Carmela Dutra, BRS 1,2,5,6,7,I: Conselheiro Zenha, BRS 1,2,5,6,I: Afonso Pena, BRS 1,2,5,6,I: Professor Gabizo, BRS 1,2,5,6,I: São Francisco Xavier, BRS 2,5,7,I: Saens Peña I, Cascata, Clóvis Bevilaqua, Colégio Marista São José, Conde de Itaguaí, Dona Delfina, Hospital São Francisco, Igreja Nossa Senhora da Conceição, Metrô Uruguai, Natalina, Pinto de Figueiredo, Radmaker, Santa Carolina, São Rafael"
220,Volta,33,100,Ida,1,3.03,Igreja Nossa Senhora da Candelária
220,Volta,33,105,Ida,1,3.03,Igreja Nossa Senhora da Candelária
220,Volta,33,432,Volta,4,12.12,"BRS 1,2,4,5,6,I: Barão de Ubá, BRS 1,2,4,5,6,I: Domício da Gama, BRS 1,2,4,5,6,I: Matoso, BRS 1,2,5,6,I: Afonso Pena"
220,Volta,33,435,Volta,2,6.06,"BRS 1,2,3: Cidade Nova, BRS 1,2,3: Praça Onze"
220,Volta,33,439,Ida,1,3.03,Joaquim Palhares
220,Volta,33,112,Ida,1,3.03,Joaquim Palhares
220,Volta,33,209,Volta,1,3.03,Igreja Nossa Senhora da Candelária
220,Volta,33,209,Ida,1,3.03,Igreja Nossa Senhora da Candelária
220,Volta,33,472,Volta,2,6.06,"BRS 2: Uruguaiana, Igreja Nossa Senhora da Candelária"
220,Volta,33,473,Ida,1,3.03,Joaquim Palhares
220,Volta,33,603,Volta,9,27.27,"Alves de Brito, Clóvis Bevilaqua, Conde de Itaguaí, Dona Delfina, Metrô Uruguai, Natalina, Pinto de Figueiredo, Radmaker, São Rafael"
220,Volta,33,608,Volta,1,3.03,Conde de Itaguaí
220,Volta,33,626,Ida,1,3.03,Conde de Itaguaí
220,Volta,33,433,Volta,4,12.12,"BRS 1,2,4,5,6,I: Barão de Ubá, BRS 1,2,4,5,6,I: Domício da Gama, BRS 1,2,4,5,6,I: Matoso, BRS 1,2,5,6,I: Afonso Pena"
220,Volta,33,SN483,Volta,1,3.03,Igreja Nossa Senhora da Candelária
220,Volta,33,SP309,Ida,1,3.03,Igreja Nossa Senhora da Candelária
220,Volta,33,605,Volta,2,6.06,"BRS 1,2,5,6,7,I: Carmela Dutra, BRS 1,2,5,6,7,I: Conselheiro Zenha"
220,Volta,33,SN209,Volta,1,3.03,Igreja Nossa Senhora da Candelária
220,Volta,33,SN209,Ida,1,3.03,Igreja Nossa Senhora da Candelária
220,Volta,33,645,Volta,16,48.48,"Alves de Brito, Ary Kerner, BRS 2,5,7,I: Saens Peña I, Cascata, Clóvis Bevilaqua, Colégio Marista São José, Conde de Itaguaí, Dona Delfina, Hospital São Francisco, Igreja Nossa Senhora da Conceição, Metrô Uruguai, Natalina, Pinto de Figueiredo, Radmaker, Santa Carolina, São Rafael"
220,Volta,33,416,Volta,8,24.24,"BRS 1,2,4,5,6,I: Barão de Ubá, BRS 1,2,4,5,6,I: Domício da Gama, BRS 1,2,4,5,6,I: Matoso, BRS 1,2,5,6,7,I: Carmela Dutra, BRS 1,2,5,6,7,I: Conselheiro Zenha, BRS 1,2,5,6,I: Afonso Pena, BRS 1,2,5,6,I: Professor Gabizo, BRS 1,2,5,6,I: São Francisco Xavier"
220,Volta,33,SR399,Volta,1,3.03,Igreja Nossa Senhora da Candelária
220,Volta,33,SR388,Ida,1,3.03,Igreja Nossa Senhora da Candelária
220,Volta,33,397,Ida,1,3.03,Igreja Nossa Senhora da Candelária
220,Volta,33,SN433,Volta,4,12.12,"BRS 1,2,4,5,6,I: Barão de Ubá, BRS 1,2,4,5,6,I: Domício da Gama, BRS 1,2,4,5,6,I: Matoso, BRS 1,2,5,6,I: Afonso Pena"
220,Volta,33,SN368,Volta,1,3.03,Igreja Nossa Senhora da Candelária
220,Volta,33,SN388,Ida,1,3.03,Igreja Nossa Senhora da Candelária
220,Volta,33,SR384,Volta,1,3.03,Igreja Nossa Senhora da Candelária
220,Volta,33,SR386,Volta,1,3.03,Igreja Nossa Senhora da Candelária
220,Volta,33,SR386,Ida,1,3.03,Igreja Nossa Senhora da Candelária
220,Volta,33,301,Ida,25,75.76,"Alves de Brito, Ary Kerner, BRS 1,2,4,5,6,I: Barão de Ubá, BRS 1,2,4,5,6,I: Domício da Gama, BRS 1,2,4,5,6,I: Matoso, BRS 1,2,5,6,7,I: Carmela Dutra, BRS 1,2,5,6,7,I: Conselheiro Zenha, BRS 1,2,5,6,I: Afonso Pena, BRS 1,2,5,6,I: Professor Gabizo, BRS 1,2,5,6,I: São Francisco Xavier, BRS 2,5,7,I: Saens Peña I, Cascata, Clóvis Bevilaqua, Colégio Marista São José, Conde de Itaguaí, Dona Delfina, Hospital São Francisco, Igreja Nossa Senhora da Conceição, Joaquim Palhares, Metrô Uruguai, Natalina, Pinto de Figueiredo, Radmaker, Santa Carolina, São Rafael"
220,Volta,33,SR328,Volta,1,3.03,Igreja Nossa Senhora da Candelária
220,Volta,33,606,Volta,1,3.03,Conde de Itaguaí
220,Volta,33,SN634,Ida,4,12.12,"BRS 1,2,4,5,6,I: Barão de Ubá, BRS 1,2,4,5,6,I: Domício da Gama, BRS 1,2,4,5,6,I: Matoso, Joaquim Palhares"
220,Volta,33,SN312,Ida,1,3.03,Igreja Nossa Senhora da Candelária
220,Volta,33,SN312,Volta,1,3.03,Igreja Nossa Senhora da Candelária
220,Volta,33,635,Ida,4,12.12,"BRS 1,2,4,5,6,I: Barão de Ubá, BRS 1,2,4,5,6,I: Domício da Gama, BRS 1,2,4,5,6,I: Matoso, Joaquim Palhares"
220,Volta,33,324,Volta,1,3.03,Igreja Nossa Senhora da Candelária
220,Volta,33,222,Ida,1,3.03,Igreja Nossa Senhora da Candelária
220,Volta,33,222,Volta,3,9.09,"BRS 1,2,3: Central, BRS 1,2,3: Cidade Nova, BRS 1,2,3: Praça Onze"
220,Volta,33,SP635,Ida,3,9.09,"BRS 1,2,4,5,6,I: Barão de Ubá, BRS 1,2,4,5,6,I: Domício da Gama, Joaquim Palhares"
229,Ida,37,636,Ida,3,8.11,"Abelardo Chacrinha Barbosa, Henry Ford, Metrô Uruguai"
229,Ida,37,497,Ida,1,2.7,"BRS 1,2,3,4,5,I: Cruz Vermelha"
229,Ida,37,2343,Volta,1,2.7,Anfilófio de Carvalho
229,Ida,37,2305,Ida,3,8.11,"BRS 1,2,3,4,5,I: Cruz Vermelha, BRS 1,2,4,5,I: Rua dos Inválidos, BRS 1,2,4: Lavradio"
229,Ida,37,2342,Volta,1,2.7,Anfilófio de Carvalho
229,Ida,37,2344,Volta,1,2.7,Anfilófio de Carvalho
229,Ida,37,238,Ida,9,24.32,"Araújo Pena, Bispo, BRS 1,2,3,4,I: Marquês de Sapucaí, BRS 1,2,4,5,6,I: Sampaio Ferraz, BRS 1,2,4,5,I: Barão de Ubá, BRS 1,2,4,I: Largo do Estácio, BRS 1,2,4,I: Viscondessa de Piracinunga, Club Municipal, Matoso"
229,Ida,37,SN238,Ida,8,21.62,"Araújo Pena, Bispo, BRS 1,2,3,4,I: Marquês de Sapucaí, BRS 1,2,4,5,I: Barão de Ubá, BRS 1,2,4,I: Largo do Estácio, BRS 1,2,4,I: Viscondessa de Piracinunga, Club Municipal, Matoso"
229,Ida,37,239,Ida,12,32.43,"Araújo Pena, Bispo, BRS 1,2,3,4,5,I: Cruz Vermelha, BRS 1,2,3,4,I: Marquês de Sapucaí, BRS 1,2,4,5,6,I: Sampaio Ferraz, BRS 1,2,4,5,I: Barão de Ubá, BRS 1,2,4,5,I: Rua dos Inválidos, BRS 1,2,4,I: Largo do Estácio, BRS 1,2,4,I: Viscondessa de Piracinunga, BRS 1,2,4: Lavradio, Club Municipal, Matoso"
229,Ida,37,247,Ida,1,2.7,Catedral Metropolitana
229,Ida,37,265,Ida,1,2.7,Catedral Metropolitana
229,Ida,37,296,Ida,3,8.11,"BRS 1,2,3,4,5,I: Cruz Vermelha, BRS 1,2,4,5,I: Rua dos Inválidos, BRS 1,2,4: Lavradio"
229,Ida,37,298,Ida,3,8.11,"BRS 1,2,3,4,5,I: Cruz Vermelha, BRS 1,2,4,5,I: Rua dos Inválidos, BRS 1,2,4: Lavradio"
229,Ida,37,321,Ida,6,16.22,"Anfilófio de Carvalho, BRS 1,2,3,4,5,I: Cruz Vermelha, BRS 1,2,3,4,I: Marquês de Sapucaí, BRS 1,2,4,5,I: Rua dos Inválidos, BRS 1,2,4: Lavradio, Catedral Metropolitana"
229,Ida,37,323,Ida,5,13.51,"Anfilófio de Carvalho, BRS 1,2,3,4,5,I: Cruz Vermelha, BRS 1,2,3,4,I: Marquês de Sapucaí, BRS 1,2,4,5,I: Rua dos Inválidos, BRS 1,2,4: Lavradio"
229,Ida,37,325,Ida,4,10.81,"Anfilófio de Carvalho, BRS 1,2,3,4,5,I: Cruz Vermelha, BRS 1,2,4,5,I: Rua dos Inválidos, BRS 1,2,4: Lavradio"
229,Ida,37,327,Ida,4,10.81,"Anfilófio de Carvalho, BRS 1,2,3,4,5,I: Cruz Vermelha, BRS 1,2,4,5,I: Rua dos Inválidos, BRS 1,2,4: Lavradio"
229,Ida,37,342,Ida,3,8.11,"BRS 1,2,3,4,5,I: Cruz Vermelha, BRS 1,2,4,5,I: Rua dos Inválidos, BRS 1,2,4: Lavradio"
229,Ida,37,SR342,Ida,3,8.11,"BRS 1,2,3,4,5,I: Cruz Vermelha, BRS 1,2,4,5,I: Rua dos Inválidos, BRS 1,2,4: Lavradio"
229,Ida,37,349,Ida,1,2.7,Catedral Metropolitana
229,Ida,37,362,Ida,1,2.7,"BRS 1,2,3,4,5,I: Cruz Vermelha"
229,Ida,37,SR362,Ida,1,2.7,"BRS 1,2,3,4,5,I: Cruz Vermelha"
229,Ida,37,378,Ida,4,10.81,"Anfilófio de Carvalho, BRS 1,2,3,4,5,I: Cruz Vermelha, BRS 1,2,4,5,I: Rua dos Inválidos, BRS 1,2,4: Lavradio"
229,Ida,37,SR378,Ida,4,10.81,"Anfilófio de Carvalho, BRS 1,2,3,4,5,I: Cruz Vermelha, BRS 1,2,4,5,I: Rua dos Inválidos, BRS 1,2,4: Lavradio"
229,Ida,37,384,Ida,1,2.7,Catedral Metropolitana
229,Ida,37,385,Ida,1,2.7,Catedral Metropolitana
229,Ida,37,SN324,Volta,1,2.7,Anfilófio de Carvalho
229,Ida,37,SN298,Ida,1,2.7,"BRS 1,2,3,4,5,I: Cruz Vermelha"
229,Ida,37,399,Ida,1,2.7,Catedral Metropolitana
229,Ida,37,455,Ida,1,2.7,Anfilófio de Carvalho
229,Ida,37,456,Ida,1,2.7,"BRS 1,2,3,4,I: Marquês de Sapucaí"
229,Ida,37,483,Ida,1,2.7,Anfilófio de Carvalho
229,Ida,37,484,Ida,1,2.7,Anfilófio de Carvalho
229,Ida,37,711,Volta,1,2.7,"BRS 1,2,4,5,6,I: Sampaio Ferraz"
229,Ida,37,711,Ida,2,5.41,"Araújo Pena, Club Municipal"
229,Ida,37,SN457,Ida,1,2.7,"BRS 1,2,3,4,5,I: Cruz Vermelha"
229,Ida,37,SV606,Ida,3,8.11,"Abelardo Chacrinha Barbosa, Henry Ford, Metrô Uruguai"
229,Ida,37,SN363,Volta,1,2.7,Anfilófio de Carvalho
229,Ida,37,SN302,Volta,25,67.57,"Abelardo Chacrinha Barbosa, Agostinho, Alves de Brito, Araújo Pena, Araújos, Bispo, BRS 1,2,4,5,6,I: Sampaio Ferraz, BRS 1,2,4,5,I: Barão de Ubá, Club Municipal, Colégio Marista São José, Conselheiro Zenha, Felix da Cunha, Garibaldi, Henry Ford, Hospital São Francisco, Igreja Nossa Senhora da Conceição, Matoso, Medeiros Pássaro, Metrô Uruguai, Natalina, Praça Saens Peña, Rego Lopes, Saens Peña Medical Center, Santa Carolina, Vicente de Cabo Frio"
229,Ida,37,SN309,Volta,1,2.7,Anfilófio de Carvalho
229,Ida,37,309,Volta,1,2.7,Anfilófio de Carvalho
229,Ida,37,601,Ida,3,8.11,"Abelardo Chacrinha Barbosa, Henry Ford, Metrô Uruguai"
229,Ida,37,607,Volta,1,2.7,"BRS 1,2,4,5,6,I: Sampaio Ferraz"
229,Ida,37,607,Ida,10,27.03,"Abelardo Chacrinha Barbosa, Araújo Pena, Araújos, Club Municipal, Conselheiro Zenha, Felix da Cunha, Henry Ford, Metrô Uruguai, Rego Lopes, Saens Peña Medical Center"
229,Ida,37,302,Volta,25,67.57,"Abelardo Chacrinha Barbosa, Agostinho, Alves de Brito, Araújo Pena, Araújos, Bispo, BRS 1,2,4,5,6,I: Sampaio Ferraz, BRS 1,2,4,5,I: Barão de Ubá, Club Municipal, Colégio Marista São José, Conselheiro Zenha, Felix da Cunha, Garibaldi, Henry Ford, Hospital São Francisco, Igreja Nossa Senhora da Conceição, Matoso, Medeiros Pássaro, Metrô Uruguai, Natalina, Praça Saens Peña, Rego Lopes, Saens Peña Medical Center, Santa Carolina, Vicente de Cabo Frio"
229,Ida,37,SN636,Ida,4,10.81,"Abelardo Chacrinha Barbosa, Henry Ford, Metrô Uruguai, Vicente de Cabo Frio"
229,Ida,37,379,Ida,2,5.41,"BRS 1,2,3,4,5,I: Cruz Vermelha, BRS 1,2,4,5,I: Rua dos Inválidos"
229,Ida,37,383,Ida,1,2.7,"BRS 1,2,3,4,5,I: Cruz Vermelha"
229,Ida,37,SN393,Volta,1,2.7,Anfilófio de Carvalho
229,Ida,37,2336,Ida,1,2.7,Anfilófio de Carvalho
229,Ida,37,2334,Volta,1,2.7,Anfilófio de Carvalho
229,Ida,37,2335,Volta,1,2.7,Anfilófio de Carvalho
229,Ida,37,2337,Volta,1,2.7,Anfilófio de Carvalho
229,Ida,37,2339,Ida,1,2.7,Anfilófio de Carvalho
229,Ida,37,395,Ida,2,5.41,"BRS 1,2,3,4,5,I: Cruz Vermelha, BRS 1,2,4,5,I: Rua dos Inválidos"
229,Ida,37,2338,Volta,1,2.7,Anfilófio de Carvalho
229,Ida,37,394,Ida,2,5.41,"BRS 1,2,3,4,5,I: Cruz Vermelha, BRS 1,2,4,5,I: Rua dos Inválidos"
229,Ida,37,SN397,Volta,1,2.7,Anfilófio de Carvalho
229,Ida,37,006,Ida,2,5.41,"BRS 1,2,4: Lavradio, BRS 1,2: Treze de Maio"
229,Ida,37,014,Ida,2,5.41,"BRS 1,2,4: Lavradio, BRS 1,2: Treze de Maio"
229,Ida,37,107,Ida,1,2.7,Anfilófio de Carvalho
229,Ida,37,201,Ida,4,10.81,"BRS 1,2,3,4,5,I: Cruz Vermelha, BRS 1,2,4,5,I: Rua dos Inválidos, BRS 1,2,4: Lavradio, BRS 1,2: Treze de Maio"
229,Ida,37,217,Ida,3,8.11,"Abelardo Chacrinha Barbosa, Henry Ford, Metrô Uruguai"
229,Ida,37,220,Ida,26,70.27,"Abelardo Chacrinha Barbosa, Agostinho, Alves de Brito, Araújo Pena, Araújos, Bispo, BRS 1,2,4,5,6,I: Sampaio Ferraz, BRS 1,2,4,5,I: Barão de Ubá, Club Municipal, Colégio Marista São José, Conselheiro Zenha, Felix da Cunha, Garibaldi, Henry Ford, Hospital São Francisco, Igreja Nossa Senhora da Conceição, Matoso, Medeiros Pássaro, Metrô Uruguai, Natalina, Praça Saens Peña, Rego Lopes, Saens Peña Medical Center, Santa Carolina, São Miguel, Vicente de Cabo Frio"
229,Ida,37,010,Volta,1,2.7,Anfilófio de Carvalho
229,Ida,37,409,Ida,15,40.54,"Araújo Pena, Araújos, Bispo, BRS 1,2,3,4,I: Marquês de Sapucaí, BRS 1,2,4,5,6,I: Sampaio Ferraz, BRS 1,2,4,5,I: Barão de Ubá, BRS 1,2,4,I: Largo do Estácio, BRS 1,2,4,I: Viscondessa de Piracinunga, Club Municipal, Conselheiro Zenha, Felix da Cunha, Matoso, Praça Saens Peña, Rego Lopes, Saens Peña Medical Center"
229,Ida,37,410,Volta,2,5.41,"Araújo Pena, Felix da Cunha"
229,Ida,37,410,Ida,8,21.62,"Araújo Pena, Araújos, Club Municipal, Conselheiro Zenha, Felix da Cunha, Praça Saens Peña, Rego Lopes, Saens Peña Medical Center"
229,Ida,37,415,Ida,27,72.97,"Abelardo Chacrinha Barbosa, Agostinho, Alves de Brito, Anfilófio de Carvalho, Araújo Pena, Araújos, Bispo, BRS 1,2,4,5,6,I: Sampaio Ferraz, BRS 1,2,4,5,I: Barão de Ubá, Club Municipal, Colégio Marista São José, Conselheiro Zenha, Felix da Cunha, Garibaldi, Henry Ford, Hospital São Francisco, Igreja Nossa Senhora da Conceição, Matoso, Medeiros Pássaro, Metrô Uruguai, Natalina, Praça Saens Peña, Rego Lopes, Saens Peña Medical Center, Santa Carolina, São Miguel, Vicente de Cabo Frio"
229,Ida,37,SN415,Ida,27,72.97,"Abelardo Chacrinha Barbosa, Agostinho, Alves de Brito, Araújo Pena, Araújos, Bispo, BRS 1,2,4,5,6,I: Sampaio Ferraz, BRS 1,2,4,5,I: Barão de Ubá, Catedral Metropolitana, Club Municipal, Colégio Marista São José, Conselheiro Zenha, Felix da Cunha, Garibaldi, Henry Ford, Hospital São Francisco, Igreja Nossa Senhora da Conceição, Matoso, Medeiros Pássaro, Metrô Uruguai, Natalina, Praça Saens Peña, Rego Lopes, Saens Peña Medical Center, Santa Carolina, São Miguel, Vicente de Cabo Frio"
229,Ida,37,422,Ida,1,2.7,Anfilófio de Carvalho
229,Ida,37,SN422,Ida,1,2.7,Anfilófio de Carvalho
229,Ida,37,SN133,Ida,1,2.7,"BRS 1,2,4,5,6,I: Sampaio Ferraz"
229,Ida,37,426,Ida,22,59.46,"Abelardo Chacrinha Barbosa, Agostinho, Alves de Brito, Araújo Pena, Araújos, Club Municipal, Colégio Marista São José, Conselheiro Zenha, Felix da Cunha, Garibaldi, Henry Ford, Hospital São Francisco, Igreja Nossa Senhora da Conceição, Medeiros Pássaro, Metrô Uruguai, Natalina, Praça Saens Peña, Rego Lopes, Saens Peña Medical Center, Santa Carolina, São Miguel, Vicente de Cabo Frio"
229,Ida,37,426,Volta,1,2.7,"BRS 1,2,4,5,6,I: Sampaio Ferraz"
229,Ida,37,100,Volta,1,2.7,Anfilófio de Carvalho
229,Ida,37,105,Volta,1,2.7,Anfilófio de Carvalho
229,Ida,37,432,Ida,9,24.32,"Araújo Pena, Bispo, BRS 1,2,3,4,I: Marquês de Sapucaí, BRS 1,2,4,5,6,I: Sampaio Ferraz, BRS 1,2,4,5,I: Barão de Ubá, BRS 1,2,4,I: Largo do Estácio, BRS 1,2,4,I: Viscondessa de Piracinunga, Club Municipal, Matoso"
229,Ida,37,435,Ida,1,2.7,"BRS 1,2,3,4,I: Marquês de Sapucaí"
229,Ida,37,110,Volta,5,13.51,"BRS 1,2,3,4,5,I: Cruz Vermelha, BRS 1,2,3,4,I: Marquês de Sapucaí, BRS 1,2,4,5,6,I: Sampaio Ferraz, BRS 1,2,4,I: Largo do Estácio, BRS 1,2,4,I: Viscondessa de Piracinunga"
229,Ida,37,112,Volta,5,13.51,"BRS 1,2,3,4,5,I: Cruz Vermelha, BRS 1,2,3,4,I: Marquês de Sapucaí, BRS 1,2,4,5,6,I: Sampaio Ferraz, BRS 1,2,4,I: Largo do Estácio, BRS 1,2,4,I: Viscondessa de Piracinunga"
229,Ida,37,472,Ida,1,2.7,Anfilófio de Carvalho
229,Ida,37,109,Volta,1,2.7,"BRS 1,2,3,4,I: Marquês de Sapucaí"
229,Ida,37,474,Ida,1,2.7,"BRS 1,2,3,4,I: Marquês de Sapucaí"
229,Ida,37,603,Volta,2,5.41,"São Miguel, Terminal Prof. Carlos Manes Bandeira (Usina) :: Plat. A"
229,Ida,37,603,Ida,9,24.32,"Abelardo Chacrinha Barbosa, Alves de Brito, Garibaldi, Henry Ford, Metrô Uruguai, Natalina, Praça Saens Peña, Terminal Prof. Carlos Manes Bandeira (Usina) :: Plat. A, Vicente de Cabo Frio"
229,Ida,37,608,Ida,3,8.11,"Abelardo Chacrinha Barbosa, Henry Ford, Metrô Uruguai"
229,Ida,37,626,Volta,8,21.62,"Abelardo Chacrinha Barbosa, Alves de Brito, Garibaldi, Henry Ford, Metrô Uruguai, Natalina, Praça Saens Peña, Vicente de Cabo Frio"
229,Ida,37,498,Ida,1,2.7,"BRS 1,2,3,4,I: Marquês de Sapucaí"
229,Ida,37,433,Ida,9,24.32,"Araújo Pena, Bispo, BRS 1,2,3,4,I: Marquês de Sapucaí, BRS 1,2,4,5,6,I: Sampaio Ferraz, BRS 1,2,4,5,I: Barão de Ubá, BRS 1,2,4,I: Largo do Estácio, BRS 1,2,4,I: Viscondessa de Piracinunga, Club Municipal, Matoso"
229,Ida,37,SN474,Ida,1,2.7,"BRS 1,2,3,4,5,I: Cruz Vermelha"
229,Ida,37,104,Volta,1,2.7,Catedral Metropolitana
229,Ida,37,485,Ida,1,2.7,"BRS 1,2,3,4,I: Marquês de Sapucaí"
229,Ida,37,SN483,Ida,1,2.7,Anfilófio de Carvalho
229,Ida,37,SV384,Ida,1,2.7,Catedral Metropolitana
229,Ida,37,957,Ida,1,2.7,Anfilófio de Carvalho
229,Ida,37,645,Ida,14,37.84,"Abelardo Chacrinha Barbosa, Agostinho, Alves de Brito, Colégio Marista São José, Garibaldi, Henry Ford, Hospital São Francisco, Igreja Nossa Senhora da Conceição, Medeiros Pássaro, Metrô Uruguai, Natalina, Praça Saens Peña, Santa Carolina, Vicente de Cabo Frio"
229,Ida,37,416,Volta,1,2.7,"BRS 1,2,4,5,6,I: Sampaio Ferraz"
229,Ida,37,416,Ida,11,29.73,"Araújo Pena, Araújos, Bispo, BRS 1,2,4,5,I: Barão de Ubá, Club Municipal, Conselheiro Zenha, Felix da Cunha, Matoso, Praça Saens Peña, Rego Lopes, Saens Peña Medical Center"
229,Ida,37,SR399,Ida,1,2.7,Catedral Metropolitana
229,Ida,37,157,Ida,1,2.7,Anfilófio de Carvalho
229,Ida,37,350,Ida,1,2.7,Anfilófio de Carvalho
229,Ida,37,SN328,Volta,1,2.7,Anfilófio de Carvalho
229,Ida,37,SN433,Ida,9,24.32,"Araújo Pena, Bispo, BRS 1,2,3,4,I: Marquês de Sapucaí, BRS 1,2,4,5,6,I: Sampaio Ferraz, BRS 1,2,4,5,I: Barão de Ubá, BRS 1,2,4,I: Largo do Estácio, BRS 1,2,4,I: Viscondessa de Piracinunga, Club Municipal, Matoso"
229,Ida,37,SN368,Volta,1,2.7,Anfilófio de Carvalho
229,Ida,37,SN388,Volta,1,2.7,Anfilófio de Carvalho
229,Ida,37,SN399,Ida,1,2.7,Catedral Metropolitana
229,Ida,37,SR384,Ida,1,2.7,Catedral Metropolitana
229,Ida,37,SN497,Ida,1,2.7,"BRS 1,2,3,4,5,I: Cruz Vermelha"
229,Ida,37,133,Ida,1,2.7,"BRS 1,2,4,5,6,I: Sampaio Ferraz"
229,Ida,37,301,Volta,25,67.57,"Abelardo Chacrinha Barbosa, Agostinho, Alves de Brito, Araújo Pena, Araújos, Bispo, BRS 1,2,4,5,6,I: Sampaio Ferraz, BRS 1,2,4,5,I: Barão de Ubá, Club Municipal, Colégio Marista São José, Conselheiro Zenha, Felix da Cunha, Garibaldi, Henry Ford, Hospital São Francisco, Igreja Nossa Senhora da Conceição, Matoso, Medeiros Pássaro, Metrô Uruguai, Natalina, Praça Saens Peña, Rego Lopes, Saens Peña Medical Center, Santa Carolina, Vicente de Cabo Frio"
229,Ida,37,SV391,Ida,1,2.7,"BRS 1,2,3,4,5,I: Cruz Vermelha"
229,Ida,37,SN624,Ida,1,2.7,Catedral Metropolitana
229,Ida,37,108,Volta,1,2.7,"BRS 1,2,3,4,I: Marquês de Sapucaí"
229,Ida,37,108,Ida,1,2.7,"BRS 1,2,3,4,5,I: Cruz Vermelha"
229,Ida,37,606,Ida,3,8.11,"Abelardo Chacrinha Barbosa, Henry Ford, Metrô Uruguai"
229,Ida,37,SN104,Volta,1,2.7,Catedral Metropolitana
229,Ida,37,013,Volta,1,2.7,"BRS 1,2,3,4,I: Marquês de Sapucaí"
229,Ida,37,SN383,Ida,1,2.7,"BRS 1,2,3,4,5,I: Cruz Vermelha"
229,Volta,32,238,Volta,7,21.88,"BRS 1,2,4,5,6,I: Barão de Ubá, BRS 1,2,4,5,6,I: Domício da Gama, BRS 1,2,4,5,6,I: Matoso, BRS 1,2,4,6: Paulo de Frontin, BRS 1,2,4,I: Praça Castelo Branco, BRS 1,2,4,I: Reverendo Álvaro Reis, BRS 1,2,4: Largo do Estácio"
229,Volta,32,SN238,Volta,2,6.25,"BRS 1,2,4,5,6,I: Barão de Ubá, BRS 1,2,4,I: Reverendo Álvaro Reis"
229,Volta,32,239,Volta,9,28.12,"BRS 1,2,4,5,6,I: Barão de Ubá, BRS 1,2,4,5,6,I: Domício da Gama, BRS 1,2,4,5,6,I: Matoso, BRS 1,2,4,6: Paulo de Frontin, BRS 1,2,4,I: Moncorvo Filho, BRS 1,2,4,I: Praça Castelo Branco, BRS 1,2,4,I: Reverendo Álvaro Reis, BRS 1,2,4: General Caldwell, BRS 1,2,4: Largo do Estácio"
229,Volta,32,621,Volta,2,6.25,"BRS 1,2,5,6,7,I: Carmela Dutra, BRS 1,2,5,6,7,I: Conselheiro Zenha"
229,Volta,32,634,Ida,3,9.38,"BRS 1,2,4,5,6,I: Barão de Ubá, BRS 1,2,4,5,6,I: Domício da Gama, BRS 1,2,4,5,6,I: Matoso"
229,Volta,32,711,Volta,4,12.5,"BRS 1,2,4,5,6,I: Barão de Ubá, BRS 1,2,4,5,6,I: Domício da Gama, BRS 1,2,4,5,6,I: Matoso, BRS 1,2,4,6: Paulo de Frontin"
229,Volta,32,SV606,Volta,1,3.12,Conde de Itaguaí
229,Volta,32,SN302,Ida,23,71.88,"Alves de Brito, Ary Kerner, BRS 1,2,4,5,6,I: Barão de Ubá, BRS 1,2,4,5,6,I: Domício da Gama, BRS 1,2,4,5,6,I: Matoso, BRS 1,2,5,6,7,I: Carmela Dutra, BRS 1,2,5,6,7,I: Conselheiro Zenha, BRS 1,2,5,6,I: Afonso Pena, BRS 1,2,5,6,I: Professor Gabizo, BRS 1,2,5,6,I: São Francisco Xavier, BRS 2,5,7,I: Saens Peña I, Clóvis Bevilaqua, Colégio Marista São José, Conde de Itaguaí, Dona Delfina, Hospital São Francisco, Igreja Nossa Senhora da Conceição, Metrô Uruguai, Natalina, Pinto de Figueiredo, Radmaker, Santa Carolina, São Rafael"
229,Volta,32,601,Volta,4,12.5,"BRS 1,2,5,6,7,I: Carmela Dutra, BRS 1,2,5,6,7,I: Conselheiro Zenha, BRS 2,5,7,I: Saens Peña I, Conde de Itaguaí"
229,Volta,32,607,Volta,10,31.25,"BRS 1,2,4,5,6,I: Barão de Ubá, BRS 1,2,4,5,6,I: Domício da Gama, BRS 1,2,4,5,6,I: Matoso, BRS 1,2,4,6: Paulo de Frontin, BRS 1,2,5,6,7,I: Carmela Dutra, BRS 1,2,5,6,7,I: Conselheiro Zenha, BRS 1,2,5,6,I: Afonso Pena, BRS 1,2,5,6,I: Professor Gabizo, BRS 1,2,5,6,I: São Francisco Xavier, Conde de Itaguaí"
229,Volta,32,302,Ida,23,71.88,"Alves de Brito, Ary Kerner, BRS 1,2,4,5,6,I: Barão de Ubá, BRS 1,2,4,5,6,I: Domício da Gama, BRS 1,2,4,5,6,I: Matoso, BRS 1,2,5,6,7,I: Carmela Dutra, BRS 1,2,5,6,7,I: Conselheiro Zenha, BRS 1,2,5,6,I: Afonso Pena, BRS 1,2,5,6,I: Professor Gabizo, BRS 1,2,5,6,I: São Francisco Xavier, BRS 2,5,7,I: Saens Peña I, Clóvis Bevilaqua, Colégio Marista São José, Conde de Itaguaí, Dona Delfina, Hospital São Francisco, Igreja Nossa Senhora da Conceição, Metrô Uruguai, Natalina, Pinto de Figueiredo, Radmaker, Santa Carolina, São Rafael"
229,Volta,32,SN636,Volta,1,3.12,Pinto de Figueiredo
229,Volta,32,2307,Volta,1,3.12,"BRS 1,2,5: Praça da República II"
229,Volta,32,2308,Volta,1,3.12,"BRS 1,2,5: Praça da República II"
229,Volta,32,2309,Volta,1,3.12,"BRS 1,2,5: Praça da República II"
229,Volta,32,2336,Volta,1,3.12,"BRS 1,2,5: Praça da República II"
229,Volta,32,2303,Volta,1,3.12,"BRS 1,2,5: Praça da República II"
229,Volta,32,2339,Volta,1,3.12,"BRS 1,2,5: Praça da República II"
229,Volta,32,2383,Volta,1,3.12,"BRS 1,2,5: Praça da República II"
229,Volta,32,394,Volta,1,3.12,"BRS 1,2,5: Praça da República II"
229,Volta,32,201,Volta,4,12.5,"BRS 1,2,4,I: Moncorvo Filho, BRS 1,2,4,I: Praça Castelo Branco, BRS 1,2,4: General Caldwell, BRS 1,2,5: Praça da República II"
229,Volta,32,202,Volta,4,12.5,"BRS 1,2,4,I: Moncorvo Filho, BRS 1,2,4,I: Praça Castelo Branco, BRS 1,2,4: General Caldwell, BRS 1,2,5: Praça da República II"
229,Volta,32,217,Volta,1,3.12,Conde de Itaguaí
229,Volta,32,220,Volta,23,71.88,"Alves de Brito, Ary Kerner, BRS 1,2,4,5,6,I: Barão de Ubá, BRS 1,2,4,5,6,I: Domício da Gama, BRS 1,2,4,5,6,I: Matoso, BRS 1,2,5,6,7,I: Carmela Dutra, BRS 1,2,5,6,7,I: Conselheiro Zenha, BRS 1,2,5,6,I: Afonso Pena, BRS 1,2,5,6,I: Professor Gabizo, BRS 1,2,5,6,I: São Francisco Xavier, BRS 2,5,7,I: Saens Peña I, Clóvis Bevilaqua, Colégio Marista São José, Conde de Itaguaí, Dona Delfina, Hospital São Francisco, Igreja Nossa Senhora da Conceição, Metrô Uruguai, Natalina, Pinto de Figueiredo, Radmaker, Santa Carolina, São Rafael"
229,Volta,32,409,Volta,12,37.5,"BRS 1,2,4,5,6,I: Barão de Ubá, BRS 1,2,4,5,6,I: Domício da Gama, BRS 1,2,4,5,6,I: Matoso, BRS 1,2,4,6: Paulo de Frontin, BRS 1,2,4,I: Praça Castelo Branco, BRS 1,2,4,I: Reverendo Álvaro Reis, BRS 1,2,4: Largo do Estácio, BRS 1,2,5,6,7,I: Carmela Dutra, BRS 1,2,5,6,7,I: Conselheiro Zenha, BRS 1,2,5,6,I: Afonso Pena, BRS 1,2,5,6,I: Professor Gabizo, BRS 1,2,5,6,I: São Francisco Xavier"
229,Volta,32,410,Volta,5,15.62,"BRS 1,2,4,I: Praça Castelo Branco, BRS 1,2,5,6,7,I: Carmela Dutra, BRS 1,2,5,6,7,I: Conselheiro Zenha, BRS 1,2,5,6,I: Professor Gabizo, BRS 1,2,5,6,I: São Francisco Xavier"
229,Volta,32,415,Volta,23,71.88,"Alves de Brito, Ary Kerner, BRS 1,2,4,5,6,I: Barão de Ubá, BRS 1,2,4,5,6,I: Domício da Gama, BRS 1,2,4,5,6,I: Matoso, BRS 1,2,5,6,7,I: Carmela Dutra, BRS 1,2,5,6,7,I: Conselheiro Zenha, BRS 1,2,5,6,I: Afonso Pena, BRS 1,2,5,6,I: Professor Gabizo, BRS 1,2,5,6,I: São Francisco Xavier, BRS 2,5,7,I: Saens Peña I, Clóvis Bevilaqua, Colégio Marista São José, Conde de Itaguaí, Dona Delfina, Hospital São Francisco, Igreja Nossa Senhora da Conceição, Metrô Uruguai, Natalina, Pinto de Figueiredo, Radmaker, Santa Carolina, São Rafael"
229,Volta,32,SN415,Volta,23,71.88,"Alves de Brito, Ary Kerner, BRS 1,2,4,5,6,I: Barão de Ubá, BRS 1,2,4,5,6,I: Domício da Gama, BRS 1,2,4,5,6,I: Matoso, BRS 1,2,5,6,7,I: Carmela Dutra, BRS 1,2,5,6,7,I: Conselheiro Zenha, BRS 1,2,5,6,I: Afonso Pena, BRS 1,2,5,6,I: Professor Gabizo, BRS 1,2,5,6,I: São Francisco Xavier, BRS 2,5,7,I: Saens Peña I, Clóvis Bevilaqua, Colégio Marista São José, Conde de Itaguaí, Dona Delfina, Hospital São Francisco, Igreja Nossa Senhora da Conceição, Metrô Uruguai, Natalina, Pinto de Figueiredo, Radmaker, Santa Carolina, São Rafael"
229,Volta,32,SN133,Volta,1,3.12,"BRS 1,2,4,I: Reverendo Álvaro Reis"
229,Volta,32,426,Volta,24,75,"Alves de Brito, Ary Kerner, BRS 1,2,4,5,6,I: Barão de Ubá, BRS 1,2,4,5,6,I: Domício da Gama, BRS 1,2,4,5,6,I: Matoso, BRS 1,2,4,6: Paulo de Frontin, BRS 1,2,5,6,7,I: Carmela Dutra, BRS 1,2,5,6,7,I: Conselheiro Zenha, BRS 1,2,5,6,I: Afonso Pena, BRS 1,2,5,6,I: Professor Gabizo, BRS 1,2,5,6,I: São Francisco Xavier, BRS 2,5,7,I: Saens Peña I, Clóvis Bevilaqua, Colégio Marista São José, Conde de Itaguaí, Dona Delfina, Hospital São Francisco, Igreja Nossa Senhora da Conceição, Metrô Uruguai, Natalina, Pinto de Figueiredo, Radmaker, Santa Carolina, São Rafael"
229,Volta,32,432,Volta,8,25,"BRS 1,2,4,5,6,I: Barão de Ubá, BRS 1,2,4,5,6,I: Domício da Gama, BRS 1,2,4,5,6,I: Matoso, BRS 1,2,4,6: Paulo de Frontin, BRS 1,2,4,I: Praça Castelo Branco, BRS 1,2,4,I: Reverendo Álvaro Reis, BRS 1,2,4: Largo do Estácio, BRS 1,2,5,6,I: Afonso Pena"
229,Volta,32,110,Ida,3,9.38,"BRS 1,2,4,6: Paulo de Frontin, BRS 1,2,4,I: Reverendo Álvaro Reis, BRS 1,2,4: Largo do Estácio"
229,Volta,32,109,Volta,1,3.12,"BRS 1,2,4,I: Praça Castelo Branco"
229,Volta,32,603,Volta,10,31.25,"Alves de Brito, Clóvis Bevilaqua, Conde de Itaguaí, Dona Delfina, Metrô Uruguai, Natalina, Pinto de Figueiredo, Radmaker, São Rafael, Terminal Prof. Carlos Manes Bandeira (Usina) :: Plat. A"
229,Volta,32,603,Ida,1,3.12,Terminal Prof. Carlos Manes Bandeira (Usina) :: Plat. A
229,Volta,32,608,Volta,1,3.12,Conde de Itaguaí
229,Volta,32,626,Ida,1,3.12,Conde de Itaguaí
229,Volta,32,433,Volta,8,25,"BRS 1,2,4,5,6,I: Barão de Ubá, BRS 1,2,4,5,6,I: Domício da Gama, BRS 1,2,4,5,6,I: Matoso, BRS 1,2,4,6: Paulo de Frontin, BRS 1,2,4,I: Praça Castelo Branco, BRS 1,2,4,I: Reverendo Álvaro Reis, BRS 1,2,4: Largo do Estácio, BRS 1,2,5,6,I: Afonso Pena"
229,Volta,32,104,Ida,1,3.12,"BRS 1,2,5: Praça da República II"
229,Volta,32,605,Volta,2,6.25,"BRS 1,2,5,6,7,I: Carmela Dutra, BRS 1,2,5,6,7,I: Conselheiro Zenha"
229,Volta,32,645,Volta,15,46.88,"Alves de Brito, Ary Kerner, BRS 2,5,7,I: Saens Peña I, Clóvis Bevilaqua, Colégio Marista São José, Conde de Itaguaí, Dona Delfina, Hospital São Francisco, Igreja Nossa Senhora da Conceição, Metrô Uruguai, Natalina, Pinto de Figueiredo, Radmaker, Santa Carolina, São Rafael"
229,Volta,32,416,Volta,9,28.12,"BRS 1,2,4,5,6,I: Barão de Ubá, BRS 1,2,4,5,6,I: Domício da Gama, BRS 1,2,4,5,6,I: Matoso, BRS 1,2,4,6: Paulo de Frontin, BRS 1,2,5,6,7,I: Carmela Dutra, BRS 1,2,5,6,7,I: Conselheiro Zenha, BRS 1,2,5,6,I: Afonso Pena, BRS 1,2,5,6,I: Professor Gabizo, BRS 1,2,5,6,I: São Francisco Xavier"
229,Volta,32,371,Ida,1,3.12,"BRS 1,2,5: Praça da República II"
229,Volta,32,SN433,Volta,8,25,"BRS 1,2,4,5,6,I: Barão de Ubá, BRS 1,2,4,5,6,I: Domício da Gama, BRS 1,2,4,5,6,I: Matoso, BRS 1,2,4,6: Paulo de Frontin, BRS 1,2,4,I: Praça Castelo Branco, BRS 1,2,4,I: Reverendo Álvaro Reis, BRS 1,2,4: Largo do Estácio, BRS 1,2,5,6,I: Afonso Pena"
229,Volta,32,133,Volta,2,6.25,"BRS 1,2,4,6: Paulo de Frontin, BRS 1,2,4,I: Reverendo Álvaro Reis"
229,Volta,32,301,Ida,23,71.88,"Alves de Brito, Ary Kerner, BRS 1,2,4,5,6,I: Barão de Ubá, BRS 1,2,4,5,6,I: Domício da Gama, BRS 1,2,4,5,6,I: Matoso, BRS 1,2,5,6,7,I: Carmela Dutra, BRS 1,2,5,6,7,I: Conselheiro Zenha, BRS 1,2,5,6,I: Afonso Pena, BRS 1,2,5,6,I: Professor Gabizo, BRS 1,2,5,6,I: São Francisco Xavier, BRS 2,5,7,I: Saens Peña I, Clóvis Bevilaqua, Colégio Marista São José, Conde de Itaguaí, Dona Delfina, Hospital São Francisco, Igreja Nossa Senhora da Conceição, Metrô Uruguai, Natalina, Pinto de Figueiredo, Radmaker, Santa Carolina, São Rafael"
229,Volta,32,606,Volta,1,3.12,Conde de Itaguaí
229,Volta,32,SN104,Ida,1,3.12,"BRS 1,2,5: Praça da República II"
229,Volta,32,SN634,Ida,3,9.38,"BRS 1,2,4,5,6,I: Barão de Ubá, BRS 1,2,4,5,6,I: Domício da Gama, BRS 1,2,4,5,6,I: Matoso"
229,Volta,32,013,Volta,1,3.12,"BRS 1,2,4,I: Praça Castelo Branco"
229,Volta,32,635,Ida,3,9.38,"BRS 1,2,4,5,6,I: Barão de Ubá, BRS 1,2,4,5,6,I: Domício da Gama, BRS 1,2,4,5,6,I: Matoso"
229,Volta,32,SP635,Ida,2,6.25,"BRS 1,2,4,5,6,I: Barão de Ubá, BRS 1,2,4,5,6,I: Domício da Gama"
435,Ida,67,636,Volta,1,1.49,Araxá
435,Ida,67,254,Ida,7,10.45,"BRS 2,3,4: Jaceguai, Estação São Cristóvão :: Sul, Mata Machado :: Pista Central, Praça da Bandeira :: Pista Central, Professor Eurico Rabelo :: Pista Central, Rei Pelé, Sergipe"
435,Ida,67,238,Volta,1,1.49,Araxá
435,Ida,67,238,Ida,1,1.49,"BRS 1,2,3,4,I: Marquês de Sapucaí"
435,Ida,67,SN238,Ida,1,1.49,"BRS 1,2,3,4,I: Marquês de Sapucaí"
435,Ida,67,SN238,Volta,1,1.49,Araxá
435,Ida,67,239,Ida,2,2.99,"BRS 1,2,3,4,I: Marquês de Sapucaí, BRS 2,3,4: Jaceguai"
435,Ida,67,247,Ida,8,11.94,"BRS 2,3,4: Jaceguai, BRS 2,4: Cidade Nova, Estação São Cristóvão :: Sul, Mata Machado :: Pista Central, Praça da Bandeira :: Pista Central, Professor Eurico Rabelo :: Pista Central, Rei Pelé, Sergipe"
435,Ida,67,249,Ida,8,11.94,"BRS 2,3,4: Jaceguai, BRS 2,4: Cidade Nova, Estação São Cristóvão :: Sul, Mata Machado :: Pista Central, Praça da Bandeira :: Pista Central, Professor Eurico Rabelo :: Pista Central, Rei Pelé, Sergipe"
435,Ida,67,519,Ida,8,11.94,"BRS 1,2,3,I: Dezenove de Fevereiro, BRS 1,2,3,I: Sorocaba, Figueiredo Magalhães, Metrô Siqueira Campos, Miranda Valverde, Pinheiro Guimarães, Visconde de Caravelas, Visconde de Silva"
435,Ida,67,518,Ida,1,1.49,BRS 2: Figueiredo Magalhães
435,Ida,67,232,Ida,11,16.42,"BRS 2,3,4: Jaceguai, BRS 2,4,5,6,7,I: Souza Franco, BRS 2,4: Cidade Nova, Estação São Cristóvão :: Sul, Mata Machado :: Pista Central, Maxwell, Pereira Nunes, Praça da Bandeira :: Pista Central, Professor Eurico Rabelo :: Pista Central, Rei Pelé, Sergipe"
435,Ida,67,SN232,Ida,12,17.91,"BRS 2,3,4: Jaceguai, BRS 2,4,5,6,7,I: Souza Franco, BRS 2,4: Cidade Nova, BRS 2,6,7: Visconde de Abaeté, Estação São Cristóvão :: Sul, Mata Machado :: Pista Central, Maxwell, Pereira Nunes, Praça da Bandeira :: Pista Central, Professor Eurico Rabelo :: Pista Central, Rei Pelé, Sergipe"
435,Ida,67,321,Ida,4,5.97,"BRS 1,2,3,4,I: Marquês de Sapucaí, Frei Caneca, Metrô Praça Onze, Santa Maria"
435,Ida,67,323,Ida,4,5.97,"BRS 1,2,3,4,I: Marquês de Sapucaí, Frei Caneca, Metrô Praça Onze, Santa Maria"
435,Ida,67,SP404,Ida,13,19.4,"BRS 1,2,3,I: General Osório, BRS 1,2,3: Anibal de Mendonça, BRS 1,2,3: Carlos Góis, BRS 1,2,3: Farme de Amoedo, BRS 1,2,3: Garcia d'Ávila, BRS 1,2,3: Henrique Dumont, BRS 1,2,3: João Lira, BRS 1,2,3: Teixeira de Melo, BRS 1,2,3: Vinícius de Moraes, Fluminense Football Club, Joia Valansi, Marquês de Olinda, Universidade Santa Úrsula"
435,Ida,67,455,Ida,1,1.49,"BRS 2,3,4: Jaceguai"
435,Ida,67,456,Ida,10,14.93,"BRS 1,2,3,4,I: Marquês de Sapucaí, BRS 2,3,4: Jaceguai, Fluminense Football Club, Frei Caneca, Itapiru, Joia Valansi, Marquês de Olinda, Metrô Praça Onze, Santa Maria, Universidade Santa Úrsula"
435,Ida,67,456,Volta,1,1.49,Itapiru
435,Ida,67,457,Ida,11,16.42,"BRS 2,3,4: Jaceguai, Estação São Cristóvão :: Sul, Fluminense Football Club, Joia Valansi, Marquês de Olinda, Mata Machado :: Pista Central, Praça da Bandeira :: Pista Central, Professor Eurico Rabelo :: Pista Central, Rei Pelé, Sergipe, Universidade Santa Úrsula"
435,Ida,67,483,Ida,1,1.49,"BRS 1,2,3,I: General Osório"
435,Ida,67,484,Ida,1,1.49,"BRS 1,2,3,I: General Osório"
435,Ida,67,621,Volta,1,1.49,Araxá
435,Ida,67,623,Ida,5,7.46,"BRS 2,4,5,6,7,I: Souza Franco, BRS 2,6,7: Barão de São Francisco 1, BRS 2,6,7: Luís Barbosa, Maxwell, Pereira Nunes"
435,Ida,67,625,Ida,6,8.96,"BRS 2,4,5,6,7,I: Souza Franco, BRS 2,6,7: Barão de São Francisco 1, BRS 2,6,7: José Vicente, BRS 2,6,7: Luís Barbosa, BRS 2,6,7: Viana Drummond, BRS 2,6,7: Visconde de Abaeté"
435,Ida,67,627,Volta,2,2.99,"Maxwell, Pereira Nunes"
435,Ida,67,627,Ida,3,4.48,"BRS 2,4,5,6,7,I: Souza Franco, BRS 2,6,7: Barão de São Francisco 1, BRS 2,6,7: Luís Barbosa"
435,Ida,67,630,Ida,3,4.48,"BRS 2,4,5,6,7,I: Souza Franco, BRS 2,6,7: Barão de São Francisco 1, BRS 2,6,7: Luís Barbosa"
435,Ida,67,630,Volta,2,2.99,"Maxwell, Pereira Nunes"
435,Ida,67,638,Ida,8,11.94,"BRS 2,4,5,6,7,I: Souza Franco, BRS 2,6,7: Barão de São Francisco 1, BRS 2,6,7: José Vicente, BRS 2,6,7: Luís Barbosa, BRS 2,6,7: Viana Drummond, BRS 2,6,7: Visconde de Abaeté, Maxwell, Pereira Nunes"
435,Ida,67,639,Ida,6,8.96,"BRS 2,4,5,6,7,I: Souza Franco, BRS 2,6,7: Barão de São Francisco 1, BRS 2,6,7: José Vicente, BRS 2,6,7: Luís Barbosa, BRS 2,6,7: Viana Drummond, BRS 2,6,7: Visconde de Abaeté"
435,Ida,67,SN457,Ida,11,16.42,"BRS 2,3,4: Jaceguai, Estação São Cristóvão :: Sul, Fluminense Football Club, Joia Valansi, Marquês de Olinda, Mata Machado :: Pista Central, Praça da Bandeira :: Pista Central, Professor Eurico Rabelo :: Pista Central, Rei Pelé, Sergipe, Universidade Santa Úrsula"
435,Ida,67,SN639,Ida,5,7.46,"BRS 2,4,5,6,7,I: Souza Franco, BRS 2,6,7: Barão de São Francisco 1, BRS 2,6,7: José Vicente, BRS 2,6,7: Luís Barbosa, BRS 2,6,7: Viana Drummond"
435,Ida,67,SV606,Volta,2,2.99,"Araxá, Estação São Cristóvão :: Sul"
435,Ida,67,306,Ida,9,13.43,"BRS 2,4,5,6,7,I: Souza Franco, Estação São Cristóvão :: Sul, Mata Machado :: Pista Central, Maxwell, Pereira Nunes, Praça da Bandeira :: Pista Central, Professor Eurico Rabelo :: Pista Central, Rei Pelé, Sergipe"
435,Ida,67,341,Ida,9,13.43,"BRS 2,4,5,6,7,I: Souza Franco, Estação São Cristóvão :: Sul, Mata Machado :: Pista Central, Maxwell, Pereira Nunes, Praça da Bandeira :: Pista Central, Professor Eurico Rabelo :: Pista Central, Rei Pelé, Sergipe"
435,Ida,67,363,Ida,7,10.45,"BRS 2,3,4: Jaceguai, Estação São Cristóvão :: Sul, Mata Machado :: Pista Central, Praça da Bandeira :: Pista Central, Professor Eurico Rabelo :: Pista Central, Rei Pelé, Sergipe"
435,Ida,67,SV363,Ida,3,4.48,"Estação São Cristóvão :: Sul, Praça da Bandeira :: Pista Central, Sergipe"
435,Ida,67,368,Ida,9,13.43,"BRS 2,4,5,6,7,I: Souza Franco, Estação São Cristóvão :: Sul, Mata Machado :: Pista Central, Maxwell, Pereira Nunes, Praça da Bandeira :: Pista Central, Professor Eurico Rabelo :: Pista Central, Rei Pelé, Sergipe"
435,Ida,67,SN363,Ida,6,8.96,"Estação São Cristóvão :: Sul, Mata Machado :: Pista Central, Praça da Bandeira :: Pista Central, Professor Eurico Rabelo :: Pista Central, Rei Pelé, Sergipe"
435,Ida,67,390,Ida,8,11.94,"Estação São Cristóvão :: Sul, Mata Machado :: Pista Central, Maxwell, Pereira Nunes, Praça da Bandeira :: Pista Central, Professor Eurico Rabelo :: Pista Central, Rei Pelé, Sergipe"
435,Ida,67,557,Ida,1,1.49,Figueiredo Magalhães
435,Ida,67,557,Volta,9,13.43,"BRS 1,2,3,I: General Osório, BRS 1,2,3: Anibal de Mendonça, BRS 1,2,3: Carlos Góis, BRS 1,2,3: Farme de Amoedo, BRS 1,2,3: Garcia d'Ávila, BRS 1,2,3: Henrique Dumont, BRS 1,2,3: João Lira, BRS 1,2,3: Teixeira de Melo, BRS 1,2,3: Vinícius de Moraes"
435,Ida,67,600,Ida,5,7.46,"BRS 2,4,5,6,7,I: Souza Franco, BRS 2,6,7: Barão de São Francisco 1, BRS 2,6,7: José Vicente, BRS 2,6,7: Luís Barbosa, BRS 2,6,7: Viana Drummond"
435,Ida,67,2111,Ida,9,13.43,"BRS 2,4,5,6,7,I: Souza Franco, Estação São Cristóvão :: Sul, Mata Machado :: Pista Central, Maxwell, Pereira Nunes, Praça da Bandeira :: Pista Central, Professor Eurico Rabelo :: Pista Central, Rei Pelé, Sergipe"
435,Ida,67,2110,Ida,9,13.43,"BRS 2,6,7: Visconde de Abaeté, Estação São Cristóvão :: Sul, Mata Machado :: Pista Central, Maxwell, Pereira Nunes, Praça da Bandeira :: Pista Central, Professor Eurico Rabelo :: Pista Central, Rei Pelé, Sergipe"
435,Ida,67,2114,Ida,9,13.43,"BRS 2,4,5,6,7,I: Souza Franco, Estação São Cristóvão :: Sul, Mata Machado :: Pista Central, Maxwell, Pereira Nunes, Praça da Bandeira :: Pista Central, Professor Eurico Rabelo :: Pista Central, Rei Pelé, Sergipe"
435,Ida,67,SN309,Volta,2,2.99,"BRS 1,2,3,I: Dezenove de Fevereiro, BRS 1,2,3,I: Sorocaba"
435,Ida,67,SN309,Ida,1,1.49,Biblioteca Municipal Vinicius de Moraes
435,Ida,67,309,Ida,1,1.49,Biblioteca Municipal Vinicius de Moraes
435,Ida,67,309,Volta,3,4.48,"BRS 1,2,3,I: Dezenove de Fevereiro, BRS 1,2,3,I: Real Grandeza, BRS 1,2,3,I: Sorocaba"
435,Ida,67,601,Volta,1,1.49,Araxá
435,Ida,67,607,Volta,1,1.49,Araxá
435,Ida,67,SN636,Volta,1,1.49,Araxá
435,Ida,67,383,Ida,6,8.96,"Estação São Cristóvão :: Sul, Mata Machado :: Pista Central, Praça da Bandeira :: Pista Central, Professor Eurico Rabelo :: Pista Central, Rei Pelé, Sergipe"
435,Ida,67,2334,Volta,9,13.43,"BRS 1,2,3,I: General Osório, BRS 1,2,3: Anibal de Mendonça, BRS 1,2,3: Carlos Góis, BRS 1,2,3: Farme de Amoedo, BRS 1,2,3: Garcia d'Ávila, BRS 1,2,3: Henrique Dumont, BRS 1,2,3: João Lira, BRS 1,2,3: Teixeira de Melo, BRS 1,2,3: Vinícius de Moraes"
435,Ida,67,2335,Volta,9,13.43,"BRS 1,2,3,I: General Osório, BRS 1,2,3: Anibal de Mendonça, BRS 1,2,3: Carlos Góis, BRS 1,2,3: Farme de Amoedo, BRS 1,2,3: Garcia d'Ávila, BRS 1,2,3: Henrique Dumont, BRS 1,2,3: João Lira, BRS 1,2,3: Teixeira de Melo, BRS 1,2,3: Vinícius de Moraes"
435,Ida,67,2337,Volta,9,13.43,"BRS 1,2,3,I: General Osório, BRS 1,2,3: Anibal de Mendonça, BRS 1,2,3: Carlos Góis, BRS 1,2,3: Farme de Amoedo, BRS 1,2,3: Garcia d'Ávila, BRS 1,2,3: Henrique Dumont, BRS 1,2,3: João Lira, BRS 1,2,3: Teixeira de Melo, BRS 1,2,3: Vinícius de Moraes"
435,Ida,67,2338,Volta,9,13.43,"BRS 1,2,3,I: General Osório, BRS 1,2,3: Anibal de Mendonça, BRS 1,2,3: Carlos Góis, BRS 1,2,3: Farme de Amoedo, BRS 1,2,3: Garcia d'Ávila, BRS 1,2,3: Henrique Dumont, BRS 1,2,3: João Lira, BRS 1,2,3: Teixeira de Melo, BRS 1,2,3: Vinícius de Moraes"
435,Ida,67,201,Ida,1,1.49,Itapiru
435,Ida,67,201,Volta,1,1.49,Frei Caneca
435,Ida,67,202,Ida,2,2.99,"Itapiru, Praça Jardineira"
435,Ida,67,202,Volta,1,1.49,Frei Caneca
435,Ida,67,229,Ida,1,1.49,"BRS 1,2,3,4,I: Marquês de Sapucaí"
435,Ida,67,409,Ida,4,5.97,"BRS 1,2,3,4,I: Marquês de Sapucaí, BRS 1,2,3,I: Dezenove de Fevereiro, BRS 1,2,3,I: Real Grandeza, BRS 1,2,3,I: Sorocaba"
435,Ida,67,410,Volta,2,2.99,"Biblioteca Municipal Vinicius de Moraes, Frei Caneca"
435,Ida,67,410,Ida,7,10.45,"BRS 1,2,3,I: Dezenove de Fevereiro, BRS 1,2,3,I: Real Grandeza, BRS 1,2,3,I: Sorocaba, Gávea Trade Center, Itapiru, Padre Leonel Franca, Praça Jardineira"
435,Ida,67,415,Ida,2,2.99,"BRS 1,2,3: Carlos Góis, BRS 1,2,3: João Lira"
435,Ida,67,SN415,Ida,2,2.99,"BRS 1,2,3: Carlos Góis, BRS 1,2,3: João Lira"
435,Ida,67,422,Ida,1,1.49,"BRS 2,4: Cidade Nova"
435,Ida,67,SN422,Ida,1,1.49,"BRS 2,4: Cidade Nova"
435,Ida,67,SN133,Volta,2,2.99,"Metrô Praça Onze, Santa Maria"
435,Ida,67,426,Ida,20,29.85,"BRS 1,2,3,I: General Osório, BRS 1,2,3: Anibal de Mendonça, BRS 1,2,3: Farme de Amoedo, BRS 1,2,3: Garcia d'Ávila, BRS 1,2,3: Henrique Dumont, BRS 1,2,3: Teixeira de Melo, BRS 1,2,3: Vinícius de Moraes, BRS 2: Bolívar, BRS 2: Constante Ramos, BRS 2: Figueiredo Magalhães, BRS 2: Francisco Sá, BRS 2: Miguel Lemos, BRS 2: Raul Pompéia, BRS 2: Santa Clara, Fluminense Football Club, Itapiru, Joia Valansi, Marquês de Olinda, Praça Jardineira, Universidade Santa Úrsula"
435,Ida,67,426,Volta,1,1.49,Itapiru
435,Ida,67,100,Volta,1,1.49,"BRS 1,2,3,I: General Osório"
435,Ida,67,105,Volta,4,5.97,"BRS 1,2,3,I: Dezenove de Fevereiro, BRS 1,2,3,I: Real Grandeza, BRS 1,2,3,I: Sorocaba, Gávea Trade Center"
435,Ida,67,105,Ida,1,1.49,Biblioteca Municipal Vinicius de Moraes
435,Ida,67,432,Ida,40,59.7,"Baden Powell, Biblioteca Municipal Vinicius de Moraes, BRS 1,2,3,4,I: Marquês de Sapucaí, BRS 1,2,3,I: General Osório, BRS 1,2,3: Anibal de Mendonça, BRS 1,2,3: Carlos Góis, BRS 1,2,3: Farme de Amoedo, BRS 1,2,3: Garcia d'Ávila, BRS 1,2,3: Henrique Dumont, BRS 1,2,3: João Lira, BRS 1,2,3: Teixeira de Melo, BRS 1,2,3: Vinícius de Moraes, BRS 2,3,4: Jaceguai, BRS 2,4,5,6,7,I: Souza Franco, BRS 2,6,7: Barão de São Francisco 1, BRS 2,6,7: Luís Barbosa, BRS 2,6,7: Viana Drummond, BRS 2,6,7: Visconde de Abaeté, BRS 2: Bolívar, BRS 2: Constante Ramos, BRS 2: Figueiredo Magalhães, BRS 2: Francisco Sá, BRS 2: Miguel Lemos, BRS 2: Rainha Guilhermina, BRS 2: Raul Pompéia, BRS 2: Santa Clara, BRS 2: Visconde de Albuquerque, Capitão César de Andrade, Fluminense Football Club, Gávea Trade Center, Itapiru, Joia Valansi, Marquês de Olinda, Maxwell, Padre Leonel Franca, Pereira Nunes, Professor Azevedo Marques, Rodolfo Albino, Terminal da PUC :: Plataforma A, Universidade Santa Úrsula"
435,Ida,67,432,Volta,2,2.99,"Itapiru, Terminal da PUC :: Plataforma A"
435,Ida,67,439,Ida,7,10.45,"BRS 2,3,4: Jaceguai, BRS 2,4,5,6,7,I: Souza Franco, BRS 2,6,7: Barão de São Francisco 1, BRS 2,6,7: Luís Barbosa, BRS 2,6,7: Visconde de Abaeté, Maxwell, Pereira Nunes"
435,Ida,67,439,Volta,3,4.48,"Biblioteca Municipal Vinicius de Moraes, BRS 1,2,3: Carlos Góis, BRS 1,2,3: João Lira"
435,Ida,67,440,Ida,2,2.99,"BRS 2: Francisco Sá, BRS 2: Raul Pompéia"
435,Ida,67,110,Ida,4,5.97,"BRS 1,2,3: Carlos Góis, BRS 1,2,3: João Lira, Metrô Praça Onze, Santa Maria"
435,Ida,67,110,Volta,1,1.49,"BRS 1,2,3,4,I: Marquês de Sapucaí"
435,Ida,67,112,Volta,2,2.99,"Biblioteca Municipal Vinicius de Moraes, BRS 1,2,3,4,I: Marquês de Sapucaí"
435,Ida,67,112,Ida,1,1.49,Gávea Trade Center
435,Ida,67,444,Ida,18,26.87,"BRS 1,2,3,I: General Osório, BRS 1,2,3: Anibal de Mendonça, BRS 1,2,3: Farme de Amoedo, BRS 1,2,3: Garcia d'Ávila, BRS 1,2,3: Henrique Dumont, BRS 1,2,3: Teixeira de Melo, BRS 1,2,3: Vinícius de Moraes, BRS 2: Bolívar, BRS 2: Constante Ramos, BRS 2: Figueiredo Magalhães, BRS 2: Francisco Sá, BRS 2: Miguel Lemos, BRS 2: Raul Pompéia, BRS 2: Santa Clara, Fluminense Football Club, Joia Valansi, Marquês de Olinda, Universidade Santa Úrsula"
435,Ida,67,460,Ida,2,2.99,"BRS 1,2,3: Carlos Góis, BRS 1,2,3: João Lira"
435,Ida,67,461,Ida,1,1.49,"BRS 1,2,3: Farme de Amoedo"
435,Ida,67,463,Ida,3,4.48,"Figueiredo Magalhães, Metrô Siqueira Campos, Pinheiro Guimarães"
435,Ida,67,109,Volta,10,14.93,"BRS 1,2,3,4,I: Marquês de Sapucaí, BRS 1,2,3,I: Dezenove de Fevereiro, BRS 1,2,3,I: Real Grandeza, BRS 1,2,3,I: Sorocaba, Fluminense Football Club, Frei Caneca, Itapiru, Joia Valansi, Marquês de Olinda, Universidade Santa Úrsula"
435,Ida,67,109,Ida,2,2.99,"Biblioteca Municipal Vinicius de Moraes, Itapiru"
435,Ida,67,474,Ida,15,22.39,"BRS 1,2,3,4,I: Marquês de Sapucaí, BRS 2: Bolívar, BRS 2: Constante Ramos, BRS 2: Figueiredo Magalhães, BRS 2: Francisco Sá, BRS 2: Miguel Lemos, BRS 2: Santa Clara, Fluminense Football Club, Frei Caneca, Itapiru, Joia Valansi, Marquês de Olinda, Metrô Praça Onze, Santa Maria, Universidade Santa Úrsula"
435,Ida,67,474,Volta,1,1.49,Itapiru
435,Ida,67,SV474,Ida,6,8.96,"BRS 2: Bolívar, BRS 2: Constante Ramos, BRS 2: Figueiredo Magalhães, BRS 2: Francisco Sá, BRS 2: Miguel Lemos, BRS 2: Santa Clara"
435,Ida,67,476,Volta,2,2.99,"BRS 1,2,3: Carlos Góis, BRS 1,2,3: João Lira"
435,Ida,67,538,Ida,1,1.49,Biblioteca Municipal Vinicius de Moraes
435,Ida,67,538,Volta,4,5.97,"BRS 1,2,3,I: Dezenove de Fevereiro, BRS 1,2,3,I: Real Grandeza, BRS 1,2,3,I: Sorocaba, Gávea Trade Center"
435,Ida,67,SN538,Ida,1,1.49,Biblioteca Municipal Vinicius de Moraes
435,Ida,67,SN538,Volta,3,4.48,"BRS 1,2,3,I: Dezenove de Fevereiro, BRS 1,2,3,I: Sorocaba, Gávea Trade Center"
435,Ida,67,539,Ida,1,1.49,Padre Leonel Franca
435,Ida,67,539,Volta,18,26.87,"Biblioteca Municipal Vinicius de Moraes, BRS 1,2,3,I: General Osório, BRS 1,2,3: Anibal de Mendonça, BRS 1,2,3: Carlos Góis, BRS 1,2,3: Farme de Amoedo, BRS 1,2,3: Garcia d'Ávila, BRS 1,2,3: Henrique Dumont, BRS 1,2,3: João Lira, BRS 1,2,3: Teixeira de Melo, BRS 1,2,3: Vinícius de Moraes, BRS 2: Bolívar, BRS 2: Constante Ramos, BRS 2: Figueiredo Magalhães, BRS 2: Francisco Sá, BRS 2: Miguel Lemos, BRS 2: Raul Pompéia, BRS 2: Santa Clara, Gávea Trade Center"
435,Ida,67,583,Ida,11,16.42,"BRS 1,2,3,I: Dezenove de Fevereiro, BRS 1,2,3,I: Real Grandeza, BRS 1,2,3,I: Sorocaba, Fluminense Football Club, Gávea Trade Center, Joia Valansi, Marquês de Olinda, Padre Leonel Franca, São Clemente, Universidade Santa Úrsula, Vicente de Sousa"
435,Ida,67,584,Ida,17,25.37,"Biblioteca Municipal Vinicius de Moraes, BRS 1,2,3,I: General Osório, BRS 1,2,3: Anibal de Mendonça, BRS 1,2,3: Carlos Góis, BRS 1,2,3: Farme de Amoedo, BRS 1,2,3: Garcia d'Ávila, BRS 1,2,3: Henrique Dumont, BRS 1,2,3: João Lira, BRS 1,2,3: Teixeira de Melo, BRS 1,2,3: Vinícius de Moraes, BRS 2: Bolívar, BRS 2: Constante Ramos, BRS 2: Figueiredo Magalhães, BRS 2: Francisco Sá, BRS 2: Miguel Lemos, BRS 2: Raul Pompéia, BRS 2: Santa Clara"
435,Ida,67,608,Ida,1,1.49,Grajaú Tênis Clube
435,Ida,67,608,Volta,1,1.49,Araxá
435,Ida,67,498,Ida,5,7.46,"BRS 1,2,3,4,I: Marquês de Sapucaí, Frei Caneca, Itapiru, Metrô Praça Onze, Santa Maria"
435,Ida,67,433,Ida,9,13.43,"BRS 1,2,3,4,I: Marquês de Sapucaí, BRS 2,3,4: Jaceguai, BRS 2,4,5,6,7,I: Souza Franco, BRS 2,6,7: Barão de São Francisco 1, BRS 2,6,7: Luís Barbosa, BRS 2: Figueiredo Magalhães, Figueiredo Magalhães, Maxwell, Pereira Nunes"
435,Ida,67,SN474,Ida,6,8.96,"BRS 2: Bolívar, BRS 2: Constante Ramos, BRS 2: Figueiredo Magalhães, BRS 2: Francisco Sá, BRS 2: Miguel Lemos, BRS 2: Santa Clara"
435,Ida,67,553,Volta,9,13.43,"BRS 1,2,3,I: General Osório, BRS 1,2,3: Anibal de Mendonça, BRS 1,2,3: Carlos Góis, BRS 1,2,3: Farme de Amoedo, BRS 1,2,3: Garcia d'Ávila, BRS 1,2,3: Henrique Dumont, BRS 1,2,3: João Lira, BRS 1,2,3: Teixeira de Melo, BRS 1,2,3: Vinícius de Moraes"
435,Ida,67,104,Volta,9,13.43,"BRS 1,2,3,I: General Osório, BRS 1,2,3: Anibal de Mendonça, BRS 1,2,3: Carlos Góis, BRS 1,2,3: Farme de Amoedo, BRS 1,2,3: Garcia d'Ávila, BRS 1,2,3: Henrique Dumont, BRS 1,2,3: João Lira, BRS 1,2,3: Teixeira de Melo, BRS 1,2,3: Vinícius de Moraes"
435,Ida,67,485,Volta,1,1.49,Itapiru
435,Ida,67,485,Ida,11,16.42,"BRS 1,2,3,4,I: Marquês de Sapucaí, BRS 1,2,3,I: General Osório, Fluminense Football Club, Frei Caneca, Itapiru, Joia Valansi, Marquês de Olinda, Metrô Praça Onze, Praça Jardineira, Santa Maria, Universidade Santa Úrsula"
435,Ida,67,SN483,Ida,1,1.49,"BRS 1,2,3,I: General Osório"
435,Ida,67,SP309,Ida,1,1.49,Biblioteca Municipal Vinicius de Moraes
435,Ida,67,957,Ida,3,4.48,"BRS 1,2,3,I: Dezenove de Fevereiro, BRS 1,2,3,I: Real Grandeza, BRS 1,2,3,I: Sorocaba"
435,Ida,67,605,Ida,2,2.99,"BRS 2,4,5,6,7,I: Souza Franco, BRS 2,6,7: Luís Barbosa"
435,Ida,67,552,Volta,9,13.43,"BRS 1,2,3,I: General Osório, BRS 1,2,3: Anibal de Mendonça, BRS 1,2,3: Carlos Góis, BRS 1,2,3: Farme de Amoedo, BRS 1,2,3: Garcia d'Ávila, BRS 1,2,3: Henrique Dumont, BRS 1,2,3: João Lira, BRS 1,2,3: Teixeira de Melo, BRS 1,2,3: Vinícius de Moraes"
435,Ida,67,554,Volta,9,13.43,"BRS 1,2,3,I: General Osório, BRS 1,2,3: Anibal de Mendonça, BRS 1,2,3: Carlos Góis, BRS 1,2,3: Farme de Amoedo, BRS 1,2,3: Garcia d'Ávila, BRS 1,2,3: Henrique Dumont, BRS 1,2,3: João Lira, BRS 1,2,3: Teixeira de Melo, BRS 1,2,3: Vinícius de Moraes"
435,Ida,67,558,Ida,1,1.49,Figueiredo Magalhães
435,Ida,67,558,Volta,9,13.43,"BRS 1,2,3,I: General Osório, BRS 1,2,3: Anibal de Mendonça, BRS 1,2,3: Carlos Góis, BRS 1,2,3: Farme de Amoedo, BRS 1,2,3: Garcia d'Ávila, BRS 1,2,3: Henrique Dumont, BRS 1,2,3: João Lira, BRS 1,2,3: Teixeira de Melo, BRS 1,2,3: Vinícius de Moraes"
435,Ida,67,443,Ida,20,29.85,"BRS 1,2,3,I: General Osório, BRS 1,2,3: Anibal de Mendonça, BRS 1,2,3: Carlos Góis, BRS 1,2,3: Farme de Amoedo, BRS 1,2,3: Garcia d'Ávila, BRS 1,2,3: Henrique Dumont, BRS 1,2,3: João Lira, BRS 1,2,3: Teixeira de Melo, BRS 1,2,3: Vinícius de Moraes, BRS 2: Bolívar, BRS 2: Constante Ramos, BRS 2: Figueiredo Magalhães, BRS 2: Francisco Sá, BRS 2: Miguel Lemos, BRS 2: Raul Pompéia, BRS 2: Santa Clara, Fluminense Football Club, Joia Valansi, Marquês de Olinda, Universidade Santa Úrsula"
435,Ida,67,157,Ida,1,1.49,Terminal da PUC :: Plataforma A
435,Ida,67,157,Volta,15,22.39,"Baden Powell, Biblioteca Municipal Vinicius de Moraes, BRS 1,2,3,I: Dezenove de Fevereiro, BRS 1,2,3,I: Real Grandeza, BRS 1,2,3,I: Sorocaba, BRS 1,2,3: Carlos Góis, BRS 1,2,3: João Lira, BRS 2: Rainha Guilhermina, BRS 2: Visconde de Albuquerque, Capitão César de Andrade, Gávea Trade Center, Padre Leonel Franca, Professor Azevedo Marques, Rodolfo Albino, Terminal da PUC :: Plataforma A"
435,Ida,67,SN433,Ida,10,14.93,"BRS 1,2,3,4,I: Marquês de Sapucaí, BRS 2,3,4: Jaceguai, BRS 2,4,5,6,7,I: Souza Franco, BRS 2,6,7: Barão de São Francisco 1, BRS 2,6,7: Luís Barbosa, BRS 2,6,7: Visconde de Abaeté, BRS 2: Figueiredo Magalhães, Figueiredo Magalhães, Maxwell, Pereira Nunes"
435,Ida,67,SN368,Ida,9,13.43,"BRS 2,4,5,6,7,I: Souza Franco, Estação São Cristóvão :: Sul, Mata Machado :: Pista Central, Maxwell, Pereira Nunes, Praça da Bandeira :: Pista Central, Professor Eurico Rabelo :: Pista Central, Rei Pelé, Sergipe"
435,Ida,67,133,Volta,2,2.99,"Metrô Praça Onze, Santa Maria"
435,Ida,67,SV391,Ida,6,8.96,"Estação São Cristóvão :: Sul, Mata Machado :: Pista Central, Praça da Bandeira :: Pista Central, Professor Eurico Rabelo :: Pista Central, Rei Pelé, Sergipe"
435,Ida,67,108,Volta,25,37.31,"BRS 1,2,3,4,I: Marquês de Sapucaí, BRS 1,2,3,I: Dezenove de Fevereiro, BRS 1,2,3,I: General Osório, BRS 1,2,3,I: Real Grandeza, BRS 1,2,3,I: Sorocaba, BRS 1,2,3: Anibal de Mendonça, BRS 1,2,3: Farme de Amoedo, BRS 1,2,3: Garcia d'Ávila, BRS 1,2,3: Henrique Dumont, BRS 1,2,3: Teixeira de Melo, BRS 1,2,3: Vinícius de Moraes, Figueiredo Magalhães, Fluminense Football Club, Frei Caneca, Itapiru, Joia Valansi, Marquês de Olinda, Metrô Praça Onze, Metrô Siqueira Campos, Miranda Valverde, Pinheiro Guimarães, Santa Maria, Universidade Santa Úrsula, Visconde de Caravelas, Visconde de Silva"
435,Ida,67,108,Ida,1,1.49,Itapiru
435,Ida,67,606,Volta,2,2.99,"Araxá, Estação São Cristóvão :: Sul"
435,Ida,67,SN600,Ida,5,7.46,"BRS 2,4,5,6,7,I: Souza Franco, BRS 2,6,7: Barão de São Francisco 1, BRS 2,6,7: José Vicente, BRS 2,6,7: Luís Barbosa, BRS 2,6,7: Viana Drummond"
435,Ida,67,SN104,Volta,2,2.99,"BRS 2: Figueiredo Magalhães, BRS 2: Santa Clara"
435,Ida,67,163,Ida,4,5.97,"BRS 2: Figueiredo Magalhães, Figueiredo Magalhães, Metrô Siqueira Campos, Pinheiro Guimarães"
435,Ida,67,161,Ida,1,1.49,"BRS 1,2,3: Farme de Amoedo"
435,Ida,67,SV112,Ida,1,1.49,Gávea Trade Center
435,Ida,67,SV112,Volta,1,1.49,Biblioteca Municipal Vinicius de Moraes
435,Ida,67,013,Volta,2,2.99,"BRS 1,2,3,4,I: Marquês de Sapucaí, Frei Caneca"
435,Ida,67,SN353,Ida,9,13.43,"BRS 2,4,5,6,7,I: Souza Franco, Estação São Cristóvão :: Sul, Mata Machado :: Pista Central, Maxwell, Pereira Nunes, Praça da Bandeira :: Pista Central, Professor Eurico Rabelo :: Pista Central, Rei Pelé, Sergipe"
435,Ida,67,353,Ida,9,13.43,"BRS 2,4,5,6,7,I: Souza Franco, Estação São Cristóvão :: Sul, Mata Machado :: Pista Central, Maxwell, Pereira Nunes, Praça da Bandeira :: Pista Central, Professor Eurico Rabelo :: Pista Central, Rei Pelé, Sergipe"
435,Ida,67,222,Ida,7,10.45,"BRS 2,4,5,6,7,I: Souza Franco, Estação São Cristóvão :: Sul, Mata Machado :: Pista Central, Praça da Bandeira :: Pista Central, Professor Eurico Rabelo :: Pista Central, Rei Pelé, Sergipe"
435,Ida,67,585,Ida,2,2.99,"Gávea Trade Center, Padre Leonel Franca"
435,Ida,67,585,Volta,3,4.48,"Biblioteca Municipal Vinicius de Moraes, BRS 1,2,3: Carlos Góis, BRS 1,2,3: João Lira"
435,Ida,67,486,Volta,1,1.49,"BRS 1,2,3,I: General Osório"
435,Ida,67,548,Volta,1,1.49,Biblioteca Municipal Vinicius de Moraes
435,Ida,67,548,Ida,3,4.48,"BRS 1,2,3,I: Dezenove de Fevereiro, BRS 1,2,3,I: Real Grandeza, BRS 1,2,3,I: Sorocaba"
435,Ida,67,SN383,Ida,6,8.96,"Estação São Cristóvão :: Sul, Mata Machado :: Pista Central, Praça da Bandeira :: Pista Central, Professor Eurico Rabelo :: Pista Central, Rei Pelé, Sergipe"
435,Ida,67,LECD110,Ida,1,1.49,"BRS 1,2,3,I: General Osório"
435,Volta,64,636,Ida,1,1.56,Itabaiana
435,Volta,64,497,Ida,1,1.56,Terreirão do Samba
435,Volta,64,254,Volta,3,4.69,"Estação São Cristóvão :: Sul, Praça da Bandeira :: Pista Lateral, Radialista Waldir Amaral"
435,Volta,64,238,Ida,1,1.56,Itabaiana
435,Volta,64,SN238,Ida,1,1.56,Itabaiana
435,Volta,64,247,Volta,3,4.69,"Estação São Cristóvão :: Sul, Praça da Bandeira :: Pista Lateral, Radialista Waldir Amaral"
435,Volta,64,249,Volta,3,4.69,"Estação São Cristóvão :: Sul, Praça da Bandeira :: Pista Lateral, Radialista Waldir Amaral"
435,Volta,64,518,Ida,11,17.19,"Barata Ribeiro, BRS 1,2,3,I: Dezenove de Fevereiro, BRS 1,2,3,I: Nelson Mandela, BRS 1,2,3,I: Paulino Fernandes, BRS 1,2,3,I: Sorocaba, BRS 1,2,3,I: Visconde de Ouro Preto, General Polidoro, General Polidoro, Metrô Siqueira Campos, Tenente Marones de Gusmão, Voluntários da Pátria"
435,Volta,64,232,Ida,1,1.56,Visconde de Santa Isabel
435,Volta,64,232,Volta,3,4.69,"Estação São Cristóvão :: Sul, Praça da Bandeira :: Pista Lateral, Radialista Waldir Amaral"
435,Volta,64,SN232,Volta,4,6.25,"BRS 2,4,5,6,7,I: Hipólito da Costa, Estação São Cristóvão :: Sul, Praça da Bandeira :: Pista Lateral, Radialista Waldir Amaral"
435,Volta,64,SN232,Ida,1,1.56,Visconde de Santa Isabel
435,Volta,64,362,Ida,1,1.56,Terreirão do Samba
435,Volta,64,SR362,Ida,1,1.56,Terreirão do Samba
435,Volta,64,455,Volta,2,3.12,"BRS 1,2,3: Cidade Nova, BRS 1,2,3: Praça Onze"
435,Volta,64,456,Ida,1,1.56,Itapiru
435,Volta,64,456,Volta,8,12.5,"BRS 1,2,3: Cidade Nova, Frei Caneca, Itapiru, Itapiru, Laranjeiras, Padre Miguelinho, Radialista Waldir Amaral, Terreirão do Samba"
435,Volta,64,457,Volta,5,7.81,"BRS 1,2,3: Cidade Nova, Estação São Cristóvão :: Sul, Laranjeiras, Praça da Bandeira :: Pista Lateral, Radialista Waldir Amaral"
435,Volta,64,483,Volta,4,6.25,"BRS 1,2,3,I: Bulhões de Carvalho, BRS 1,2,3,I: Conselheiro Lafaiete, BRS 1,2,3,I: Jangadeiros, BRS 1,2,3,I: Raul Pompeia"
435,Volta,64,622,Ida,1,1.56,Itabaiana
435,Volta,64,623,Ida,1,1.56,"BRS 2,6,7: Barão de São Francisco"
435,Volta,64,623,Volta,2,3.12,"BRS 2,6,7: Unidos de Vila Isabel, BRS 4,5,I: Visconde de Abaeté"
435,Volta,64,625,Ida,1,1.56,Visconde de Santa Isabel
435,Volta,64,625,Volta,6,9.38,"BRS 2,4,5,6,7,I: Hipólito da Costa, BRS 2,6,7: Barão de São Francisco, BRS 2,6,7: Felipe Camarão, BRS 2,6,7: Unidos de Vila Isabel, BRS 2,6,7: Viana Drummond, BRS 4,5,I: Visconde de Abaeté"
435,Volta,64,627,Volta,1,1.56,Radialista Waldir Amaral
435,Volta,64,627,Ida,5,7.81,"BRS 2,4,5,6,7,I: Hipólito da Costa, BRS 2,6,7: Barão de São Francisco, BRS 2,6,7: Felipe Camarão, BRS 2,6,7: Unidos de Vila Isabel, BRS 4,5,I: Visconde de Abaeté"
435,Volta,64,629,Volta,1,1.56,Radialista Waldir Amaral
435,Volta,64,630,Ida,5,7.81,"BRS 2,4,5,6,7,I: Hipólito da Costa, BRS 2,6,7: Barão de São Francisco, BRS 2,6,7: Felipe Camarão, BRS 2,6,7: Unidos de Vila Isabel, BRS 4,5,I: Visconde de Abaeté"
435,Volta,64,630,Volta,1,1.56,Radialista Waldir Amaral
435,Volta,64,638,Ida,1,1.56,Visconde de Santa Isabel
435,Volta,64,638,Volta,6,9.38,"BRS 2,4,5,6,7,I: Hipólito da Costa, BRS 2,6,7: Barão de São Francisco, BRS 2,6,7: Felipe Camarão, BRS 2,6,7: Unidos de Vila Isabel, BRS 2,6,7: Viana Drummond, BRS 4,5,I: Visconde de Abaeté"
435,Volta,64,639,Volta,6,9.38,"BRS 2,4,5,6,7,I: Hipólito da Costa, BRS 2,6,7: Barão de São Francisco, BRS 2,6,7: Felipe Camarão, BRS 2,6,7: Unidos de Vila Isabel, BRS 2,6,7: Viana Drummond, BRS 4,5,I: Visconde de Abaeté"
435,Volta,64,639,Ida,1,1.56,Visconde de Santa Isabel
435,Volta,64,SN629,Volta,1,1.56,Radialista Waldir Amaral
435,Volta,64,SN457,Volta,5,7.81,"BRS 1,2,3: Cidade Nova, Estação São Cristóvão :: Sul, Laranjeiras, Praça da Bandeira :: Pista Lateral, Radialista Waldir Amaral"
435,Volta,64,SN639,Volta,6,9.38,"BRS 2,4,5,6,7,I: Hipólito da Costa, BRS 2,6,7: Barão de São Francisco, BRS 2,6,7: Felipe Camarão, BRS 2,6,7: Unidos de Vila Isabel, BRS 2,6,7: Viana Drummond, BRS 4,5,I: Visconde de Abaeté"
435,Volta,64,SN639,Ida,1,1.56,Visconde de Santa Isabel
435,Volta,64,SV606,Ida,1,1.56,Itabaiana
435,Volta,64,SV606,Volta,2,3.12,"Estação São Cristóvão :: Sul, Praça da Bandeira :: Pista Lateral"
435,Volta,64,306,Volta,4,6.25,"BRS 2,5,7,I: Barão do Bom Retiro, Estação São Cristóvão :: Sul, Praça da Bandeira :: Pista Lateral, Radialista Waldir Amaral"
435,Volta,64,341,Volta,4,6.25,"BRS 2,5,7,I: Barão do Bom Retiro, Estação São Cristóvão :: Sul, Praça da Bandeira :: Pista Lateral, Radialista Waldir Amaral"
435,Volta,64,363,Volta,3,4.69,"Estação São Cristóvão :: Sul, Praça da Bandeira :: Pista Lateral, Radialista Waldir Amaral"
435,Volta,64,SV363,Volta,2,3.12,"Estação São Cristóvão :: Sul, Praça da Bandeira :: Pista Lateral"
435,Volta,64,368,Volta,4,6.25,"BRS 2,5,7,I: Barão do Bom Retiro, Estação São Cristóvão :: Sul, Praça da Bandeira :: Pista Lateral, Radialista Waldir Amaral"
435,Volta,64,SN363,Volta,3,4.69,"Estação São Cristóvão :: Sul, Praça da Bandeira :: Pista Lateral, Radialista Waldir Amaral"
435,Volta,64,390,Volta,4,6.25,"BRS 2,5,7,I: Barão do Bom Retiro, Estação São Cristóvão :: Sul, Praça da Bandeira :: Pista Lateral, Radialista Waldir Amaral"
435,Volta,64,557,Ida,6,9.38,"Barata Ribeiro, Metrô Siqueira Campos, Nossa Senhora de Copacabana, Praça Serzedelo Corrêa, Siqueira Campos, Tenente Marones de Gusmão"
435,Volta,64,600,Volta,7,10.94,"BRS 2,4,5,6,7,I: Hipólito da Costa, BRS 2,5,7,I: Barão do Bom Retiro, BRS 2,6,7: Barão de São Francisco, BRS 2,6,7: Felipe Camarão, BRS 2,6,7: Unidos de Vila Isabel, BRS 2,6,7: Viana Drummond, BRS 4,5,I: Visconde de Abaeté"
435,Volta,64,2111,Volta,4,6.25,"BRS 2,5,7,I: Barão do Bom Retiro, Estação São Cristóvão :: Sul, Praça da Bandeira :: Pista Lateral, Radialista Waldir Amaral"
435,Volta,64,2110,Volta,4,6.25,"BRS 2,5,7,I: Barão do Bom Retiro, Estação São Cristóvão :: Sul, Praça da Bandeira :: Pista Lateral, Radialista Waldir Amaral"
435,Volta,64,2114,Volta,4,6.25,"BRS 2,5,7,I: Barão do Bom Retiro, Estação São Cristóvão :: Sul, Praça da Bandeira :: Pista Lateral, Radialista Waldir Amaral"
435,Volta,64,2345,Volta,2,3.12,"Estação São Cristóvão :: Sul, Praça da Bandeira :: Pista Lateral"
435,Volta,64,SN309,Ida,4,6.25,"BRS 1,2,3,I: Nelson Mandela, BRS 1,2,3,I: Paulino Fernandes, BRS 1,2,3,I: Sorocaba, BRS 1,2,3,I: Visconde de Ouro Preto"
435,Volta,64,309,Ida,5,7.81,"BRS 1,2,3,I: Dezenove de Fevereiro, BRS 1,2,3,I: Nelson Mandela, BRS 1,2,3,I: Paulino Fernandes, BRS 1,2,3,I: Sorocaba, BRS 1,2,3,I: Visconde de Ouro Preto"
435,Volta,64,601,Volta,1,1.56,"BRS 2,5,7,I: Barão do Bom Retiro"
435,Volta,64,601,Ida,1,1.56,Itabaiana
435,Volta,64,607,Ida,1,1.56,Itabaiana
435,Volta,64,SN636,Ida,1,1.56,Itabaiana
435,Volta,64,383,Volta,3,4.69,"Estação São Cristóvão :: Sul, Praça da Bandeira :: Pista Lateral, Radialista Waldir Amaral"
435,Volta,64,2334,Volta,1,1.56,Siqueira Campos
435,Volta,64,2335,Ida,7,10.94,"BRS 1,2,3,I: Jangadeiros, BRS 1,2,3: Afrânio de Melo Franco, BRS 1,2,3: Aníbal de Mendonça, BRS 1,2,3: Antero de Quental, BRS 1,2,3: Maria Quitéria, BRS 1,2,3: Rita Ludolf, BRS 1,2,3: Vinícius de Moraes"
435,Volta,64,2335,Volta,1,1.56,Siqueira Campos
435,Volta,64,2337,Volta,1,1.56,Siqueira Campos
435,Volta,64,2338,Volta,1,1.56,Siqueira Campos
435,Volta,64,2338,Ida,8,12.5,"BRS 1,2,3,I: Conselheiro Lafaiete, BRS 1,2,3,I: Jangadeiros, BRS 1,2,3: Afrânio de Melo Franco, BRS 1,2,3: Aníbal de Mendonça, BRS 1,2,3: Antero de Quental, BRS 1,2,3: Maria Quitéria, BRS 1,2,3: Rita Ludolf, BRS 1,2,3: Vinícius de Moraes"
435,Volta,64,107,Volta,1,1.56,"BRS 1,2,3,I: Visconde de Ouro Preto"
435,Volta,64,201,Ida,4,6.25,"Frei Caneca, Itapiru, Itapiru, Padre Miguelinho"
435,Volta,64,202,Ida,5,7.81,"Frei Caneca, Itapiru, Itapiru, Padre Miguelinho, Terreirão do Samba"
435,Volta,64,217,Volta,2,3.12,"BRS 1,2,3: Cidade Nova, BRS 1,2,3: Praça Onze"
435,Volta,64,220,Ida,1,1.56,Terreirão do Samba
435,Volta,64,220,Volta,2,3.12,"BRS 1,2,3: Cidade Nova, BRS 1,2,3: Praça Onze"
435,Volta,64,409,Volta,5,7.81,"BRS 1,2,3,I: Dezenove de Fevereiro, BRS 1,2,3,I: Nelson Mandela, BRS 1,2,3,I: Paulino Fernandes, BRS 1,2,3,I: Sorocaba, BRS 1,2,3,I: Visconde de Ouro Preto"
435,Volta,64,410,Volta,6,9.38,"BRS 1,2,3,I: Dezenove de Fevereiro, BRS 1,2,3,I: Nelson Mandela, BRS 1,2,3,I: Paulino Fernandes, BRS 1,2,3,I: Sorocaba, BRS 1,2,3,I: Visconde de Ouro Preto, CMS Pindaro de Carvalho Rodrigues"
435,Volta,64,410,Ida,4,6.25,"Frei Caneca, Itapiru, Itapiru, Padre Miguelinho"
435,Volta,64,415,Ida,1,1.56,Terreirão do Samba
435,Volta,64,415,Volta,21,32.81,"BRS 1,2,3,I: Bulhões de Carvalho, BRS 1,2,3,I: Conselheiro Lafaiete, BRS 1,2,3,I: Jangadeiros, BRS 1,2,3,I: Raul Pompeia, BRS 1,2,3: Afrânio de Melo Franco, BRS 1,2,3: Aníbal de Mendonça, BRS 1,2,3: Antero de Quental, BRS 1,2,3: Cidade Nova, BRS 1,2,3: Cupertino Durão, BRS 1,2,3: Farme de Amoedo, BRS 1,2,3: Garcia d'Ávila, BRS 1,2,3: Jardim de Alah, BRS 1,2,3: Joana Angélica, BRS 1,2,3: Maria Quitéria, BRS 1,2,3: Praça Onze, BRS 1,2,3: Vinícius de Moraes, BRS 2: Barão de Ipanema, BRS 2: Figueiredo Magalhães, BRS 2: Miguel Lemos, BRS 2: Raimundo Corrêa, BRS 2: Sá Ferreira"
435,Volta,64,SN415,Volta,22,34.38,"BRS 1,2,3,I: Bulhões de Carvalho, BRS 1,2,3,I: Conselheiro Lafaiete, BRS 1,2,3,I: Jangadeiros, BRS 1,2,3,I: Raul Pompeia, BRS 1,2,3,I: Visconde de Ouro Preto, BRS 1,2,3: Afrânio de Melo Franco, BRS 1,2,3: Aníbal de Mendonça, BRS 1,2,3: Antero de Quental, BRS 1,2,3: Cidade Nova, BRS 1,2,3: Cupertino Durão, BRS 1,2,3: Farme de Amoedo, BRS 1,2,3: Garcia d'Ávila, BRS 1,2,3: Jardim de Alah, BRS 1,2,3: Joana Angélica, BRS 1,2,3: Maria Quitéria, BRS 1,2,3: Praça Onze, BRS 1,2,3: Vinícius de Moraes, BRS 2: Barão de Ipanema, BRS 2: Figueiredo Magalhães, BRS 2: Miguel Lemos, BRS 2: Raimundo Corrêa, BRS 2: Sá Ferreira"
435,Volta,64,SN415,Ida,1,1.56,Terreirão do Samba
435,Volta,64,422,Volta,2,3.12,"BRS 1,2,3: Cidade Nova, BRS 1,2,3: Praça Onze"
435,Volta,64,SN422,Volta,2,3.12,"BRS 1,2,3: Cidade Nova, BRS 1,2,3: Praça Onze"
435,Volta,64,426,Ida,2,3.12,"Itapiru, Padre Miguelinho"
435,Volta,64,426,Volta,18,28.12,"BRS 1,2,3,I: Bulhões de Carvalho, BRS 1,2,3,I: Conselheiro Lafaiete, BRS 1,2,3,I: Jangadeiros, BRS 1,2,3,I: Raul Pompeia, BRS 1,2,3: Aníbal de Mendonça, BRS 1,2,3: Farme de Amoedo, BRS 1,2,3: Garcia d'Ávila, BRS 1,2,3: Joana Angélica, BRS 1,2,3: Maria Quitéria, BRS 1,2,3: Vinícius de Moraes, BRS 2: Barão de Ipanema, BRS 2: Figueiredo Magalhães, BRS 2: Miguel Lemos, BRS 2: Raimundo Corrêa, BRS 2: Sá Ferreira, Itapiru, Laranjeiras, Padre Miguelinho"
435,Volta,64,100,Ida,4,6.25,"BRS 1,2,3,I: Bulhões de Carvalho, BRS 1,2,3,I: Conselheiro Lafaiete, BRS 1,2,3,I: Jangadeiros, BRS 1,2,3,I: Raul Pompeia"
435,Volta,64,105,Ida,5,7.81,"BRS 1,2,3,I: Dezenove de Fevereiro, BRS 1,2,3,I: Nelson Mandela, BRS 1,2,3,I: Paulino Fernandes, BRS 1,2,3,I: Sorocaba, BRS 1,2,3,I: Visconde de Ouro Preto"
435,Volta,64,117,Volta,1,1.56,Terreirão do Samba
435,Volta,64,432,Ida,3,4.69,"BRS 2,6,7: Barão de São Francisco, Itapiru, Terminal da PUC :: Plataforma A"
435,Volta,64,432,Volta,35,54.69,"BRS 1,2,3,I: Bulhões de Carvalho, BRS 1,2,3,I: Conselheiro Lafaiete, BRS 1,2,3,I: Jangadeiros, BRS 1,2,3,I: Raul Pompeia, BRS 1,2,3: Afrânio de Melo Franco, BRS 1,2,3: Aníbal de Mendonça, BRS 1,2,3: Antero de Quental, BRS 1,2,3: Cupertino Durão, BRS 1,2,3: Farme de Amoedo, BRS 1,2,3: Garcia d'Ávila, BRS 1,2,3: General Artigas, BRS 1,2,3: Jardim de Alah, BRS 1,2,3: Joana Angélica, BRS 1,2,3: Maria Quitéria, BRS 1,2,3: Rita Ludolf, BRS 1,2,3: Vinícius de Moraes, BRS 2,4,5,6,7,I: Hipólito da Costa, BRS 2,6,7: Felipe Camarão, BRS 2,6,7: Unidos de Vila Isabel, BRS 2: Barão de Ipanema, BRS 2: Figueiredo Magalhães, BRS 2: Miguel Lemos, BRS 2: Raimundo Corrêa, BRS 2: Sá Ferreira, BRS 4,5,I: Visconde de Abaeté, CMS Pindaro de Carvalho Rodrigues, Frei Caneca, Itapiru, Itapiru, Laranjeiras, Leôncio Corrêa, Padre Miguelinho, Praça Sibélius, Professor Azevedo Marques, Terminal da PUC :: Plataforma A"
435,Volta,64,439,Ida,8,12.5,"BRS 1,2,3: Antero de Quental, BRS 1,2,3: Cupertino Durão, BRS 1,2,3: General Artigas, BRS 1,2,3: Rita Ludolf, BRS 2,6,7: Barão de São Francisco, Leôncio Corrêa, Praça Sibélius, Professor Azevedo Marques"
435,Volta,64,439,Volta,6,9.38,"BRS 1,2,3: Afrânio de Melo Franco, BRS 1,2,3: Cupertino Durão, BRS 2,4,5,6,7,I: Hipólito da Costa, BRS 2,6,7: Felipe Camarão, BRS 2,6,7: Unidos de Vila Isabel, BRS 4,5,I: Visconde de Abaeté"
435,Volta,64,461,Ida,5,7.81,"BRS 1,2,3: Aníbal de Mendonça, BRS 1,2,3: Garcia d'Ávila, BRS 1,2,3: Joana Angélica, BRS 1,2,3: Maria Quitéria, BRS 1,2,3: Vinícius de Moraes"
435,Volta,64,463,Volta,5,7.81,"Estação São Cristóvão :: Sul, General Polidoro, General Polidoro, Metrô Siqueira Campos, Tenente Marones de Gusmão"
435,Volta,64,463,Ida,5,7.81,"Barata Ribeiro, Metrô Siqueira Campos, Nossa Senhora de Copacabana, Praça Serzedelo Corrêa, Siqueira Campos"
435,Volta,64,472,Volta,1,1.56,"BRS 1,2,3,I: Visconde de Ouro Preto"
435,Volta,64,473,Ida,3,4.69,"BRS 2: Barão de Ipanema, BRS 2: Figueiredo Magalhães, BRS 2: Raimundo Corrêa"
435,Volta,64,109,Volta,4,6.25,"Itapiru, Leôncio Corrêa, Praça Sibélius, Professor Azevedo Marques"
435,Volta,64,109,Ida,12,18.75,"BRS 1,2,3,I: Dezenove de Fevereiro, BRS 1,2,3,I: Nelson Mandela, BRS 1,2,3,I: Paulino Fernandes, BRS 1,2,3,I: Sorocaba, BRS 1,2,3,I: Visconde de Ouro Preto, Frei Caneca, Itapiru, Itapiru, Laranjeiras, Padre Miguelinho, Praça Chaim Weizmann, Terreirão do Samba"
435,Volta,64,474,Ida,1,1.56,Itapiru
435,Volta,64,474,Volta,10,15.62,"BRS 2: Barão de Ipanema, BRS 2: Figueiredo Magalhães, BRS 2: Miguel Lemos, BRS 2: Raimundo Corrêa, BRS 2: Sá Ferreira, Frei Caneca, Itapiru, Itapiru, Laranjeiras, Padre Miguelinho"
435,Volta,64,SV474,Volta,5,7.81,"BRS 2: Barão de Ipanema, BRS 2: Figueiredo Magalhães, BRS 2: Miguel Lemos, BRS 2: Raimundo Corrêa, BRS 2: Sá Ferreira"
435,Volta,64,538,Ida,4,6.25,"BRS 1,2,3,I: Dezenove de Fevereiro, BRS 1,2,3,I: Nelson Mandela, BRS 1,2,3,I: Paulino Fernandes, BRS 1,2,3,I: Sorocaba"
435,Volta,64,SN538,Ida,3,4.69,"BRS 1,2,3,I: Nelson Mandela, BRS 1,2,3,I: Paulino Fernandes, BRS 1,2,3,I: Sorocaba"
435,Volta,64,539,Ida,25,39.06,"BRS 1,2,3,I: Bulhões de Carvalho, BRS 1,2,3,I: Conselheiro Lafaiete, BRS 1,2,3,I: Jangadeiros, BRS 1,2,3,I: Raul Pompeia, BRS 1,2,3: Afrânio de Melo Franco, BRS 1,2,3: Aníbal de Mendonça, BRS 1,2,3: Antero de Quental, BRS 1,2,3: Cupertino Durão, BRS 1,2,3: Farme de Amoedo, BRS 1,2,3: Garcia d'Ávila, BRS 1,2,3: General Artigas, BRS 1,2,3: Jardim de Alah, BRS 1,2,3: Joana Angélica, BRS 1,2,3: Maria Quitéria, BRS 1,2,3: Rita Ludolf, BRS 1,2,3: Vinícius de Moraes, BRS 2: Barão de Ipanema, BRS 2: Figueiredo Magalhães, BRS 2: Miguel Lemos, BRS 2: Raimundo Corrêa, BRS 2: Sá Ferreira, CMS Pindaro de Carvalho Rodrigues, Leôncio Corrêa, Praça Sibélius, Professor Azevedo Marques"
435,Volta,64,583,Ida,25,39.06,"BRS 1,2,3,I: Bulhões de Carvalho, BRS 1,2,3,I: Conselheiro Lafaiete, BRS 1,2,3,I: Jangadeiros, BRS 1,2,3,I: Raul Pompeia, BRS 1,2,3: Afrânio de Melo Franco, BRS 1,2,3: Aníbal de Mendonça, BRS 1,2,3: Antero de Quental, BRS 1,2,3: Cupertino Durão, BRS 1,2,3: Farme de Amoedo, BRS 1,2,3: Garcia d'Ávila, BRS 1,2,3: General Artigas, BRS 1,2,3: Jardim de Alah, BRS 1,2,3: Joana Angélica, BRS 1,2,3: Maria Quitéria, BRS 1,2,3: Rita Ludolf, BRS 1,2,3: Vinícius de Moraes, BRS 2: Barão de Ipanema, BRS 2: Figueiredo Magalhães, BRS 2: Miguel Lemos, BRS 2: Raimundo Corrêa, BRS 2: Sá Ferreira, CMS Pindaro de Carvalho Rodrigues, Leôncio Corrêa, Praça Sibélius, Professor Azevedo Marques"
435,Volta,64,584,Ida,7,10.94,"BRS 1,2,3,I: Dezenove de Fevereiro, BRS 1,2,3,I: Nelson Mandela, BRS 1,2,3,I: Paulino Fernandes, BRS 1,2,3,I: Sorocaba, BRS 1,2,3,I: Visconde de Ouro Preto, Laranjeiras, Praça Chaim Weizmann"
435,Volta,64,608,Volta,2,3.12,"Araxá, Mearim"
435,Volta,64,498,Ida,1,1.56,Itapiru
435,Volta,64,513,Volta,1,1.56,"BRS 1,2,3,I: Nelson Mandela"
435,Volta,64,433,Ida,4,6.25,"Barata Ribeiro, BRS 2,6,7: Barão de São Francisco, Metrô Siqueira Campos, Tenente Marones de Gusmão"
435,Volta,64,433,Volta,5,7.81,"BRS 1,2,3,I: Visconde de Ouro Preto, BRS 2,4,5,6,7,I: Hipólito da Costa, BRS 2,6,7: Felipe Camarão, BRS 2,6,7: Unidos de Vila Isabel, BRS 4,5,I: Visconde de Abaeté"
435,Volta,64,SN474,Volta,6,9.38,"BRS 1,2,3,I: Visconde de Ouro Preto, BRS 2: Barão de Ipanema, BRS 2: Figueiredo Magalhães, BRS 2: Miguel Lemos, BRS 2: Raimundo Corrêa, BRS 2: Sá Ferreira"
435,Volta,64,553,Ida,19,29.69,"BRS 1,2,3,I: Bulhões de Carvalho, BRS 1,2,3,I: Conselheiro Lafaiete, BRS 1,2,3,I: Jangadeiros, BRS 1,2,3,I: Raul Pompeia, BRS 1,2,3: Afrânio de Melo Franco, BRS 1,2,3: Aníbal de Mendonça, BRS 1,2,3: Antero de Quental, BRS 1,2,3: Cupertino Durão, BRS 1,2,3: Farme de Amoedo, BRS 1,2,3: Garcia d'Ávila, BRS 1,2,3: General Artigas, BRS 1,2,3: Jardim de Alah, BRS 1,2,3: Joana Angélica, BRS 1,2,3: Maria Quitéria, BRS 1,2,3: Rita Ludolf, BRS 1,2,3: Vinícius de Moraes, Leôncio Corrêa, Praça Sibélius, Professor Azevedo Marques"
435,Volta,64,553,Volta,1,1.56,Siqueira Campos
435,Volta,64,SP553,Ida,8,12.5,"BRS 1,2,3: Afrânio de Melo Franco, BRS 1,2,3: Antero de Quental, BRS 1,2,3: Cupertino Durão, BRS 1,2,3: General Artigas, BRS 1,2,3: Rita Ludolf, Leôncio Corrêa, Praça Sibélius, Professor Azevedo Marques"
435,Volta,64,SN554,Volta,1,1.56,Siqueira Campos
435,Volta,64,104,Ida,16,25,"BRS 1,2,3,I: Bulhões de Carvalho, BRS 1,2,3,I: Conselheiro Lafaiete, BRS 1,2,3,I: Jangadeiros, BRS 1,2,3,I: Raul Pompeia, BRS 1,2,3: Afrânio de Melo Franco, BRS 1,2,3: Aníbal de Mendonça, BRS 1,2,3: Antero de Quental, BRS 1,2,3: Cupertino Durão, BRS 1,2,3: Farme de Amoedo, BRS 1,2,3: Garcia d'Ávila, BRS 1,2,3: General Artigas, BRS 1,2,3: Jardim de Alah, BRS 1,2,3: Joana Angélica, BRS 1,2,3: Maria Quitéria, BRS 1,2,3: Rita Ludolf, BRS 1,2,3: Vinícius de Moraes"
435,Volta,64,485,Volta,10,15.62,"BRS 1,2,3,I: Bulhões de Carvalho, BRS 1,2,3,I: Conselheiro Lafaiete, BRS 1,2,3,I: Jangadeiros, BRS 1,2,3,I: Raul Pompeia, Frei Caneca, Itapiru, Itapiru, Laranjeiras, Padre Miguelinho, Terreirão do Samba"
435,Volta,64,485,Ida,1,1.56,Itapiru
435,Volta,64,SN483,Volta,5,7.81,"BRS 1,2,3,I: Bulhões de Carvalho, BRS 1,2,3,I: Conselheiro Lafaiete, BRS 1,2,3,I: Jangadeiros, BRS 1,2,3,I: Raul Pompeia, BRS 1,2,3,I: Visconde de Ouro Preto"
435,Volta,64,SV483,Ida,4,6.25,"BRS 1,2,3,I: Bulhões de Carvalho, BRS 1,2,3,I: Conselheiro Lafaiete, BRS 1,2,3,I: Jangadeiros, BRS 1,2,3,I: Raul Pompeia"
435,Volta,64,SP309,Ida,5,7.81,"BRS 1,2,3,I: Dezenove de Fevereiro, BRS 1,2,3,I: Nelson Mandela, BRS 1,2,3,I: Paulino Fernandes, BRS 1,2,3,I: Sorocaba, BRS 1,2,3,I: Visconde de Ouro Preto"
435,Volta,64,605,Volta,1,1.56,Radialista Waldir Amaral
435,Volta,64,552,Volta,1,1.56,Siqueira Campos
435,Volta,64,554,Volta,1,1.56,Siqueira Campos
435,Volta,64,558,Ida,25,39.06,"Barata Ribeiro, BRS 1,2,3,I: Bulhões de Carvalho, BRS 1,2,3,I: Conselheiro Lafaiete, BRS 1,2,3,I: Jangadeiros, BRS 1,2,3,I: Raul Pompeia, BRS 1,2,3: Afrânio de Melo Franco, BRS 1,2,3: Aníbal de Mendonça, BRS 1,2,3: Antero de Quental, BRS 1,2,3: Cupertino Durão, BRS 1,2,3: Farme de Amoedo, BRS 1,2,3: Garcia d'Ávila, BRS 1,2,3: General Artigas, BRS 1,2,3: Jardim de Alah, BRS 1,2,3: Joana Angélica, BRS 1,2,3: Maria Quitéria, BRS 1,2,3: Rita Ludolf, BRS 1,2,3: Vinícius de Moraes, Leôncio Corrêa, Metrô Siqueira Campos, Nossa Senhora de Copacabana, Praça Serzedelo Corrêa, Praça Sibélius, Professor Azevedo Marques, Siqueira Campos, Tenente Marones de Gusmão"
435,Volta,64,157,Ida,16,25,"BRS 1,2,3,I: Dezenove de Fevereiro, BRS 1,2,3,I: Nelson Mandela, BRS 1,2,3,I: Paulino Fernandes, BRS 1,2,3,I: Sorocaba, BRS 1,2,3,I: Visconde de Ouro Preto, BRS 1,2,3: Afrânio de Melo Franco, BRS 1,2,3: Antero de Quental, BRS 1,2,3: Cupertino Durão, BRS 1,2,3: General Artigas, BRS 1,2,3: Jardim de Alah, BRS 1,2,3: Rita Ludolf, CMS Pindaro de Carvalho Rodrigues, Leôncio Corrêa, Praça Sibélius, Professor Azevedo Marques, Terminal da PUC :: Plataforma A"
435,Volta,64,157,Volta,1,1.56,Terminal da PUC :: Plataforma A
435,Volta,64,SN433,Ida,4,6.25,"Barata Ribeiro, BRS 2,6,7: Barão de São Francisco, Metrô Siqueira Campos, Tenente Marones de Gusmão"
435,Volta,64,SN433,Volta,4,6.25,"BRS 1,2,3,I: Visconde de Ouro Preto, BRS 2,4,5,6,7,I: Hipólito da Costa, BRS 2,6,7: Felipe Camarão, BRS 2,6,7: Unidos de Vila Isabel"
435,Volta,64,SN368,Volta,6,9.38,"BRS 2,4,5,6,7,I: Hipólito da Costa, BRS 2,5,7,I: Barão do Bom Retiro, BRS 4,5,I: Visconde de Abaeté, Estação São Cristóvão :: Sul, Praça da Bandeira :: Pista Lateral, Radialista Waldir Amaral"
435,Volta,64,SN497,Ida,1,1.56,Terreirão do Samba
435,Volta,64,SV391,Volta,3,4.69,"Estação São Cristóvão :: Sul, Praça da Bandeira :: Pista Lateral, Radialista Waldir Amaral"
435,Volta,64,2024,Volta,1,1.56,Siqueira Campos
435,Volta,64,108,Volta,1,1.56,Itapiru
435,Volta,64,108,Ida,30,46.88,"Barata Ribeiro, BRS 1,2,3,I: Bulhões de Carvalho, BRS 1,2,3,I: Conselheiro Lafaiete, BRS 1,2,3,I: Dezenove de Fevereiro, BRS 1,2,3,I: Jangadeiros, BRS 1,2,3,I: Nelson Mandela, BRS 1,2,3,I: Paulino Fernandes, BRS 1,2,3,I: Raul Pompeia, BRS 1,2,3,I: Sorocaba, BRS 1,2,3,I: Visconde de Ouro Preto, BRS 1,2,3: Aníbal de Mendonça, BRS 1,2,3: Farme de Amoedo, BRS 1,2,3: Garcia d'Ávila, BRS 1,2,3: Joana Angélica, BRS 1,2,3: Maria Quitéria, BRS 1,2,3: Vinícius de Moraes, Frei Caneca, General Polidoro, General Polidoro, Itapiru, Itapiru, Laranjeiras, Metrô Siqueira Campos, Nossa Senhora de Copacabana, Padre Miguelinho, Praça Chaim Weizmann, Praça Serzedelo Corrêa, Siqueira Campos, Tenente Marones de Gusmão, Voluntários da Pátria"
435,Volta,64,606,Ida,1,1.56,Itabaiana
435,Volta,64,606,Volta,2,3.12,"Estação São Cristóvão :: Sul, Praça da Bandeira :: Pista Lateral"
435,Volta,64,SN600,Volta,6,9.38,"BRS 2,4,5,6,7,I: Hipólito da Costa, BRS 2,5,7,I: Barão do Bom Retiro, BRS 2,6,7: Barão de São Francisco, BRS 2,6,7: Felipe Camarão, BRS 2,6,7: Unidos de Vila Isabel, BRS 2,6,7: Viana Drummond"
435,Volta,64,SN104,Ida,16,25,"BRS 1,2,3,I: Bulhões de Carvalho, BRS 1,2,3,I: Conselheiro Lafaiete, BRS 1,2,3,I: Jangadeiros, BRS 1,2,3,I: Raul Pompeia, BRS 1,2,3: Afrânio de Melo Franco, BRS 1,2,3: Aníbal de Mendonça, BRS 1,2,3: Antero de Quental, BRS 1,2,3: Cupertino Durão, BRS 1,2,3: Farme de Amoedo, BRS 1,2,3: Garcia d'Ávila, BRS 1,2,3: General Artigas, BRS 1,2,3: Jardim de Alah, BRS 1,2,3: Joana Angélica, BRS 1,2,3: Maria Quitéria, BRS 1,2,3: Rita Ludolf, BRS 1,2,3: Vinícius de Moraes"
435,Volta,64,163,Ida,4,6.25,"Barata Ribeiro, Nossa Senhora de Copacabana, Praça Serzedelo Corrêa, Siqueira Campos"
435,Volta,64,163,Volta,5,7.81,"Barata Ribeiro, General Polidoro, General Polidoro, Metrô Siqueira Campos, Tenente Marones de Gusmão"
435,Volta,64,161,Ida,5,7.81,"BRS 1,2,3: Aníbal de Mendonça, BRS 1,2,3: Garcia d'Ávila, BRS 1,2,3: Joana Angélica, BRS 1,2,3: Maria Quitéria, BRS 1,2,3: Vinícius de Moraes"
435,Volta,64,SN353,Ida,1,1.56,Visconde de Santa Isabel
435,Volta,64,SN353,Volta,5,7.81,"BRS 2,4,5,6,7,I: Hipólito da Costa, BRS 4,5,I: Visconde de Abaeté, Estação São Cristóvão :: Sul, Praça da Bandeira :: Pista Lateral, Radialista Waldir Amaral"
435,Volta,64,353,Volta,4,6.25,"BRS 2,4,5,6,7,I: Hipólito da Costa, Estação São Cristóvão :: Sul, Praça da Bandeira :: Pista Lateral, Radialista Waldir Amaral"
435,Volta,64,353,Ida,1,1.56,Visconde de Santa Isabel
435,Volta,64,167,Volta,1,1.56,"BRS 1,2,3,I: Visconde de Ouro Preto"
435,Volta,64,222,Volta,8,12.5,"BRS 1,2,3: Cidade Nova, BRS 1,2,3: Praça Onze, BRS 2,4,5,6,7,I: Hipólito da Costa, BRS 2,5,7,I: Barão do Bom Retiro, BRS 4,5,I: Visconde de Abaeté, Estação São Cristóvão :: Sul, Praça da Bandeira :: Pista Lateral, Visconde de Santa Isabel"
435,Volta,64,585,Ida,10,15.62,"BRS 1,2,3: Afrânio de Melo Franco, BRS 1,2,3: Antero de Quental, BRS 1,2,3: Cupertino Durão, BRS 1,2,3: General Artigas, BRS 1,2,3: Jardim de Alah, BRS 1,2,3: Rita Ludolf, CMS Pindaro de Carvalho Rodrigues, Leôncio Corrêa, Praça Sibélius, Professor Azevedo Marques"
435,Volta,64,585,Volta,1,1.56,"BRS 1,2,3: Jardim de Alah"
435,Volta,64,486,Volta,5,7.81,"BRS 1,2,3,I: Bulhões de Carvalho, BRS 1,2,3,I: Conselheiro Lafaiete, BRS 1,2,3,I: Jangadeiros, BRS 1,2,3,I: Raul Pompeia, Laranjeiras"
435,Volta,64,548,Volta,3,4.69,"BRS 1,2,3,I: Dezenove de Fevereiro, BRS 1,2,3,I: Paulino Fernandes, BRS 1,2,3,I: Sorocaba"
435,Volta,64,SN383,Volta,3,4.69,"Estação São Cristóvão :: Sul, Praça da Bandeira :: Pista Lateral, Radialista Waldir Amaral"
435,Volta,64,LECD110,Volta,4,6.25,"BRS 1,2,3,I: Bulhões de Carvalho, BRS 1,2,3,I: Conselheiro Lafaiete, BRS 1,2,3,I: Jangadeiros, BRS 1,2,3,I: Raul Pompeia"
603,Volta,19,636,Volta,2,10.53,"BRS 1,6: Saens Peña II, Heitor Beltrão"
603,Volta,19,621,Volta,1,5.26,"BRS 1,6: Saens Peña II"
603,Volta,19,634,Volta,1,5.26,Heitor Beltrão
603,Volta,19,638,Volta,1,5.26,Heitor Beltrão
603,Volta,19,SV606,Ida,1,5.26,Heitor Beltrão
603,Volta,19,SV606,Volta,2,10.53,"BRS 1,6: Saens Peña II, Conde de Itaguaí"
603,Volta,19,SN302,Ida,9,47.37,"Alves de Brito, Clóvis Bevilaqua, Conde de Itaguaí, Dona Delfina, Metrô Uruguai, Natalina, Pinto de Figueiredo, Radmaker, São Rafael"
603,Volta,19,601,Volta,1,5.26,Conde de Itaguaí
603,Volta,19,601,Ida,1,5.26,Heitor Beltrão
603,Volta,19,607,Volta,2,10.53,"BRS 1,6: Saens Peña II, Conde de Itaguaí"
603,Volta,19,302,Ida,9,47.37,"Alves de Brito, Clóvis Bevilaqua, Conde de Itaguaí, Dona Delfina, Metrô Uruguai, Natalina, Pinto de Figueiredo, Radmaker, São Rafael"
603,Volta,19,SN636,Volta,3,15.79,"BRS 1,6: Saens Peña II, Heitor Beltrão, Pinto de Figueiredo"
603,Volta,19,217,Ida,1,5.26,Heitor Beltrão
603,Volta,19,217,Volta,2,10.53,"BRS 1,6: Saens Peña II, Conde de Itaguaí"
603,Volta,19,220,Ida,1,5.26,São Miguel
603,Volta,19,220,Volta,9,47.37,"Alves de Brito, Clóvis Bevilaqua, Conde de Itaguaí, Dona Delfina, Metrô Uruguai, Natalina, Pinto de Figueiredo, Radmaker, São Rafael"
603,Volta,19,229,Ida,2,10.53,"São Miguel, Terminal Prof. Carlos Manes Bandeira (Usina) :: Plat. A"
603,Volta,19,229,Volta,10,52.63,"Alves de Brito, Clóvis Bevilaqua, Conde de Itaguaí, Dona Delfina, Metrô Uruguai, Natalina, Pinto de Figueiredo, Radmaker, São Rafael, Terminal Prof. Carlos Manes Bandeira (Usina) :: Plat. A"
603,Volta,19,415,Ida,1,5.26,São Miguel
603,Volta,19,415,Volta,9,47.37,"Alves de Brito, Clóvis Bevilaqua, Conde de Itaguaí, Dona Delfina, Metrô Uruguai, Natalina, Pinto de Figueiredo, Radmaker, São Rafael"
603,Volta,19,SN415,Volta,9,47.37,"Alves de Brito, Clóvis Bevilaqua, Conde de Itaguaí, Dona Delfina, Metrô Uruguai, Natalina, Pinto de Figueiredo, Radmaker, São Rafael"
603,Volta,19,SN415,Ida,1,5.26,São Miguel
603,Volta,19,426,Ida,1,5.26,São Miguel
603,Volta,19,426,Volta,9,47.37,"Alves de Brito, Clóvis Bevilaqua, Conde de Itaguaí, Dona Delfina, Metrô Uruguai, Natalina, Pinto de Figueiredo, Radmaker, São Rafael"
603,Volta,19,608,Volta,3,15.79,"BRS 1,6: Saens Peña II, Conde de Itaguaí, Heitor Beltrão"
603,Volta,19,626,Volta,1,5.26,"Ponto Final: Saens Peña :: 603, 626, 645"
603,Volta,19,626,Ida,4,21.05,"BRS 1,6: Saens Peña II, Conde de Itaguaí, Heitor Beltrão, Ponto Final: Saens Peña :: 603, 626, 645"
603,Volta,19,605,Volta,1,5.26,"BRS 1,6: Saens Peña II"
603,Volta,19,645,Ida,1,5.26,"Ponto Final: Saens Peña :: 603, 626, 645"
603,Volta,19,645,Volta,11,57.89,"Alves de Brito, Clóvis Bevilaqua, Conde de Itaguaí, Dona Delfina, Heitor Beltrão, Metrô Uruguai, Natalina, Pinto de Figueiredo, Ponto Final: Saens Peña :: 603, 626, 645, Radmaker, São Rafael"
603,Volta,19,301,Ida,9,47.37,"Alves de Brito, Clóvis Bevilaqua, Conde de Itaguaí, Dona Delfina, Metrô Uruguai, Natalina, Pinto de Figueiredo, Radmaker, São Rafael"
603,Volta,19,606,Ida,1,5.26,Heitor Beltrão
603,Volta,19,606,Volta,2,10.53,"BRS 1,6: Saens Peña II, Conde de Itaguaí"
603,Volta,19,SN634,Volta,1,5.26,Heitor Beltrão
603,Volta,19,635,Volta,1,5.26,Heitor Beltrão
603,Volta,19,SP635,Volta,1,5.26,Heitor Beltrão
603,Ida,17,636,Ida,3,17.65,"Abelardo Chacrinha Barbosa, Henry Ford, Metrô Uruguai"
603,Ida,17,SV606,Ida,3,17.65,"Abelardo Chacrinha Barbosa, Henry Ford, Metrô Uruguai"
603,Ida,17,SN302,Volta,8,47.06,"Abelardo Chacrinha Barbosa, Alves de Brito, Garibaldi, Henry Ford, Metrô Uruguai, Natalina, Praça Saens Peña, Vicente de Cabo Frio"
603,Ida,17,601,Ida,3,17.65,"Abelardo Chacrinha Barbosa, Henry Ford, Metrô Uruguai"
603,Ida,17,607,Ida,3,17.65,"Abelardo Chacrinha Barbosa, Henry Ford, Metrô Uruguai"
603,Ida,17,302,Volta,8,47.06,"Abelardo Chacrinha Barbosa, Alves de Brito, Garibaldi, Henry Ford, Metrô Uruguai, Natalina, Praça Saens Peña, Vicente de Cabo Frio"
603,Ida,17,SN636,Ida,4,23.53,"Abelardo Chacrinha Barbosa, Henry Ford, Metrô Uruguai, Vicente de Cabo Frio"
603,Ida,17,217,Ida,3,17.65,"Abelardo Chacrinha Barbosa, Henry Ford, Metrô Uruguai"
603,Ida,17,220,Ida,8,47.06,"Abelardo Chacrinha Barbosa, Alves de Brito, Garibaldi, Henry Ford, Metrô Uruguai, Natalina, Praça Saens Peña, Vicente de Cabo Frio"
603,Ida,17,229,Ida,9,52.94,"Abelardo Chacrinha Barbosa, Alves de Brito, Garibaldi, Henry Ford, Metrô Uruguai, Natalina, Praça Saens Peña, Terminal Prof. Carlos Manes Bandeira (Usina) :: Plat. A, Vicente de Cabo Frio"
603,Ida,17,229,Volta,1,5.88,Terminal Prof. Carlos Manes Bandeira (Usina) :: Plat. A
603,Ida,17,409,Ida,1,5.88,Praça Saens Peña
603,Ida,17,410,Ida,1,5.88,Praça Saens Peña
603,Ida,17,415,Ida,8,47.06,"Abelardo Chacrinha Barbosa, Alves de Brito, Garibaldi, Henry Ford, Metrô Uruguai, Natalina, Praça Saens Peña, Vicente de Cabo Frio"
603,Ida,17,SN415,Ida,8,47.06,"Abelardo Chacrinha Barbosa, Alves de Brito, Garibaldi, Henry Ford, Metrô Uruguai, Natalina, Praça Saens Peña, Vicente de Cabo Frio"
603,Ida,17,426,Ida,8,47.06,"Abelardo Chacrinha Barbosa, Alves de Brito, Garibaldi, Henry Ford, Metrô Uruguai, Natalina, Praça Saens Peña, Vicente de Cabo Frio"
603,Ida,17,608,Ida,3,17.65,"Abelardo Chacrinha Barbosa, Henry Ford, Metrô Uruguai"
603,Ida,17,626,Volta,10,58.82,"Abelardo Chacrinha Barbosa, Alves de Brito, Conde de Bonfim, Garibaldi, Henry Ford, Metrô Uruguai, Natalina, Ponto Final: Saens Peña :: 603, 626, 645, Praça Saens Peña, Vicente de Cabo Frio"
603,Ida,17,626,Ida,1,5.88,"Ponto Final: Saens Peña :: 603, 626, 645"
603,Ida,17,645,Ida,9,52.94,"Abelardo Chacrinha Barbosa, Alves de Brito, Garibaldi, Henry Ford, Metrô Uruguai, Natalina, Ponto Final: Saens Peña :: 603, 626, 645, Praça Saens Peña, Vicente de Cabo Frio"
603,Ida,17,645,Volta,1,5.88,"Ponto Final: Saens Peña :: 603, 626, 645"
603,Ida,17,416,Ida,1,5.88,Praça Saens Peña
603,Ida,17,301,Volta,8,47.06,"Abelardo Chacrinha Barbosa, Alves de Brito, Garibaldi, Henry Ford, Metrô Uruguai, Natalina, Praça Saens Peña, Vicente de Cabo Frio"
603,Ida,17,606,Ida,3,17.65,"Abelardo Chacrinha Barbosa, Henry Ford, Metrô Uruguai"
608,Ida,16,636,Ida,13,81.25,"Abelardo Chacrinha Barbosa, Araripe Júnior, Borda do Mato, Botucatu, Campinas, Carvalho Alvim, Conde de Bonfim, Gastão Penalva, General Espírito Santo Cardoso, Henry Ford, Metrô Uruguai, Metrô Uruguai, Uruguai"
608,Ida,16,238,Ida,6,37.5,"Araripe Júnior, Borda do Mato, Botucatu, Campinas, Gastão Penalva, Uruguai"
608,Ida,16,SN238,Ida,6,37.5,"Araripe Júnior, Borda do Mato, Botucatu, Campinas, Gastão Penalva, Uruguai"
608,Ida,16,622,Ida,6,37.5,"Araripe Júnior, Borda do Mato, Botucatu, Campinas, Gastão Penalva, Uruguai"
608,Ida,16,SV606,Ida,13,81.25,"Abelardo Chacrinha Barbosa, Araripe Júnior, Borda do Mato, Botucatu, Campinas, Carvalho Alvim, Conde de Bonfim, Gastão Penalva, General Espírito Santo Cardoso, Henry Ford, Metrô Uruguai, Metrô Uruguai, Uruguai"
608,Ida,16,SN302,Volta,3,18.75,"Abelardo Chacrinha Barbosa, Henry Ford, Metrô Uruguai"
608,Ida,16,601,Ida,13,81.25,"Abelardo Chacrinha Barbosa, Araripe Júnior, Borda do Mato, Botucatu, Campinas, Carvalho Alvim, Conde de Bonfim, Gastão Penalva, General Espírito Santo Cardoso, Henry Ford, Metrô Uruguai, Metrô Uruguai, Uruguai"
608,Ida,16,607,Ida,13,81.25,"Abelardo Chacrinha Barbosa, Araripe Júnior, Borda do Mato, Botucatu, Campinas, Carvalho Alvim, Conde de Bonfim, Gastão Penalva, General Espírito Santo Cardoso, Henry Ford, Metrô Uruguai, Metrô Uruguai, Uruguai"
608,Ida,16,302,Volta,3,18.75,"Abelardo Chacrinha Barbosa, Henry Ford, Metrô Uruguai"
608,Ida,16,SN636,Ida,13,81.25,"Abelardo Chacrinha Barbosa, Araripe Júnior, Borda do Mato, Botucatu, Campinas, Carvalho Alvim, Conde de Bonfim, Gastão Penalva, General Espírito Santo Cardoso, Henry Ford, Metrô Uruguai, Metrô Uruguai, Uruguai"
608,Ida,16,217,Ida,8,50,"Abelardo Chacrinha Barbosa, Carvalho Alvim, Conde de Bonfim, General Espírito Santo Cardoso, Henry Ford, Metrô Uruguai, Metrô Uruguai, Uruguai"
608,Ida,16,220,Ida,3,18.75,"Abelardo Chacrinha Barbosa, Henry Ford, Metrô Uruguai"
608,Ida,16,229,Ida,3,18.75,"Abelardo Chacrinha Barbosa, Henry Ford, Metrô Uruguai"
608,Ida,16,415,Ida,3,18.75,"Abelardo Chacrinha Barbosa, Henry Ford, Metrô Uruguai"
608,Ida,16,SN415,Ida,3,18.75,"Abelardo Chacrinha Barbosa, Henry Ford, Metrô Uruguai"
608,Ida,16,422,Ida,3,18.75,"Botucatu, Campinas, Gastão Penalva"
608,Ida,16,SN422,Ida,3,18.75,"Botucatu, Campinas, Gastão Penalva"
608,Ida,16,426,Ida,3,18.75,"Abelardo Chacrinha Barbosa, Henry Ford, Metrô Uruguai"
608,Ida,16,435,Ida,1,6.25,Grajaú Tênis Clube
608,Ida,16,603,Ida,3,18.75,"Abelardo Chacrinha Barbosa, Henry Ford, Metrô Uruguai"
608,Ida,16,626,Volta,3,18.75,"Abelardo Chacrinha Barbosa, Henry Ford, Metrô Uruguai"
608,Ida,16,626,Ida,2,12.5,"Carvalho Alvim, General Espírito Santo Cardoso"
608,Ida,16,645,Ida,3,18.75,"Abelardo Chacrinha Barbosa, Henry Ford, Metrô Uruguai"
608,Ida,16,301,Volta,3,18.75,"Abelardo Chacrinha Barbosa, Henry Ford, Metrô Uruguai"
608,Ida,16,606,Ida,13,81.25,"Abelardo Chacrinha Barbosa, Araripe Júnior, Borda do Mato, Botucatu, Campinas, Carvalho Alvim, Conde de Bonfim, Gastão Penalva, General Espírito Santo Cardoso, Henry Ford, Metrô Uruguai, Metrô Uruguai, Uruguai"
608,Volta,23,636,Volta,12,52.17,"Agostinho Menezes, Amaral, Araxá, Barão de São Francisco, Botucatu, BRS 1,6: Saens Peña II, Grajaú, Heitor Beltrão, Ladislau Neto, Largo do Verdun, Supermercados Guanabara - Andaraí, Tijolinho"
608,Volta,23,238,Volta,10,43.48,"Agostinho Menezes, Amaral, Araxá, Barão de São Francisco, Botucatu, Grajaú, Ladislau Neto, Largo do Verdun, Supermercados Guanabara - Andaraí, Tijolinho"
608,Volta,23,238,Ida,1,4.35,Ladislau Neto
608,Volta,23,SN238,Ida,1,4.35,Ladislau Neto
608,Volta,23,SN238,Volta,10,43.48,"Agostinho Menezes, Amaral, Araxá, Barão de São Francisco, Botucatu, Grajaú, Ladislau Neto, Largo do Verdun, Supermercados Guanabara - Andaraí, Tijolinho"
608,Volta,23,621,Volta,11,47.83,"Agostinho Menezes, Amaral, Araxá, Barão de São Francisco, Botucatu, BRS 1,6: Saens Peña II, Grajaú, Ladislau Neto, Largo do Verdun, Supermercados Guanabara - Andaraí, Tijolinho"
608,Volta,23,622,Ida,1,4.35,Ladislau Neto
608,Volta,23,634,Volta,1,4.35,Heitor Beltrão
608,Volta,23,638,Volta,1,4.35,Heitor Beltrão
608,Volta,23,SV606,Ida,1,4.35,Heitor Beltrão
608,Volta,23,SV606,Volta,17,73.91,"Abelardo Chacrinha Barbosa, Agostinho Menezes, Amaral, Araxá, Barão de São Francisco, Botucatu, BRS 1,6: Saens Peña II, Conde de Itaguaí, Doutor Aníbal Moreira, Grajaú, José Higino, Ladislau Neto, Largo do Verdun, Maracanã, Maria Amália, Supermercados Guanabara - Andaraí, Tijolinho"
608,Volta,23,SN302,Ida,1,4.35,Conde de Itaguaí
608,Volta,23,601,Volta,16,69.57,"Abelardo Chacrinha Barbosa, Agostinho Menezes, Amaral, Araxá, Barão de São Francisco, Botucatu, Conde de Itaguaí, Doutor Aníbal Moreira, Grajaú, José Higino, Ladislau Neto, Largo do Verdun, Maracanã, Maria Amália, Supermercados Guanabara - Andaraí, Tijolinho"
608,Volta,23,601,Ida,1,4.35,Heitor Beltrão
608,Volta,23,607,Volta,17,73.91,"Abelardo Chacrinha Barbosa, Agostinho Menezes, Amaral, Araxá, Barão de São Francisco, Botucatu, BRS 1,6: Saens Peña II, Conde de Itaguaí, Doutor Aníbal Moreira, Grajaú, José Higino, Ladislau Neto, Largo do Verdun, Maracanã, Maria Amália, Supermercados Guanabara - Andaraí, Tijolinho"
608,Volta,23,302,Ida,1,4.35,Conde de Itaguaí
608,Volta,23,SN636,Volta,12,52.17,"Agostinho Menezes, Amaral, Araxá, Barão de São Francisco, Botucatu, BRS 1,6: Saens Peña II, Grajaú, Heitor Beltrão, Ladislau Neto, Largo do Verdun, Supermercados Guanabara - Andaraí, Tijolinho"
608,Volta,23,217,Ida,1,4.35,Heitor Beltrão
608,Volta,23,217,Volta,13,56.52,"Abelardo Chacrinha Barbosa, Agostinho Menezes, Amaral, Barão de São Francisco, BRS 1,6: Saens Peña II, Conde de Itaguaí, Doutor Aníbal Moreira, José Higino, Ladislau Neto, Maracanã, Maria Amália, Supermercados Guanabara - Andaraí, Tijolinho"
608,Volta,23,220,Volta,1,4.35,Conde de Itaguaí
608,Volta,23,229,Volta,1,4.35,Conde de Itaguaí
608,Volta,23,415,Volta,1,4.35,Conde de Itaguaí
608,Volta,23,SN415,Volta,1,4.35,Conde de Itaguaí
608,Volta,23,422,Volta,5,21.74,"Barão de São Francisco, Botucatu, Largo do Verdun, Supermercados Guanabara - Andaraí, Tijolinho"
608,Volta,23,SN422,Volta,5,21.74,"Barão de São Francisco, Botucatu, Largo do Verdun, Supermercados Guanabara - Andaraí, Tijolinho"
608,Volta,23,426,Volta,1,4.35,Conde de Itaguaí
608,Volta,23,435,Ida,1,4.35,Araxá
608,Volta,23,435,Volta,2,8.7,"Araxá, Mearim"
608,Volta,23,603,Volta,3,13.04,"BRS 1,6: Saens Peña II, Conde de Itaguaí, Heitor Beltrão"
608,Volta,23,626,Ida,10,43.48,"Abelardo Chacrinha Barbosa, Agostinho Menezes, Amaral, BRS 1,6: Saens Peña II, Conde de Itaguaí, Doutor Aníbal Moreira, Heitor Beltrão, José Higino, Maracanã, Maria Amália"
608,Volta,23,605,Volta,1,4.35,"BRS 1,6: Saens Peña II"
608,Volta,23,645,Volta,2,8.7,"Conde de Itaguaí, Heitor Beltrão"
608,Volta,23,301,Ida,1,4.35,Conde de Itaguaí
608,Volta,23,606,Ida,1,4.35,Heitor Beltrão
608,Volta,23,606,Volta,17,73.91,"Abelardo Chacrinha Barbosa, Agostinho Menezes, Amaral, Araxá, Barão de São Francisco, Botucatu, BRS 1,6: Saens Peña II, Conde de Itaguaí, Doutor Aníbal Moreira, Grajaú, José Higino, Ladislau Neto, Largo do Verdun, Maracanã, Maria Amália, Supermercados Guanabara - Andaraí, Tijolinho"
608,Volta,23,SN634,Volta,1,4.35,Heitor Beltrão
608,Volta,23,635,Volta,1,4.35,Heitor Beltrão
608,Volta,23,SP635,Volta,1,4.35,Heitor Beltrão
448,Ida,29,SPB550,Ida,5,17.24,"Almirante Álvaro Alberto, Fashion Mall, Herbert Moses, Metrô São Conrado / Rocinha, Praça de São Conrado"
448,Ida,29,SPB550,Volta,2,6.9,"Metrô São Conrado / Rocinha, Praça de São Conrado"
448,Ida,29,SN302,Ida,4,13.79,"Açude, CMS Nicola Albano, Gávea Pequena, Paróquia Nossa Sra. da Luz"
448,Ida,29,SN302,Volta,8,27.59,"Agrícola, EDI José da Silva Araújo, Furnas, 1805, Gávea Pequena, José Botelho Souza, Mata Machado, Paróquia Nossa Sra. da Luz, Tijuaçu"
448,Ida,29,550,Ida,5,17.24,"Almirante Álvaro Alberto, Fashion Mall, Herbert Moses, Metrô São Conrado / Rocinha, Praça de São Conrado"
448,Ida,29,550,Volta,2,6.9,"Metrô São Conrado / Rocinha, Praça de São Conrado"
448,Ida,29,555,Ida,5,17.24,"Almirante Álvaro Alberto, Fashion Mall, Herbert Moses, Metrô São Conrado / Rocinha, Praça de São Conrado"
448,Ida,29,555,Volta,2,6.9,"Metrô São Conrado / Rocinha, Praça de São Conrado"
448,Ida,29,557,Ida,6,20.69,"Almirante Álvaro Alberto, Fashion Mall, Herbert Moses, Metrô São Conrado / Rocinha, Praça de São Conrado, Praça de São Conrado"
448,Ida,29,557,Volta,1,3.45,Metrô São Conrado / Rocinha
448,Ida,29,565,Volta,1,3.45,Metrô São Conrado / Rocinha
448,Ida,29,565,Ida,5,17.24,"Almirante Álvaro Alberto, Fashion Mall, Herbert Moses, Metrô São Conrado / Rocinha, Praça de São Conrado"
448,Ida,29,SN309,Volta,2,6.9,"Metrô São Conrado / Rocinha, Praça de São Conrado"
448,Ida,29,SN309,Ida,5,17.24,"Almirante Álvaro Alberto, Fashion Mall, Herbert Moses, Metrô São Conrado / Rocinha, Praça de São Conrado"
448,Ida,29,309,Ida,5,17.24,"Almirante Álvaro Alberto, Fashion Mall, Herbert Moses, Metrô São Conrado / Rocinha, Praça de São Conrado"
448,Ida,29,309,Volta,2,6.9,"Metrô São Conrado / Rocinha, Praça de São Conrado"
448,Ida,29,302,Ida,4,13.79,"Açude, CMS Nicola Albano, Gávea Pequena, Paróquia Nossa Sra. da Luz"
448,Ida,29,302,Volta,8,27.59,"Agrícola, EDI José da Silva Araújo, Furnas, 1805, Gávea Pequena, José Botelho Souza, Mata Machado, Paróquia Nossa Sra. da Luz, Tijuaçu"
448,Ida,29,SN565,Ida,5,17.24,"Almirante Álvaro Alberto, Fashion Mall, Herbert Moses, Metrô São Conrado / Rocinha, Praça de São Conrado"
448,Ida,29,SN565,Volta,1,3.45,Metrô São Conrado / Rocinha
448,Ida,29,SN550,Ida,5,17.24,"Almirante Álvaro Alberto, Fashion Mall, Herbert Moses, Metrô São Conrado / Rocinha, Praça de São Conrado"
448,Ida,29,SN550,Volta,2,6.9,"Metrô São Conrado / Rocinha, Praça de São Conrado"
448,Ida,29,2334,Volta,2,6.9,"Metrô São Conrado / Rocinha, Praça de São Conrado"
448,Ida,29,2334,Ida,2,6.9,"Herbert Moses, Praça de São Conrado"
448,Ida,29,2335,Ida,2,6.9,"Herbert Moses, Praça de São Conrado"
448,Ida,29,2335,Volta,2,6.9,"Metrô São Conrado / Rocinha, Praça de São Conrado"
448,Ida,29,2337,Ida,2,6.9,"Herbert Moses, Praça de São Conrado"
448,Ida,29,2337,Volta,2,6.9,"Metrô São Conrado / Rocinha, Praça de São Conrado"
448,Ida,29,2338,Volta,2,6.9,"Metrô São Conrado / Rocinha, Praça de São Conrado"
448,Ida,29,2338,Ida,2,6.9,"Herbert Moses, Praça de São Conrado"
448,Ida,29,181,Ida,1,3.45,Praça de São Conrado
448,Ida,29,109,Volta,1,3.45,Metrô São Conrado / Rocinha
448,Ida,29,109,Ida,5,17.24,"Almirante Álvaro Alberto, Fashion Mall, Herbert Moses, Metrô São Conrado / Rocinha, Praça de São Conrado"
448,Ida,29,538,Volta,3,10.34,"Herbert Moses, Praça de São Conrado, Praça de São Conrado"
448,Ida,29,SN538,Volta,3,10.34,"Herbert Moses, Praça de São Conrado, Praça de São Conrado"
448,Ida,29,539,Volta,3,10.34,"Herbert Moses, Praça de São Conrado, Praça de São Conrado"
448,Ida,29,553,Ida,5,17.24,"Almirante Álvaro Alberto, Fashion Mall, Herbert Moses, Metrô São Conrado / Rocinha, Praça de São Conrado"
448,Ida,29,553,Volta,2,6.9,"Metrô São Conrado / Rocinha, Praça de São Conrado"
448,Ida,29,SP553,Ida,5,17.24,"Almirante Álvaro Alberto, Fashion Mall, Herbert Moses, Metrô São Conrado / Rocinha, Praça de São Conrado"
448,Ida,29,SN554,Ida,5,17.24,"Almirante Álvaro Alberto, Fashion Mall, Herbert Moses, Metrô São Conrado / Rocinha, Praça de São Conrado"
448,Ida,29,SN554,Volta,2,6.9,"Metrô São Conrado / Rocinha, Praça de São Conrado"
448,Ida,29,104,Ida,5,17.24,"Almirante Álvaro Alberto, Fashion Mall, Herbert Moses, Metrô São Conrado / Rocinha, Praça de São Conrado"
448,Ida,29,104,Volta,1,3.45,Metrô São Conrado / Rocinha
448,Ida,29,SP309,Ida,1,3.45,Metrô São Conrado / Rocinha
448,Ida,29,SPA550,Volta,2,6.9,"Metrô São Conrado / Rocinha, Praça de São Conrado"
448,Ida,29,SPA550,Ida,6,20.69,"Almirante Álvaro Alberto, Fashion Mall, Herbert Moses, Metrô São Conrado / Rocinha, Metrô São Conrado / Rocinha, Praça de São Conrado"
448,Ida,29,957,Ida,2,6.9,"Metrô São Conrado / Rocinha, Praça de São Conrado"
448,Ida,29,645,Ida,8,27.59,"Agrícola, EDI José da Silva Araújo, Furnas, 1805, Gávea Pequena, José Botelho Souza, Mata Machado, Paróquia Nossa Sra. da Luz, Tijuaçu"
448,Ida,29,645,Volta,4,13.79,"Açude, CMS Nicola Albano, Gávea Pequena, Paróquia Nossa Sra. da Luz"
448,Ida,29,552,Ida,5,17.24,"Almirante Álvaro Alberto, Fashion Mall, Herbert Moses, Metrô São Conrado / Rocinha, Praça de São Conrado"
448,Ida,29,552,Volta,2,6.9,"Metrô São Conrado / Rocinha, Praça de São Conrado"
448,Ida,29,554,Volta,2,6.9,"Metrô São Conrado / Rocinha, Praça de São Conrado"
448,Ida,29,554,Ida,5,17.24,"Almirante Álvaro Alberto, Fashion Mall, Herbert Moses, Metrô São Conrado / Rocinha, Praça de São Conrado"
448,Ida,29,558,Ida,5,17.24,"Almirante Álvaro Alberto, Fashion Mall, Herbert Moses, Metrô São Conrado / Rocinha, Praça de São Conrado"
448,Ida,29,558,Volta,2,6.9,"Metrô São Conrado / Rocinha, Praça de São Conrado"
448,Ida,29,301,Ida,4,13.79,"Açude, CMS Nicola Albano, Gávea Pequena, Paróquia Nossa Sra. da Luz"
448,Ida,29,301,Volta,8,27.59,"Agrícola, EDI José da Silva Araújo, Furnas, 1805, Gávea Pequena, José Botelho Souza, Mata Machado, Paróquia Nossa Sra. da Luz, Tijuaçu"
448,Ida,29,SN104,Volta,1,3.45,Metrô São Conrado / Rocinha
448,Ida,29,SN104,Ida,5,17.24,"Almirante Álvaro Alberto, Fashion Mall, Herbert Moses, Metrô São Conrado / Rocinha, Praça de São Conrado"
448,Ida,29,548,Volta,5,17.24,"Almirante Álvaro Alberto, Fashion Mall, Herbert Moses, Metrô São Conrado / Rocinha, Praça de São Conrado"
448,Ida,29,548,Ida,2,6.9,"Metrô São Conrado / Rocinha, Praça de São Conrado"
448,Volta,27,SPB550,Volta,4,14.81,"Capuri, Gavea Golf and Country Club, Golf Clube, Metrô São Conrado / Rocinha"
448,Volta,27,SN302,Ida,12,44.44,"Açude, Biguá, Capitão Campos, CMS Nicola Albano, EDI José da Silva Araújo, Furnas, Furnas, 1805, Gávea Pequena, José Botelho Souza, Mata Machado, Paróquia Nossa Sra. da Luz, Tijuaçu"
448,Volta,27,SN302,Volta,2,7.41,"Gávea Pequena, Paróquia Nossa Sra. da Luz"
448,Volta,27,550,Volta,4,14.81,"Capuri, Gavea Golf and Country Club, Golf Clube, Metrô São Conrado / Rocinha"
448,Volta,27,555,Volta,4,14.81,"Capuri, Gavea Golf and Country Club, Golf Clube, Metrô São Conrado / Rocinha"
448,Volta,27,557,Volta,4,14.81,"Capuri, Gavea Golf and Country Club, Golf Clube, Metrô São Conrado / Rocinha"
448,Volta,27,565,Volta,4,14.81,"Capuri, Gavea Golf and Country Club, Golf Clube, Metrô São Conrado / Rocinha"
448,Volta,27,SN309,Volta,4,14.81,"Capuri, Gavea Golf and Country Club, Golf Clube, Metrô São Conrado / Rocinha"
448,Volta,27,309,Volta,4,14.81,"Capuri, Gavea Golf and Country Club, Golf Clube, Metrô São Conrado / Rocinha"
448,Volta,27,302,Ida,12,44.44,"Açude, Biguá, Capitão Campos, CMS Nicola Albano, EDI José da Silva Araújo, Furnas, Furnas, 1805, Gávea Pequena, José Botelho Souza, Mata Machado, Paróquia Nossa Sra. da Luz, Tijuaçu"
448,Volta,27,302,Volta,2,7.41,"Gávea Pequena, Paróquia Nossa Sra. da Luz"
448,Volta,27,SN565,Volta,4,14.81,"Capuri, Gavea Golf and Country Club, Golf Clube, Metrô São Conrado / Rocinha"
448,Volta,27,SN550,Volta,4,14.81,"Capuri, Gavea Golf and Country Club, Golf Clube, Metrô São Conrado / Rocinha"
448,Volta,27,2334,Volta,4,14.81,"Capuri, Gavea Golf and Country Club, Golf Clube, Metrô São Conrado / Rocinha"
448,Volta,27,2335,Volta,4,14.81,"Capuri, Gavea Golf and Country Club, Golf Clube, Metrô São Conrado / Rocinha"
448,Volta,27,2337,Volta,4,14.81,"Capuri, Gavea Golf and Country Club, Golf Clube, Metrô São Conrado / Rocinha"
448,Volta,27,2338,Volta,4,14.81,"Capuri, Gavea Golf and Country Club, Golf Clube, Metrô São Conrado / Rocinha"
448,Volta,27,109,Volta,4,14.81,"Capuri, Gavea Golf and Country Club, Golf Clube, Metrô São Conrado / Rocinha"
448,Volta,27,538,Volta,3,11.11,"Capuri, Gavea Golf and Country Club, Golf Clube"
448,Volta,27,SN538,Volta,3,11.11,"Capuri, Gavea Golf and Country Club, Golf Clube"
448,Volta,27,539,Volta,3,11.11,"Capuri, Gavea Golf and Country Club, Golf Clube"
448,Volta,27,553,Volta,4,14.81,"Capuri, Gavea Golf and Country Club, Golf Clube, Metrô São Conrado / Rocinha"
448,Volta,27,SN554,Volta,4,14.81,"Capuri, Gavea Golf and Country Club, Golf Clube, Metrô São Conrado / Rocinha"
448,Volta,27,104,Volta,4,14.81,"Capuri, Gavea Golf and Country Club, Golf Clube, Metrô São Conrado / Rocinha"
448,Volta,27,SPA550,Volta,4,14.81,"Capuri, Gavea Golf and Country Club, Golf Clube, Metrô São Conrado / Rocinha"
448,Volta,27,SPA550,Ida,1,3.7,Metrô São Conrado / Rocinha
448,Volta,27,957,Ida,4,14.81,"Capuri, Gavea Golf and Country Club, Golf Clube, Metrô São Conrado / Rocinha"
448,Volta,27,645,Ida,2,7.41,"Gávea Pequena, Paróquia Nossa Sra. da Luz"
448,Volta,27,645,Volta,12,44.44,"Açude, Biguá, Capitão Campos, CMS Nicola Albano, EDI José da Silva Araújo, Furnas, Furnas, 1805, Gávea Pequena, José Botelho Souza, Mata Machado, Paróquia Nossa Sra. da Luz, Tijuaçu"
448,Volta,27,552,Volta,4,14.81,"Capuri, Gavea Golf and Country Club, Golf Clube, Metrô São Conrado / Rocinha"
448,Volta,27,554,Volta,4,14.81,"Capuri, Gavea Golf and Country Club, Golf Clube, Metrô São Conrado / Rocinha"
448,Volta,27,558,Volta,4,14.81,"Capuri, Gavea Golf and Country Club, Golf Clube, Metrô São Conrado / Rocinha"
448,Volta,27,301,Ida,12,44.44,"Açude, Biguá, Capitão Campos, CMS Nicola Albano, EDI José da Silva Araújo, Furnas, Furnas, 1805, Gávea Pequena, José Botelho Souza, Mata Machado, Paróquia Nossa Sra. da Luz, Tijuaçu"
448,Volta,27,301,Volta,2,7.41,"Gávea Pequena, Paróquia Nossa Sra. da Luz"
448,Volta,27,SN104,Volta,4,14.81,"Capuri, Gavea Golf and Country Club, Golf Clube, Metrô São Conrado / Rocinha"
448,Volta,27,548,Ida,4,14.81,"Capuri, Gavea Golf and Country Club, Golf Clube, Metrô São Conrado / Rocinha"
SP805,Volta,18,805,Ida,1,5.56,Terminal Alvorada :: Plataforma C6
SP805,Volta,18,805,Volta,18,100,"Aldo Bonadei, Alfa Barra, Clube Riviera, Comandante Júlio de Moura, Peregrino Junior, Praça do Ó, Praça Euvaldo Lodi, Praça Professor José Bernardino, Praia da Barra - Posto 4, Praia da Barra - Posto 5, Praia da Barra - Posto 6, Praia da Barra - Posto 7, Praia da Barra - Posto 8, Prefeito Dulcídio Cardoso, Prudência do Amaral, Rodolfo de Campos, São Regulo, Terminal Alvorada :: Plataforma C6"
SP805,Volta,18,SV692,Volta,2,11.11,"Alfa Barra, Prefeito Dulcídio Cardoso"
SP805,Volta,18,SV692,Ida,2,11.11,"Alfa Barra, Prefeito Dulcídio Cardoso"
SP805,Volta,18,SN302,Ida,17,94.44,"Aldo Bonadei, Alfa Barra, Clube Riviera, Comandante Júlio de Moura, Peregrino Junior, Praça do Ó, Praça Euvaldo Lodi, Praça Professor José Bernardino, Praia da Barra - Posto 4, Praia da Barra - Posto 5, Praia da Barra - Posto 6, Praia da Barra - Posto 7, Praia da Barra - Posto 8, Prefeito Dulcídio Cardoso, Prudência do Amaral, Rodolfo de Campos, São Regulo"
SP805,Volta,18,SN309,Volta,17,94.44,"Aldo Bonadei, Alfa Barra, Clube Riviera, Comandante Júlio de Moura, Peregrino Junior, Praça do Ó, Praça Euvaldo Lodi, Praça Professor José Bernardino, Praia da Barra - Posto 4, Praia da Barra - Posto 5, Praia da Barra - Posto 6, Praia da Barra - Posto 7, Praia da Barra - Posto 8, Prefeito Dulcídio Cardoso, Prudência do Amaral, Rodolfo de Campos, São Regulo"
SP805,Volta,18,309,Volta,17,94.44,"Aldo Bonadei, Alfa Barra, Clube Riviera, Comandante Júlio de Moura, Peregrino Junior, Praça do Ó, Praça Euvaldo Lodi, Praça Professor José Bernardino, Praia da Barra - Posto 4, Praia da Barra - Posto 5, Praia da Barra - Posto 6, Praia da Barra - Posto 7, Praia da Barra - Posto 8, Prefeito Dulcídio Cardoso, Prudência do Amaral, Rodolfo de Campos, São Regulo"
SP805,Volta,18,302,Ida,17,94.44,"Aldo Bonadei, Alfa Barra, Clube Riviera, Comandante Júlio de Moura, Peregrino Junior, Praça do Ó, Praça Euvaldo Lodi, Praça Professor José Bernardino, Praia da Barra - Posto 4, Praia da Barra - Posto 5, Praia da Barra - Posto 6, Praia da Barra - Posto 7, Praia da Barra - Posto 8, Prefeito Dulcídio Cardoso, Prudência do Amaral, Rodolfo de Campos, São Regulo"
SP805,Volta,18,2918,Ida,2,11.11,"Praia da Barra - Posto 7, Prudência do Amaral"
SP805,Volta,18,878,Volta,3,16.67,"Praia da Barra - Posto 4, Praia da Barra - Posto 5, Prudência do Amaral"
SP805,Volta,18,SV878,Volta,3,16.67,"Praia da Barra - Posto 4, Praia da Barra - Posto 5, Prudência do Amaral"
SP805,Volta,18,693,Volta,2,11.11,"Alfa Barra, Prefeito Dulcídio Cardoso"
SP805,Volta,18,693,Ida,2,11.11,"Alfa Barra, Prefeito Dulcídio Cardoso"
SP805,Volta,18,692,Ida,2,11.11,"Alfa Barra, Prefeito Dulcídio Cardoso"
SP805,Volta,18,692,Volta,2,11.11,"Alfa Barra, Prefeito Dulcídio Cardoso"
SP805,Volta,18,SN878,Volta,3,16.67,"Praia da Barra - Posto 4, Praia da Barra - Posto 5, Prudência do Amaral"
SP805,Volta,18,181,Ida,2,11.11,"Alfa Barra, Prefeito Dulcídio Cardoso"
SP805,Volta,18,957,Ida,17,94.44,"Aldo Bonadei, Alfa Barra, Clube Riviera, Comandante Júlio de Moura, Peregrino Junior, Praça do Ó, Praça Euvaldo Lodi, Praça Professor José Bernardino, Praia da Barra - Posto 4, Praia da Barra - Posto 5, Praia da Barra - Posto 6, Praia da Barra - Posto 7, Praia da Barra - Posto 8, Prefeito Dulcídio Cardoso, Prudência do Amaral, Rodolfo de Campos, São Regulo"
SP805,Volta,18,552,Volta,17,94.44,"Aldo Bonadei, Alfa Barra, Clube Riviera, Comandante Júlio de Moura, Peregrino Junior, Praça do Ó, Praça Euvaldo Lodi, Praça Professor José Bernardino, Praia da Barra - Posto 4, Praia da Barra - Posto 5, Praia da Barra - Posto 6, Praia da Barra - Posto 7, Praia da Barra - Posto 8, Prefeito Dulcídio Cardoso, Prudência do Amaral, Rodolfo de Campos, São Regulo"
SP805,Ida,28,805,Ida,27,96.43,"Alfabarra II, Clube Riviera, Comandante Júlio de Moura, Embaixador Egberto Mafra, Eugênio Lyra Neto, General Ivan Raposo, Gilberto Amado, Hercílio Gonçalves, Jornalista Pierre Plancher, Marcelo Roberto, Padre Alfredo Gonzales, Peregrino Junior, Praça do Ó, Praça Euvaldo Lodi, Praia da Barra - Posto 2, Praia da Barra - Posto 3, Praia da Barra - Posto 4, Praia da Barra - Posto 5, Praia da Barra - Posto 6, Praia da Barra - Posto 6, Praia da Barra - Posto 7, Praia da Barra - Posto 8, Praia da Barra - Posto 8, Prudência do Amaral, Rodolfo de Campos, São Regulo, Terminal Alvorada :: Plataforma C6"
SP805,Ida,28,805,Volta,2,7.14,"Praça Euvaldo Lodi, Terminal Alvorada :: Plataforma C6"
SP805,Ida,28,SV692,Volta,1,3.57,Alfabarra II
SP805,Ida,28,SV692,Ida,1,3.57,Alfabarra II
SP805,Ida,28,SN302,Ida,1,3.57,Praça Euvaldo Lodi
SP805,Ida,28,SN302,Volta,23,82.14,"Alfabarra II, Clube Riviera, Embaixador Egberto Mafra, Eugênio Lyra Neto, General Ivan Raposo, Hercílio Gonçalves, Jornalista Pierre Plancher, Marcelo Roberto, Padre Alfredo Gonzales, Peregrino Junior, Praça do Ó, Praia da Barra - Posto 2, Praia da Barra - Posto 3, Praia da Barra - Posto 4, Praia da Barra - Posto 5, Praia da Barra - Posto 6, Praia da Barra - Posto 6, Praia da Barra - Posto 7, Praia da Barra - Posto 8, Praia da Barra - Posto 8, Prudência do Amaral, Rodolfo de Campos, São Regulo"
SP805,Ida,28,SN309,Volta,1,3.57,Praça Euvaldo Lodi
SP805,Ida,28,SN309,Ida,26,92.86,"Alfabarra II, Clube Riviera, Comandante Júlio de Moura, Embaixador Egberto Mafra, Eugênio Lyra Neto, General Ivan Raposo, Gilberto Amado, Hercílio Gonçalves, Jornalista Pierre Plancher, Marcelo Roberto, Padre Alfredo Gonzales, Peregrino Junior, Praça do Ó, Praça Euvaldo Lodi, Praia da Barra - Posto 2, Praia da Barra - Posto 3, Praia da Barra - Posto 4, Praia da Barra - Posto 5, Praia da Barra - Posto 6, Praia da Barra - Posto 6, Praia da Barra - Posto 7, Praia da Barra - Posto 8, Praia da Barra - Posto 8, Prudência do Amaral, Rodolfo de Campos, São Regulo"
SP805,Ida,28,309,Ida,26,92.86,"Alfabarra II, Clube Riviera, Comandante Júlio de Moura, Embaixador Egberto Mafra, Eugênio Lyra Neto, General Ivan Raposo, Gilberto Amado, Hercílio Gonçalves, Jornalista Pierre Plancher, Marcelo Roberto, Padre Alfredo Gonzales, Peregrino Junior, Praça do Ó, Praça Euvaldo Lodi, Praia da Barra - Posto 2, Praia da Barra - Posto 3, Praia da Barra - Posto 4, Praia da Barra - Posto 5, Praia da Barra - Posto 6, Praia da Barra - Posto 6, Praia da Barra - Posto 7, Praia da Barra - Posto 8, Praia da Barra - Posto 8, Prudência do Amaral, Rodolfo de Campos, São Regulo"
SP805,Ida,28,309,Volta,1,3.57,Praça Euvaldo Lodi
SP805,Ida,28,302,Ida,1,3.57,Praça Euvaldo Lodi
SP805,Ida,28,302,Volta,23,82.14,"Alfabarra II, Clube Riviera, Embaixador Egberto Mafra, Eugênio Lyra Neto, General Ivan Raposo, Hercílio Gonçalves, Jornalista Pierre Plancher, Marcelo Roberto, Padre Alfredo Gonzales, Peregrino Junior, Praça do Ó, Praia da Barra - Posto 2, Praia da Barra - Posto 3, Praia da Barra - Posto 4, Praia da Barra - Posto 5, Praia da Barra - Posto 6, Praia da Barra - Posto 6, Praia da Barra - Posto 7, Praia da Barra - Posto 8, Praia da Barra - Posto 8, Prudência do Amaral, Rodolfo de Campos, São Regulo"
SP805,Ida,28,878,Volta,9,32.14,"Clube Riviera, Embaixador Egberto Mafra, General Ivan Raposo, Praça do Ó, Praia da Barra - Posto 2, Praia da Barra - Posto 3, Praia da Barra - Posto 4, Praia da Barra - Posto 5, Prudência do Amaral"
SP805,Ida,28,SV878,Volta,9,32.14,"Clube Riviera, Embaixador Egberto Mafra, General Ivan Raposo, Praça do Ó, Praia da Barra - Posto 2, Praia da Barra - Posto 3, Praia da Barra - Posto 4, Praia da Barra - Posto 5, Prudência do Amaral"
SP805,Ida,28,693,Volta,1,3.57,Alfabarra II
SP805,Ida,28,693,Ida,1,3.57,Alfabarra II
SP805,Ida,28,692,Ida,1,3.57,Alfabarra II
SP805,Ida,28,692,Volta,1,3.57,Alfabarra II
SP805,Ida,28,SN878,Volta,9,32.14,"Clube Riviera, Embaixador Egberto Mafra, General Ivan Raposo, Praça do Ó, Praia da Barra - Posto 2, Praia da Barra - Posto 3, Praia da Barra - Posto 4, Praia da Barra - Posto 5, Prudência do Amaral"
SP805,Ida,28,181,Ida,1,3.57,Alfabarra II
SP805,Ida,28,957,Ida,1,3.57,Praça Euvaldo Lodi
SP805,Ida,28,552,Ida,26,92.86,"Alfabarra II, Clube Riviera, Comandante Júlio de Moura, Embaixador Egberto Mafra, Eugênio Lyra Neto, General Ivan Raposo, Gilberto Amado, Hercílio Gonçalves, Jornalista Pierre Plancher, Marcelo Roberto, Padre Alfredo Gonzales, Peregrino Junior, Praça do Ó, Praça Euvaldo Lodi, Praia da Barra - Posto 2, Praia da Barra - Posto 3, Praia da Barra - Posto 4, Praia da Barra - Posto 5, Praia da Barra - Posto 6, Praia da Barra - Posto 6, Praia da Barra - Posto 7, Praia da Barra - Posto 8, Praia da Barra - Posto 8, Prudência do Amaral, Rodolfo de Campos, São Regulo"
SP805,Ida,28,552,Volta,1,3.57,Praça Euvaldo Lodi
645,Ida,63,636,Ida,3,4.76,"Abelardo Chacrinha Barbosa, Henry Ford, Metrô Uruguai"
645,Ida,63,805,Ida,1,1.59,Gilberto Amado
645,Ida,63,805,Volta,2,3.17,"Metrô Jardim Oceânico :: Ônibus Convencionais, Paulo Mazzucchelli"
645,Ida,63,SPB550,Ida,3,4.76,"Metrô Jardim Oceânico :: Ônibus Convencionais, Passarela da Barra, Paulo Mazzucchelli"
645,Ida,63,SPB550,Volta,7,11.11,"Condomínio Itanhanga Hills, Doutor Luiz Capriglione, Fonseca Costa, Passarela da Barra, Poeta Khalil Gibran, Praça do Aleijadinho, Praça Senador Melo Viera"
645,Ida,63,SV692,Volta,1,1.59,BarraShopping
645,Ida,63,SV606,Ida,3,4.76,"Abelardo Chacrinha Barbosa, Henry Ford, Metrô Uruguai"
645,Ida,63,315,Volta,1,1.59,BarraShopping
645,Ida,63,343,Ida,11,17.46,"Condomínio Itanhanga Hills, Doutor Luiz Capriglione, Fonseca Costa, Gilberto Amado, Metrô Jardim Oceânico :: Ônibus Convencionais, Passarela da Barra, Passarela da Barra, Paulo Mazzucchelli, Poeta Khalil Gibran, Praça do Aleijadinho, Praça Senador Melo Viera"
645,Ida,63,SN302,Ida,2,3.17,"Metrô Jardim Oceânico :: Ônibus Convencionais, Paulo Mazzucchelli"
645,Ida,63,SN302,Volta,45,71.43,"Abelardo Chacrinha Barbosa, Agostinho, Agrícola, Alves de Brito, Amado Nervo, CMS Nicola Albano, Colégio Marista São José, Condomínio Itanhanga Hills, Curva do Violão, Doutor Luiz Capriglione, EDI José da Silva Araújo, Ernani Agrícola, Escola Municipal Mário Faccini, Estrada Velha da Tijuca, Ferreira de Almeida, Fonseca Costa, Fontes Castelo, Furnas, Furnas, 1805, Furnas, 3800, Garibaldi, Gávea Pequena, Henry Ford, Hospital São Francisco, Igreja Nossa Senhora da Conceição, Jacamim, José Botelho Souza, Mata Machado, Medeiros Pássaro, Metrô Uruguai, Muçu, Natalina, Paróquia Nossa Sra. da Luz, Passarela da Barra, Poeta Khalil Gibran, Praça Afonso Viseu, Praça do Aleijadinho, Praça Saens Peña, Praça Senador Melo Viera, Raimundo Castro Maia, Santa Carolina, São Miguel, São Rafael, Tijuaçu, Vicente de Cabo Frio"
645,Ida,63,550,Ida,3,4.76,"Metrô Jardim Oceânico :: Ônibus Convencionais, Passarela da Barra, Paulo Mazzucchelli"
645,Ida,63,550,Volta,7,11.11,"Condomínio Itanhanga Hills, Doutor Luiz Capriglione, Fonseca Costa, Passarela da Barra, Poeta Khalil Gibran, Praça do Aleijadinho, Praça Senador Melo Viera"
645,Ida,63,555,Ida,3,4.76,"Metrô Jardim Oceânico :: Ônibus Convencionais, Passarela da Barra, Paulo Mazzucchelli"
645,Ida,63,555,Volta,7,11.11,"Condomínio Itanhanga Hills, Doutor Luiz Capriglione, Fonseca Costa, Passarela da Barra, Poeta Khalil Gibran, Praça do Aleijadinho, Praça Senador Melo Viera"
645,Ida,63,557,Volta,6,9.52,"Condomínio Itanhanga Hills, Doutor Luiz Capriglione, Fonseca Costa, Poeta Khalil Gibran, Praça do Aleijadinho, Praça Senador Melo Viera"
645,Ida,63,565,Ida,15,23.81,"Afrânio Costa, Barra Garden, BarraShopping, Comitê Olímpico do Brasil, Coronel Paulo Malta Rezende, Dalcidio Jurandir, Estação Parque das Rosas, Estação Paulo Malta Resende, Evandro Lins e Silva, ION Intelligent Center, Jornalista Ricardo Marinho, Metrô Jardim Oceânico :: Ônibus Convencionais, Parque das Rosas, Passarela da Barra, Paulo Mazzucchelli"
645,Ida,63,361,Ida,1,1.59,BarraShopping
645,Ida,63,SN309,Volta,2,3.17,"Metrô Jardim Oceânico :: Ônibus Convencionais, Paulo Mazzucchelli"
645,Ida,63,309,Volta,2,3.17,"Metrô Jardim Oceânico :: Ônibus Convencionais, Paulo Mazzucchelli"
645,Ida,63,601,Ida,3,4.76,"Abelardo Chacrinha Barbosa, Henry Ford, Metrô Uruguai"
645,Ida,63,607,Ida,3,4.76,"Abelardo Chacrinha Barbosa, Henry Ford, Metrô Uruguai"
645,Ida,63,302,Ida,2,3.17,"Metrô Jardim Oceânico :: Ônibus Convencionais, Paulo Mazzucchelli"
645,Ida,63,302,Volta,45,71.43,"Abelardo Chacrinha Barbosa, Agostinho, Agrícola, Alves de Brito, Amado Nervo, CMS Nicola Albano, Colégio Marista São José, Condomínio Itanhanga Hills, Curva do Violão, Doutor Luiz Capriglione, EDI José da Silva Araújo, Ernani Agrícola, Escola Municipal Mário Faccini, Estrada Velha da Tijuca, Ferreira de Almeida, Fonseca Costa, Fontes Castelo, Furnas, Furnas, 1805, Furnas, 3800, Garibaldi, Gávea Pequena, Henry Ford, Hospital São Francisco, Igreja Nossa Senhora da Conceição, Jacamim, José Botelho Souza, Mata Machado, Medeiros Pássaro, Metrô Uruguai, Muçu, Natalina, Paróquia Nossa Sra. da Luz, Passarela da Barra, Poeta Khalil Gibran, Praça Afonso Viseu, Praça do Aleijadinho, Praça Saens Peña, Praça Senador Melo Viera, Raimundo Castro Maia, Santa Carolina, São Miguel, São Rafael, Tijuaçu, Vicente de Cabo Frio"
645,Ida,63,SN565,Ida,15,23.81,"Afrânio Costa, Barra Garden, BarraShopping, Comitê Olímpico do Brasil, Coronel Paulo Malta Rezende, Dalcidio Jurandir, Estação Parque das Rosas, Estação Paulo Malta Resende, Evandro Lins e Silva, ION Intelligent Center, Jornalista Ricardo Marinho, Metrô Jardim Oceânico :: Ônibus Convencionais, Parque das Rosas, Passarela da Barra, Paulo Mazzucchelli"
645,Ida,63,844,Ida,5,7.94,"Gilberto Amado, Metrô Jardim Oceânico :: Ônibus Convencionais, Passarela da Barra, Passarela da Barra, Paulo Mazzucchelli"
645,Ida,63,SN550,Ida,3,4.76,"Metrô Jardim Oceânico :: Ônibus Convencionais, Passarela da Barra, Paulo Mazzucchelli"
645,Ida,63,SN550,Volta,7,11.11,"Condomínio Itanhanga Hills, Doutor Luiz Capriglione, Fonseca Costa, Passarela da Barra, Poeta Khalil Gibran, Praça do Aleijadinho, Praça Senador Melo Viera"
645,Ida,63,2918,Ida,1,1.59,Metrô Jardim Oceânico :: Ônibus Convencionais
645,Ida,63,878,Volta,7,11.11,"Condomínio Itanhanga Hills, Doutor Luiz Capriglione, Fonseca Costa, Passarela da Barra, Poeta Khalil Gibran, Praça do Aleijadinho, Praça Senador Melo Viera"
645,Ida,63,SV878,Volta,7,11.11,"Condomínio Itanhanga Hills, Doutor Luiz Capriglione, Fonseca Costa, Passarela da Barra, Poeta Khalil Gibran, Praça do Aleijadinho, Praça Senador Melo Viera"
645,Ida,63,SN636,Ida,4,6.35,"Abelardo Chacrinha Barbosa, Henry Ford, Metrô Uruguai, Vicente de Cabo Frio"
645,Ida,63,863,Volta,23,36.51,"Afrânio Costa, Barra Garden, BarraShopping, Comitê Olímpico do Brasil, Condomínio Itanhanga Hills, Coronel Paulo Malta Rezende, Dalcidio Jurandir, Doutor Luiz Capriglione, Estação Parque das Rosas, Estação Paulo Malta Resende, Evandro Lins e Silva, Fonseca Costa, Gilberto Amado, ION Intelligent Center, Jornalista Ricardo Marinho, Metrô Jardim Oceânico :: Ônibus Convencionais, Parque das Rosas, Passarela da Barra, Passarela da Barra, Paulo Mazzucchelli, Poeta Khalil Gibran, Praça do Aleijadinho, Praça Senador Melo Viera"
645,Ida,63,693,Volta,1,1.59,BarraShopping
645,Ida,63,692,Volta,1,1.59,BarraShopping
645,Ida,63,614,Volta,1,1.59,BarraShopping
645,Ida,63,2803,Ida,15,23.81,"Afrânio Costa, Barra Garden, BarraShopping, Comitê Olímpico do Brasil, Coronel Paulo Malta Rezende, Dalcidio Jurandir, Estação Parque das Rosas, Estação Paulo Malta Resende, Evandro Lins e Silva, Gilberto Amado, ION Intelligent Center, Jornalista Ricardo Marinho, Parque das Rosas, Passarela da Barra, Paulo Mazzucchelli"
645,Ida,63,900,Ida,11,17.46,"Afrânio Costa, Barra Garden, Comitê Olímpico do Brasil, Coronel Paulo Malta Rezende, Dalcidio Jurandir, Estação Parque das Rosas, Estação Paulo Malta Resende, Evandro Lins e Silva, ION Intelligent Center, Jornalista Ricardo Marinho, Parque das Rosas"
645,Ida,63,SN878,Volta,7,11.11,"Condomínio Itanhanga Hills, Doutor Luiz Capriglione, Fonseca Costa, Passarela da Barra, Poeta Khalil Gibran, Praça do Aleijadinho, Praça Senador Melo Viera"
645,Ida,63,2334,Ida,14,22.22,"Afrânio Costa, Barra Garden, BarraShopping, Comitê Olímpico do Brasil, Coronel Paulo Malta Rezende, Dalcidio Jurandir, Estação Parque das Rosas, Estação Paulo Malta Resende, Evandro Lins e Silva, ION Intelligent Center, Jornalista Ricardo Marinho, Parque das Rosas, Passarela da Barra, Paulo Mazzucchelli"
645,Ida,63,2335,Ida,14,22.22,"Afrânio Costa, Barra Garden, BarraShopping, Comitê Olímpico do Brasil, Coronel Paulo Malta Rezende, Dalcidio Jurandir, Estação Parque das Rosas, Estação Paulo Malta Resende, Evandro Lins e Silva, ION Intelligent Center, Jornalista Ricardo Marinho, Parque das Rosas, Passarela da Barra, Paulo Mazzucchelli"
645,Ida,63,2337,Ida,14,22.22,"Afrânio Costa, Barra Garden, BarraShopping, Comitê Olímpico do Brasil, Coronel Paulo Malta Rezende, Dalcidio Jurandir, Estação Parque das Rosas, Estação Paulo Malta Resende, Evandro Lins e Silva, ION Intelligent Center, Jornalista Ricardo Marinho, Parque das Rosas, Passarela da Barra, Paulo Mazzucchelli"
645,Ida,63,2802,Ida,15,23.81,"Afrânio Costa, Barra Garden, BarraShopping, Comitê Olímpico do Brasil, Coronel Paulo Malta Rezende, Dalcidio Jurandir, Estação Parque das Rosas, Estação Paulo Malta Resende, Evandro Lins e Silva, Gilberto Amado, ION Intelligent Center, Jornalista Ricardo Marinho, Parque das Rosas, Passarela da Barra, Paulo Mazzucchelli"
645,Ida,63,2804,Ida,15,23.81,"Afrânio Costa, Barra Garden, BarraShopping, Comitê Olímpico do Brasil, Coronel Paulo Malta Rezende, Dalcidio Jurandir, Estação Parque das Rosas, Estação Paulo Malta Resende, Evandro Lins e Silva, Gilberto Amado, ION Intelligent Center, Jornalista Ricardo Marinho, Parque das Rosas, Passarela da Barra, Paulo Mazzucchelli"
645,Ida,63,2338,Ida,14,22.22,"Afrânio Costa, Barra Garden, BarraShopping, Comitê Olímpico do Brasil, Coronel Paulo Malta Rezende, Dalcidio Jurandir, Estação Parque das Rosas, Estação Paulo Malta Resende, Evandro Lins e Silva, ION Intelligent Center, Jornalista Ricardo Marinho, Parque das Rosas, Passarela da Barra, Paulo Mazzucchelli"
645,Ida,63,181,Ida,15,23.81,"Afrânio Costa, Barra Garden, BarraShopping, Comitê Olímpico do Brasil, Coronel Paulo Malta Rezende, Dalcidio Jurandir, Estação Parque das Rosas, Estação Paulo Malta Resende, Evandro Lins e Silva, ION Intelligent Center, Jornalista Ricardo Marinho, Metrô Jardim Oceânico :: Ônibus Convencionais, Parque das Rosas, Passarela da Barra, Paulo Mazzucchelli"
645,Ida,63,217,Ida,3,4.76,"Abelardo Chacrinha Barbosa, Henry Ford, Metrô Uruguai"
645,Ida,63,220,Ida,14,22.22,"Abelardo Chacrinha Barbosa, Agostinho, Alves de Brito, Colégio Marista São José, Garibaldi, Henry Ford, Hospital São Francisco, Igreja Nossa Senhora da Conceição, Medeiros Pássaro, Metrô Uruguai, Natalina, Praça Saens Peña, Santa Carolina, Vicente de Cabo Frio"
645,Ida,63,229,Ida,14,22.22,"Abelardo Chacrinha Barbosa, Agostinho, Alves de Brito, Colégio Marista São José, Garibaldi, Henry Ford, Hospital São Francisco, Igreja Nossa Senhora da Conceição, Medeiros Pássaro, Metrô Uruguai, Natalina, Praça Saens Peña, Santa Carolina, Vicente de Cabo Frio"
645,Ida,63,409,Ida,1,1.59,Praça Saens Peña
645,Ida,63,410,Ida,1,1.59,Praça Saens Peña
645,Ida,63,415,Ida,14,22.22,"Abelardo Chacrinha Barbosa, Agostinho, Alves de Brito, Colégio Marista São José, Garibaldi, Henry Ford, Hospital São Francisco, Igreja Nossa Senhora da Conceição, Medeiros Pássaro, Metrô Uruguai, Natalina, Praça Saens Peña, Santa Carolina, Vicente de Cabo Frio"
645,Ida,63,SN415,Ida,14,22.22,"Abelardo Chacrinha Barbosa, Agostinho, Alves de Brito, Colégio Marista São José, Garibaldi, Henry Ford, Hospital São Francisco, Igreja Nossa Senhora da Conceição, Medeiros Pássaro, Metrô Uruguai, Natalina, Praça Saens Peña, Santa Carolina, Vicente de Cabo Frio"
645,Ida,63,426,Ida,14,22.22,"Abelardo Chacrinha Barbosa, Agostinho, Alves de Brito, Colégio Marista São José, Garibaldi, Henry Ford, Hospital São Francisco, Igreja Nossa Senhora da Conceição, Medeiros Pássaro, Metrô Uruguai, Natalina, Praça Saens Peña, Santa Carolina, Vicente de Cabo Frio"
645,Ida,63,603,Volta,1,1.59,"Ponto Final: Saens Peña :: 603, 626, 645"
645,Ida,63,603,Ida,9,14.29,"Abelardo Chacrinha Barbosa, Alves de Brito, Garibaldi, Henry Ford, Metrô Uruguai, Natalina, Ponto Final: Saens Peña :: 603, 626, 645, Praça Saens Peña, Vicente de Cabo Frio"
645,Ida,63,608,Ida,3,4.76,"Abelardo Chacrinha Barbosa, Henry Ford, Metrô Uruguai"
645,Ida,63,626,Volta,9,14.29,"Abelardo Chacrinha Barbosa, Alves de Brito, Garibaldi, Henry Ford, Metrô Uruguai, Natalina, Ponto Final: Saens Peña :: 603, 626, 645, Praça Saens Peña, Vicente de Cabo Frio"
645,Ida,63,626,Ida,1,1.59,"Ponto Final: Saens Peña :: 603, 626, 645"
645,Ida,63,448,Ida,8,12.7,"Agrícola, EDI José da Silva Araújo, Furnas, 1805, Gávea Pequena, José Botelho Souza, Mata Machado, Paróquia Nossa Sra. da Luz, Tijuaçu"
645,Ida,63,448,Volta,2,3.17,"Gávea Pequena, Paróquia Nossa Sra. da Luz"
645,Ida,63,553,Ida,15,23.81,"Afrânio Costa, Barra Garden, BarraShopping, Comitê Olímpico do Brasil, Coronel Paulo Malta Rezende, Dalcidio Jurandir, Estação Parque das Rosas, Estação Paulo Malta Resende, Evandro Lins e Silva, ION Intelligent Center, Jornalista Ricardo Marinho, Metrô Jardim Oceânico :: Ônibus Convencionais, Parque das Rosas, Passarela da Barra, Paulo Mazzucchelli"
645,Ida,63,SP553,Ida,15,23.81,"Afrânio Costa, Barra Garden, BarraShopping, Comitê Olímpico do Brasil, Coronel Paulo Malta Rezende, Dalcidio Jurandir, Estação Parque das Rosas, Estação Paulo Malta Resende, Evandro Lins e Silva, ION Intelligent Center, Jornalista Ricardo Marinho, Metrô Jardim Oceânico :: Ônibus Convencionais, Parque das Rosas, Passarela da Barra, Paulo Mazzucchelli"
645,Ida,63,SN554,Ida,15,23.81,"Afrânio Costa, Barra Garden, BarraShopping, Comitê Olímpico do Brasil, Coronel Paulo Malta Rezende, Dalcidio Jurandir, Estação Parque das Rosas, Estação Paulo Malta Resende, Evandro Lins e Silva, ION Intelligent Center, Jornalista Ricardo Marinho, Metrô Jardim Oceânico :: Ônibus Convencionais, Parque das Rosas, Passarela da Barra, Paulo Mazzucchelli"
645,Ida,63,SPA550,Volta,7,11.11,"Condomínio Itanhanga Hills, Doutor Luiz Capriglione, Fonseca Costa, Passarela da Barra, Poeta Khalil Gibran, Praça do Aleijadinho, Praça Senador Melo Viera"
645,Ida,63,SPA550,Ida,3,4.76,"Metrô Jardim Oceânico :: Ônibus Convencionais, Passarela da Barra, Paulo Mazzucchelli"
645,Ida,63,957,Ida,2,3.17,"Metrô Jardim Oceânico :: Ônibus Convencionais, Paulo Mazzucchelli"
645,Ida,63,990,Ida,16,25.4,"Afrânio Costa, Barra Garden, BarraShopping, Comitê Olímpico do Brasil, Coronel Paulo Malta Rezende, Dalcidio Jurandir, Estação Parque das Rosas, Estação Paulo Malta Resende, Evandro Lins e Silva, Gilberto Amado, ION Intelligent Center, Jornalista Ricardo Marinho, Metrô Jardim Oceânico :: Ônibus Convencionais, Parque das Rosas, Passarela da Barra, Paulo Mazzucchelli"
645,Ida,63,416,Ida,1,1.59,Praça Saens Peña
645,Ida,63,552,Volta,2,3.17,"Metrô Jardim Oceânico :: Ônibus Convencionais, Paulo Mazzucchelli"
645,Ida,63,554,Ida,15,23.81,"Afrânio Costa, Barra Garden, BarraShopping, Comitê Olímpico do Brasil, Coronel Paulo Malta Rezende, Dalcidio Jurandir, Estação Parque das Rosas, Estação Paulo Malta Resende, Evandro Lins e Silva, ION Intelligent Center, Jornalista Ricardo Marinho, Metrô Jardim Oceânico :: Ônibus Convencionais, Parque das Rosas, Passarela da Barra, Paulo Mazzucchelli"
645,Ida,63,558,Ida,3,4.76,"Metrô Jardim Oceânico :: Ônibus Convencionais, Passarela da Barra, Paulo Mazzucchelli"
645,Ida,63,558,Volta,7,11.11,"Condomínio Itanhanga Hills, Doutor Luiz Capriglione, Fonseca Costa, Passarela da Barra, Poeta Khalil Gibran, Praça do Aleijadinho, Praça Senador Melo Viera"
645,Ida,63,881,Volta,1,1.59,BarraShopping
645,Ida,63,301,Ida,1,1.59,Terminal Alvorada :: Plataforma D13
645,Ida,63,301,Volta,62,98.41,"Abelardo Chacrinha Barbosa, Afrânio Costa, Agostinho, Agrícola, Alves de Brito, Amado Nervo, Barra Garden, BarraShopping, CMS Nicola Albano, Colégio Marista São José, Comitê Olímpico do Brasil, Condomínio Itanhanga Hills, Coronel Paulo Malta Rezende, Curva do Violão, Dalcidio Jurandir, Doutor Luiz Capriglione, EDI José da Silva Araújo, Ernani Agrícola, Escola Municipal Mário Faccini, Estação Parque das Rosas, Estação Paulo Malta Resende, Estrada Velha da Tijuca, Evandro Lins e Silva, Ferreira de Almeida, Fonseca Costa, Fontes Castelo, Furnas, Furnas, 1805, Furnas, 3800, Garibaldi, Gávea Pequena, Gilberto Amado, Henry Ford, Hospital São Francisco, Igreja Nossa Senhora da Conceição, ION Intelligent Center, Jacamim, Jornalista Ricardo Marinho, José Botelho Souza, Mata Machado, Medeiros Pássaro, Metrô Jardim Oceânico :: Ônibus Convencionais, Metrô Uruguai, Muçu, Natalina, Paróquia Nossa Sra. da Luz, Parque das Rosas, Passarela da Barra, Passarela da Barra, Paulo Mazzucchelli, Poeta Khalil Gibran, Praça Afonso Viseu, Praça do Aleijadinho, Praça Saens Peña, Praça Senador Melo Viera, Raimundo Castro Maia, Santa Carolina, São Miguel, São Rafael, Terminal Alvorada :: Plataforma D13, Tijuaçu, Vicente de Cabo Frio"
645,Ida,63,606,Ida,3,4.76,"Abelardo Chacrinha Barbosa, Henry Ford, Metrô Uruguai"
645,Ida,63,SV863,Volta,22,34.92,"Afrânio Costa, Barra Garden, BarraShopping, Comitê Olímpico do Brasil, Condomínio Itanhanga Hills, Coronel Paulo Malta Rezende, Dalcidio Jurandir, Doutor Luiz Capriglione, Estação Parque das Rosas, Estação Paulo Malta Resende, Evandro Lins e Silva, Gilberto Amado, ION Intelligent Center, Jornalista Ricardo Marinho, Metrô Jardim Oceânico :: Ônibus Convencionais, Parque das Rosas, Passarela da Barra, Passarela da Barra, Paulo Mazzucchelli, Poeta Khalil Gibran, Praça do Aleijadinho, Praça Senador Melo Viera"
645,Ida,63,548,Volta,15,23.81,"Afrânio Costa, Barra Garden, BarraShopping, Comitê Olímpico do Brasil, Coronel Paulo Malta Rezende, Dalcidio Jurandir, Estação Parque das Rosas, Estação Paulo Malta Resende, Evandro Lins e Silva, ION Intelligent Center, Jornalista Ricardo Marinho, Metrô Jardim Oceânico :: Ônibus Convencionais, Parque das Rosas, Passarela da Barra, Paulo Mazzucchelli"
645,Volta,64,636,Volta,1,1.56,Heitor Beltrão
645,Volta,64,955,Ida,1,1.56,BarraShopping - Américas
645,Volta,64,805,Ida,1,1.56,Barra Private
645,Volta,64,SPB550,Ida,8,12.5,"Barra Private, Itanhangá Golf Club, Marina Barra Clube, Metrô Jardim Oceânico, Poeta Khalil Gibran, Praça do Aleijadinho, Praça Senador Melo Viera, Waldemar Falcão"
645,Volta,64,SV692,Volta,1,1.56,BarraShopping - Américas
645,Volta,64,SV692,Ida,1,1.56,BarraShopping - Américas
645,Volta,64,634,Volta,1,1.56,Heitor Beltrão
645,Volta,64,638,Volta,1,1.56,Heitor Beltrão
645,Volta,64,SV606,Ida,1,1.56,Heitor Beltrão
645,Volta,64,SV606,Volta,1,1.56,Conde de Itaguaí
645,Volta,64,315,Volta,1,1.56,BarraShopping - Américas
645,Volta,64,343,Volta,7,10.94,"Barra Private, Itanhangá Golf Club, Marina Barra Clube, Poeta Khalil Gibran, Praça do Aleijadinho, Praça Senador Melo Viera, Waldemar Falcão"
645,Volta,64,SN302,Ida,50,78.12,"Açude, Alves de Brito, Amado Nervo, Ary Kerner, Barra Private, Biguá, BRS 2,5,7,I: Saens Peña I, Capitão Campos, Casa do Alto, Cascata, Clóvis Bevilaqua, CMS Nicola Albano, Colégio Marista São José, Conde de Itaguaí, Curva do Violão, Dona Delfina, Doutor Catrambi, EDI José da Silva Araújo, Ernani Agrícola, Escola Municipal Mário Faccini, Estrada Velha da Tijuca, Furnas, Furnas, 1805, Furnas, 3800, Gávea Pequena, Hospital São Francisco, Igreja Nossa Senhora da Conceição, Itanhangá Golf Club, Jacamim, José Botelho Souza, Marina Barra Clube, Mata Machado, Metrô Jardim Oceânico, Metrô Uruguai, Muçu, Natalina, Palácio do Alto, Paróquia Nossa Sra. da Luz, Pinto de Figueiredo, Poeta Khalil Gibran, Praça Afonso Viseu, Praça do Aleijadinho, Praça Senador Melo Viera, Radmaker, Raimundo Castro Maia, Santa Carolina, São Miguel, São Rafael, Tijuaçu, Waldemar Falcão"
645,Volta,64,550,Ida,8,12.5,"Barra Private, Itanhangá Golf Club, Marina Barra Clube, Metrô Jardim Oceânico, Poeta Khalil Gibran, Praça do Aleijadinho, Praça Senador Melo Viera, Waldemar Falcão"
645,Volta,64,555,Ida,8,12.5,"Barra Private, Itanhangá Golf Club, Marina Barra Clube, Metrô Jardim Oceânico, Poeta Khalil Gibran, Praça do Aleijadinho, Praça Senador Melo Viera, Waldemar Falcão"
645,Volta,64,557,Ida,6,9.38,"Itanhangá Golf Club, Marina Barra Clube, Poeta Khalil Gibran, Praça do Aleijadinho, Praça Senador Melo Viera, Waldemar Falcão"
645,Volta,64,565,Volta,13,20.31,"Barra Private, BarraShopping - Américas, Centro Empresarial BarraShopping, Coronel Paulo Malta Rezende, Dalcidio Jurandir, Downtown, Evandro Lins e Silva, Freeway, Jornalista Tim Lopes, José Leal da Silva, Metrô Jardim Oceânico, Senador Generoso Ponce, VillageMall"
645,Volta,64,361,Ida,1,1.56,BarraShopping - Américas
645,Volta,64,SN309,Volta,2,3.12,"Barra Private, Metrô Jardim Oceânico"
645,Volta,64,309,Volta,2,3.12,"Barra Private, Metrô Jardim Oceânico"
645,Volta,64,601,Volta,2,3.12,"BRS 2,5,7,I: Saens Peña I, Conde de Itaguaí"
645,Volta,64,601,Ida,1,1.56,Heitor Beltrão
645,Volta,64,607,Volta,1,1.56,Conde de Itaguaí
645,Volta,64,302,Ida,50,78.12,"Açude, Alves de Brito, Amado Nervo, Ary Kerner, Barra Private, Biguá, BRS 2,5,7,I: Saens Peña I, Capitão Campos, Casa do Alto, Cascata, Clóvis Bevilaqua, CMS Nicola Albano, Colégio Marista São José, Conde de Itaguaí, Curva do Violão, Dona Delfina, Doutor Catrambi, EDI José da Silva Araújo, Ernani Agrícola, Escola Municipal Mário Faccini, Estrada Velha da Tijuca, Furnas, Furnas, 1805, Furnas, 3800, Gávea Pequena, Hospital São Francisco, Igreja Nossa Senhora da Conceição, Itanhangá Golf Club, Jacamim, José Botelho Souza, Marina Barra Clube, Mata Machado, Metrô Jardim Oceânico, Metrô Uruguai, Muçu, Natalina, Palácio do Alto, Paróquia Nossa Sra. da Luz, Pinto de Figueiredo, Poeta Khalil Gibran, Praça Afonso Viseu, Praça do Aleijadinho, Praça Senador Melo Viera, Radmaker, Raimundo Castro Maia, Santa Carolina, São Miguel, São Rafael, Tijuaçu, Waldemar Falcão"
645,Volta,64,SN565,Volta,12,18.75,"Barra Private, BarraShopping - Américas, Coronel Paulo Malta Rezende, Dalcidio Jurandir, Downtown, Evandro Lins e Silva, Freeway, Jornalista Tim Lopes, José Leal da Silva, Metrô Jardim Oceânico, Senador Generoso Ponce, VillageMall"
645,Volta,64,844,Ida,1,1.56,Barra Private
645,Volta,64,SN550,Ida,8,12.5,"Barra Private, Itanhangá Golf Club, Marina Barra Clube, Metrô Jardim Oceânico, Poeta Khalil Gibran, Praça do Aleijadinho, Praça Senador Melo Viera, Waldemar Falcão"
645,Volta,64,878,Ida,8,12.5,"Barra Private, Itanhangá Golf Club, Marina Barra Clube, Metrô Jardim Oceânico, Poeta Khalil Gibran, Praça do Aleijadinho, Praça Senador Melo Viera, Waldemar Falcão"
645,Volta,64,SV878,Ida,8,12.5,"Barra Private, Itanhangá Golf Club, Marina Barra Clube, Metrô Jardim Oceânico, Poeta Khalil Gibran, Praça do Aleijadinho, Praça Senador Melo Viera, Waldemar Falcão"
645,Volta,64,SN636,Volta,2,3.12,"Heitor Beltrão, Pinto de Figueiredo"
645,Volta,64,862,Ida,18,28.12,"Barra Private, Centro Empresarial BarraShopping, Coronel Paulo Malta Rezende, Dalcidio Jurandir, Downtown, Evandro Lins e Silva, Freeway, Itanhangá Golf Club, Jornalista Tim Lopes, José Leal da Silva, Marina Barra Clube, Metrô Jardim Oceânico, Poeta Khalil Gibran, Praça do Aleijadinho, Praça Senador Melo Viera, Senador Generoso Ponce, VillageMall, Waldemar Falcão"
645,Volta,64,693,Volta,1,1.56,BarraShopping - Américas
645,Volta,64,693,Ida,1,1.56,BarraShopping - Américas
645,Volta,64,692,Ida,1,1.56,BarraShopping - Américas
645,Volta,64,692,Volta,1,1.56,BarraShopping - Américas
645,Volta,64,614,Volta,1,1.56,BarraShopping - Américas
645,Volta,64,614,Ida,1,1.56,BarraShopping - Américas
645,Volta,64,2803,Volta,13,20.31,"Barra Private, BarraShopping - Américas, Centro Empresarial BarraShopping, Coronel Paulo Malta Rezende, Dalcidio Jurandir, Downtown, Evandro Lins e Silva, Freeway, Jornalista Tim Lopes, José Leal da Silva, Metrô Jardim Oceânico, Senador Generoso Ponce, VillageMall"
645,Volta,64,900,Volta,10,15.62,"BarraShopping - Américas, Centro Empresarial BarraShopping, Coronel Paulo Malta Rezende, Dalcidio Jurandir, Evandro Lins e Silva, Freeway, Jornalista Tim Lopes, José Leal da Silva, Senador Generoso Ponce, VillageMall"
645,Volta,64,SN878,Ida,8,12.5,"Barra Private, Itanhangá Golf Club, Marina Barra Clube, Metrô Jardim Oceânico, Poeta Khalil Gibran, Praça do Aleijadinho, Praça Senador Melo Viera, Waldemar Falcão"
645,Volta,64,2334,Volta,13,20.31,"Barra Private, BarraShopping - Américas, Centro Empresarial BarraShopping, Coronel Paulo Malta Rezende, Dalcidio Jurandir, Downtown, Evandro Lins e Silva, Freeway, Jornalista Tim Lopes, José Leal da Silva, Metrô Jardim Oceânico, Senador Generoso Ponce, VillageMall"
645,Volta,64,2335,Volta,13,20.31,"Barra Private, BarraShopping - Américas, Centro Empresarial BarraShopping, Coronel Paulo Malta Rezende, Dalcidio Jurandir, Downtown, Evandro Lins e Silva, Freeway, Jornalista Tim Lopes, José Leal da Silva, Metrô Jardim Oceânico, Senador Generoso Ponce, VillageMall"
645,Volta,64,2337,Volta,13,20.31,"Barra Private, BarraShopping - Américas, Centro Empresarial BarraShopping, Coronel Paulo Malta Rezende, Dalcidio Jurandir, Downtown, Evandro Lins e Silva, Freeway, Jornalista Tim Lopes, José Leal da Silva, Metrô Jardim Oceânico, Senador Generoso Ponce, VillageMall"
645,Volta,64,2802,Volta,11,17.19,"BarraShopping - Américas, Centro Empresarial BarraShopping, Coronel Paulo Malta Rezende, Dalcidio Jurandir, Downtown, Evandro Lins e Silva, Freeway, Jornalista Tim Lopes, José Leal da Silva, Senador Generoso Ponce, VillageMall"
645,Volta,64,2802,Ida,1,1.56,Barra Private
645,Volta,64,2804,Volta,13,20.31,"Barra Private, BarraShopping - Américas, Centro Empresarial BarraShopping, Coronel Paulo Malta Rezende, Dalcidio Jurandir, Downtown, Evandro Lins e Silva, Freeway, Jornalista Tim Lopes, José Leal da Silva, Metrô Jardim Oceânico, Senador Generoso Ponce, VillageMall"
645,Volta,64,2338,Volta,13,20.31,"Barra Private, BarraShopping - Américas, Centro Empresarial BarraShopping, Coronel Paulo Malta Rezende, Dalcidio Jurandir, Downtown, Evandro Lins e Silva, Freeway, Jornalista Tim Lopes, José Leal da Silva, Metrô Jardim Oceânico, Senador Generoso Ponce, VillageMall"
645,Volta,64,217,Ida,1,1.56,Heitor Beltrão
645,Volta,64,217,Volta,1,1.56,Conde de Itaguaí
645,Volta,64,220,Volta,16,25,"Alves de Brito, Ary Kerner, BRS 2,5,7,I: Saens Peña I, Cascata, Clóvis Bevilaqua, Colégio Marista São José, Conde de Itaguaí, Dona Delfina, Hospital São Francisco, Igreja Nossa Senhora da Conceição, Metrô Uruguai, Natalina, Pinto de Figueiredo, Radmaker, Santa Carolina, São Rafael"
645,Volta,64,229,Volta,15,23.44,"Alves de Brito, Ary Kerner, BRS 2,5,7,I: Saens Peña I, Clóvis Bevilaqua, Colégio Marista São José, Conde de Itaguaí, Dona Delfina, Hospital São Francisco, Igreja Nossa Senhora da Conceição, Metrô Uruguai, Natalina, Pinto de Figueiredo, Radmaker, Santa Carolina, São Rafael"
645,Volta,64,415,Volta,16,25,"Alves de Brito, Ary Kerner, BRS 2,5,7,I: Saens Peña I, Cascata, Clóvis Bevilaqua, Colégio Marista São José, Conde de Itaguaí, Dona Delfina, Hospital São Francisco, Igreja Nossa Senhora da Conceição, Metrô Uruguai, Natalina, Pinto de Figueiredo, Radmaker, Santa Carolina, São Rafael"
645,Volta,64,SN415,Volta,15,23.44,"Alves de Brito, Ary Kerner, BRS 2,5,7,I: Saens Peña I, Clóvis Bevilaqua, Colégio Marista São José, Conde de Itaguaí, Dona Delfina, Hospital São Francisco, Igreja Nossa Senhora da Conceição, Metrô Uruguai, Natalina, Pinto de Figueiredo, Radmaker, Santa Carolina, São Rafael"
645,Volta,64,426,Volta,16,25,"Alves de Brito, Ary Kerner, BRS 2,5,7,I: Saens Peña I, Cascata, Clóvis Bevilaqua, Colégio Marista São José, Conde de Itaguaí, Dona Delfina, Hospital São Francisco, Igreja Nossa Senhora da Conceição, Metrô Uruguai, Natalina, Pinto de Figueiredo, Radmaker, Santa Carolina, São Rafael"
645,Volta,64,603,Volta,11,17.19,"Alves de Brito, Clóvis Bevilaqua, Conde de Itaguaí, Dona Delfina, Heitor Beltrão, Metrô Uruguai, Natalina, Pinto de Figueiredo, Ponto Final: Saens Peña :: 603, 626, 645, Radmaker, São Rafael"
645,Volta,64,603,Ida,1,1.56,"Ponto Final: Saens Peña :: 603, 626, 645"
645,Volta,64,608,Volta,2,3.12,"Conde de Itaguaí, Heitor Beltrão"
645,Volta,64,626,Volta,1,1.56,"Ponto Final: Saens Peña :: 603, 626, 645"
645,Volta,64,626,Ida,3,4.69,"Conde de Itaguaí, Heitor Beltrão, Ponto Final: Saens Peña :: 603, 626, 645"
645,Volta,64,448,Ida,4,6.25,"Açude, CMS Nicola Albano, Gávea Pequena, Paróquia Nossa Sra. da Luz"
645,Volta,64,448,Volta,12,18.75,"Açude, Biguá, Capitão Campos, CMS Nicola Albano, EDI José da Silva Araújo, Furnas, Furnas, 1805, Gávea Pequena, José Botelho Souza, Mata Machado, Paróquia Nossa Sra. da Luz, Tijuaçu"
645,Volta,64,553,Volta,13,20.31,"Barra Private, BarraShopping - Américas, Centro Empresarial BarraShopping, Coronel Paulo Malta Rezende, Dalcidio Jurandir, Downtown, Evandro Lins e Silva, Freeway, Jornalista Tim Lopes, José Leal da Silva, Metrô Jardim Oceânico, Senador Generoso Ponce, VillageMall"
645,Volta,64,SN554,Volta,13,20.31,"Barra Private, BarraShopping - Américas, Centro Empresarial BarraShopping, Coronel Paulo Malta Rezende, Dalcidio Jurandir, Downtown, Evandro Lins e Silva, Freeway, Jornalista Tim Lopes, José Leal da Silva, Metrô Jardim Oceânico, Senador Generoso Ponce, VillageMall"
645,Volta,64,SPA550,Ida,8,12.5,"Barra Private, Itanhangá Golf Club, Marina Barra Clube, Metrô Jardim Oceânico, Poeta Khalil Gibran, Praça do Aleijadinho, Praça Senador Melo Viera, Waldemar Falcão"
645,Volta,64,957,Ida,2,3.12,"Barra Private, Metrô Jardim Oceânico"
645,Volta,64,990,Volta,13,20.31,"Barra Private, BarraShopping - Américas, Centro Empresarial BarraShopping, Coronel Paulo Malta Rezende, Dalcidio Jurandir, Downtown, Evandro Lins e Silva, Freeway, Jornalista Tim Lopes, José Leal da Silva, Metrô Jardim Oceânico, Senador Generoso Ponce, VillageMall"
645,Volta,64,552,Volta,2,3.12,"Barra Private, Metrô Jardim Oceânico"
645,Volta,64,554,Volta,13,20.31,"Barra Private, BarraShopping - Américas, Centro Empresarial BarraShopping, Coronel Paulo Malta Rezende, Dalcidio Jurandir, Downtown, Evandro Lins e Silva, Freeway, Jornalista Tim Lopes, José Leal da Silva, Metrô Jardim Oceânico, Senador Generoso Ponce, VillageMall"
645,Volta,64,558,Ida,8,12.5,"Barra Private, Itanhangá Golf Club, Marina Barra Clube, Metrô Jardim Oceânico, Poeta Khalil Gibran, Praça do Aleijadinho, Praça Senador Melo Viera, Waldemar Falcão"
645,Volta,64,881,Volta,1,1.56,BarraShopping - Américas
645,Volta,64,301,Ida,62,96.88,"Açude, Alves de Brito, Amado Nervo, Ary Kerner, Barra Private, BarraShopping - Américas, Biguá, BRS 2,5,7,I: Saens Peña I, Capitão Campos, Casa do Alto, Cascata, Centro Empresarial BarraShopping, Clóvis Bevilaqua, CMS Nicola Albano, Colégio Marista São José, Conde de Itaguaí, Coronel Paulo Malta Rezende, Curva do Violão, Dalcidio Jurandir, Dona Delfina, Doutor Catrambi, Downtown, EDI José da Silva Araújo, Ernani Agrícola, Escola Municipal Mário Faccini, Estrada Velha da Tijuca, Evandro Lins e Silva, Freeway, Furnas, Furnas, 1805, Furnas, 3800, Gávea Pequena, Hospital São Francisco, Igreja Nossa Senhora da Conceição, Itanhangá Golf Club, Jacamim, Jornalista Tim Lopes, José Botelho Souza, José Leal da Silva, Marina Barra Clube, Mata Machado, Metrô Jardim Oceânico, Metrô Uruguai, Muçu, Natalina, Palácio do Alto, Paróquia Nossa Sra. da Luz, Pinto de Figueiredo, Poeta Khalil Gibran, Praça Afonso Viseu, Praça do Aleijadinho, Praça Senador Melo Viera, Radmaker, Raimundo Castro Maia, Santa Carolina, São Miguel, São Rafael, Senador Generoso Ponce, Terminal Alvorada :: Plataforma D13, Tijuaçu, VillageMall, Waldemar Falcão"
645,Volta,64,301,Volta,1,1.56,Terminal Alvorada :: Plataforma D13
645,Volta,64,606,Ida,1,1.56,Heitor Beltrão
645,Volta,64,606,Volta,1,1.56,Conde de Itaguaí
645,Volta,64,SN634,Volta,1,1.56,Heitor Beltrão
645,Volta,64,635,Volta,1,1.56,Heitor Beltrão
645,Volta,64,SP635,Volta,1,1.56,Heitor Beltrão
645,Volta,64,548,Ida,13,20.31,"Barra Private, BarraShopping - Américas, Centro Empresarial BarraShopping, Coronel Paulo Malta Rezende, Dalcidio Jurandir, Downtown, Evandro Lins e Silva, Freeway, Jornalista Tim Lopes, José Leal da Silva, Metrô Jardim Oceânico, Senador Generoso Ponce, VillageMall"
301,Ida,74,955,Ida,1,1.35,BarraShopping - Américas
301,Ida,74,805,Ida,1,1.35,Barra Private
301,Ida,74,238,Volta,3,4.05,"BRS 1,2,4,5,6,I: Barão de Ubá, BRS 1,2,4,5,6,I: Domício da Gama, BRS 1,2,4,5,6,I: Matoso"
301,Ida,74,SN238,Volta,1,1.35,"BRS 1,2,4,5,6,I: Barão de Ubá"
301,Ida,74,239,Volta,3,4.05,"BRS 1,2,4,5,6,I: Barão de Ubá, BRS 1,2,4,5,6,I: Domício da Gama, BRS 1,2,4,5,6,I: Matoso"
301,Ida,74,SPB550,Ida,8,10.81,"Barra Private, Itanhangá Golf Club, Marina Barra Clube, Metrô Jardim Oceânico, Poeta Khalil Gibran, Praça do Aleijadinho, Praça Senador Melo Viera, Waldemar Falcão"
301,Ida,74,SV692,Volta,1,1.35,BarraShopping - Américas
301,Ida,74,SV692,Ida,1,1.35,BarraShopping - Américas
301,Ida,74,621,Volta,2,2.7,"BRS 1,2,5,6,7,I: Carmela Dutra, BRS 1,2,5,6,7,I: Conselheiro Zenha"
301,Ida,74,624,Ida,1,1.35,Francisco Eugênio
301,Ida,74,634,Ida,5,6.76,"BRS 1,2,4,5,6,I: Barão de Ubá, BRS 1,2,4,5,6,I: Domício da Gama, BRS 1,2,4,5,6,I: Matoso, Francisco Eugênio, Joaquim Palhares"
301,Ida,74,711,Volta,3,4.05,"BRS 1,2,4,5,6,I: Barão de Ubá, BRS 1,2,4,5,6,I: Domício da Gama, BRS 1,2,4,5,6,I: Matoso"
301,Ida,74,SV606,Volta,3,4.05,"Conde de Itaguaí, Estação Barão de Mauá :: Pista Lateral, Francisco Eugênio"
301,Ida,74,315,Volta,1,1.35,BarraShopping - Américas
301,Ida,74,343,Volta,7,9.46,"Barra Private, Itanhangá Golf Club, Marina Barra Clube, Poeta Khalil Gibran, Praça do Aleijadinho, Praça Senador Melo Viera, Waldemar Falcão"
301,Ida,74,SN302,Ida,61,82.43,"Açude, Alves de Brito, Amado Nervo, Ary Kerner, Barra Private, Biguá, BRS 1,2,4,5,6,I: Barão de Ubá, BRS 1,2,4,5,6,I: Domício da Gama, BRS 1,2,4,5,6,I: Matoso, BRS 1,2,5,6,7,I: Carmela Dutra, BRS 1,2,5,6,7,I: Conselheiro Zenha, BRS 1,2,5,6,I: Afonso Pena, BRS 1,2,5,6,I: Professor Gabizo, BRS 1,2,5,6,I: São Francisco Xavier, BRS 2,5,7,I: Saens Peña I, Capitão Campos, Casa do Alto, Cascata, Clóvis Bevilaqua, CMS Nicola Albano, Colégio Marista São José, Conde de Itaguaí, Curva do Violão, Dona Delfina, Doutor Catrambi, EDI José da Silva Araújo, Ernani Agrícola, Escola Municipal Mário Faccini, Estação Barão de Mauá :: Pista Lateral, Estrada Velha da Tijuca, Francisco Eugênio, Furnas, Furnas, 1805, Furnas, 3800, Gávea Pequena, Hospital São Francisco, Igreja Nossa Senhora da Conceição, Itanhangá Golf Club, Jacamim, Joaquim Palhares, José Botelho Souza, Marina Barra Clube, Mata Machado, Metrô Jardim Oceânico, Metrô Uruguai, Muçu, Natalina, Palácio do Alto, Paróquia Nossa Sra. da Luz, Pinto de Figueiredo, Poeta Khalil Gibran, Praça Afonso Viseu, Praça do Aleijadinho, Praça Senador Melo Viera, Radmaker, Raimundo Castro Maia, Santa Carolina, São Miguel, São Rafael, Tijuaçu, Waldemar Falcão"
301,Ida,74,550,Ida,8,10.81,"Barra Private, Itanhangá Golf Club, Marina Barra Clube, Metrô Jardim Oceânico, Poeta Khalil Gibran, Praça do Aleijadinho, Praça Senador Melo Viera, Waldemar Falcão"
301,Ida,74,555,Ida,8,10.81,"Barra Private, Itanhangá Golf Club, Marina Barra Clube, Metrô Jardim Oceânico, Poeta Khalil Gibran, Praça do Aleijadinho, Praça Senador Melo Viera, Waldemar Falcão"
301,Ida,74,557,Ida,6,8.11,"Itanhangá Golf Club, Marina Barra Clube, Poeta Khalil Gibran, Praça do Aleijadinho, Praça Senador Melo Viera, Waldemar Falcão"
301,Ida,74,565,Volta,13,17.57,"Barra Private, BarraShopping - Américas, Centro Empresarial BarraShopping, Coronel Paulo Malta Rezende, Dalcidio Jurandir, Downtown, Evandro Lins e Silva, Freeway, Jornalista Tim Lopes, José Leal da Silva, Metrô Jardim Oceânico, Senador Generoso Ponce, VillageMall"
301,Ida,74,361,Ida,1,1.35,BarraShopping - Américas
301,Ida,74,SN309,Volta,2,2.7,"Barra Private, Metrô Jardim Oceânico"
301,Ida,74,309,Volta,2,2.7,"Barra Private, Metrô Jardim Oceânico"
301,Ida,74,601,Volta,4,5.41,"BRS 1,2,5,6,7,I: Carmela Dutra, BRS 1,2,5,6,7,I: Conselheiro Zenha, BRS 2,5,7,I: Saens Peña I, Conde de Itaguaí"
301,Ida,74,607,Volta,9,12.16,"BRS 1,2,4,5,6,I: Barão de Ubá, BRS 1,2,4,5,6,I: Domício da Gama, BRS 1,2,4,5,6,I: Matoso, BRS 1,2,5,6,7,I: Carmela Dutra, BRS 1,2,5,6,7,I: Conselheiro Zenha, BRS 1,2,5,6,I: Afonso Pena, BRS 1,2,5,6,I: Professor Gabizo, BRS 1,2,5,6,I: São Francisco Xavier, Conde de Itaguaí"
301,Ida,74,302,Ida,61,82.43,"Açude, Alves de Brito, Amado Nervo, Ary Kerner, Barra Private, Biguá, BRS 1,2,4,5,6,I: Barão de Ubá, BRS 1,2,4,5,6,I: Domício da Gama, BRS 1,2,4,5,6,I: Matoso, BRS 1,2,5,6,7,I: Carmela Dutra, BRS 1,2,5,6,7,I: Conselheiro Zenha, BRS 1,2,5,6,I: Afonso Pena, BRS 1,2,5,6,I: Professor Gabizo, BRS 1,2,5,6,I: São Francisco Xavier, BRS 2,5,7,I: Saens Peña I, Capitão Campos, Casa do Alto, Cascata, Clóvis Bevilaqua, CMS Nicola Albano, Colégio Marista São José, Conde de Itaguaí, Curva do Violão, Dona Delfina, Doutor Catrambi, EDI José da Silva Araújo, Ernani Agrícola, Escola Municipal Mário Faccini, Estação Barão de Mauá :: Pista Lateral, Estrada Velha da Tijuca, Francisco Eugênio, Furnas, Furnas, 1805, Furnas, 3800, Gávea Pequena, Hospital São Francisco, Igreja Nossa Senhora da Conceição, Itanhangá Golf Club, Jacamim, Joaquim Palhares, José Botelho Souza, Marina Barra Clube, Mata Machado, Metrô Jardim Oceânico, Metrô Uruguai, Muçu, Natalina, Palácio do Alto, Paróquia Nossa Sra. da Luz, Pinto de Figueiredo, Poeta Khalil Gibran, Praça Afonso Viseu, Praça do Aleijadinho, Praça Senador Melo Viera, Radmaker, Raimundo Castro Maia, Santa Carolina, São Miguel, São Rafael, Tijuaçu, Waldemar Falcão"
301,Ida,74,SN565,Volta,12,16.22,"Barra Private, BarraShopping - Américas, Coronel Paulo Malta Rezende, Dalcidio Jurandir, Downtown, Evandro Lins e Silva, Freeway, Jornalista Tim Lopes, José Leal da Silva, Metrô Jardim Oceânico, Senador Generoso Ponce, VillageMall"
301,Ida,74,844,Ida,1,1.35,Barra Private
301,Ida,74,SN550,Ida,8,10.81,"Barra Private, Itanhangá Golf Club, Marina Barra Clube, Metrô Jardim Oceânico, Poeta Khalil Gibran, Praça do Aleijadinho, Praça Senador Melo Viera, Waldemar Falcão"
301,Ida,74,878,Ida,8,10.81,"Barra Private, Itanhangá Golf Club, Marina Barra Clube, Metrô Jardim Oceânico, Poeta Khalil Gibran, Praça do Aleijadinho, Praça Senador Melo Viera, Waldemar Falcão"
301,Ida,74,SV878,Ida,8,10.81,"Barra Private, Itanhangá Golf Club, Marina Barra Clube, Metrô Jardim Oceânico, Poeta Khalil Gibran, Praça do Aleijadinho, Praça Senador Melo Viera, Waldemar Falcão"
301,Ida,74,SN636,Volta,1,1.35,Pinto de Figueiredo
301,Ida,74,862,Ida,18,24.32,"Barra Private, Centro Empresarial BarraShopping, Coronel Paulo Malta Rezende, Dalcidio Jurandir, Downtown, Evandro Lins e Silva, Freeway, Itanhangá Golf Club, Jornalista Tim Lopes, José Leal da Silva, Marina Barra Clube, Metrô Jardim Oceânico, Poeta Khalil Gibran, Praça do Aleijadinho, Praça Senador Melo Viera, Senador Generoso Ponce, VillageMall, Waldemar Falcão"
301,Ida,74,693,Volta,1,1.35,BarraShopping - Américas
301,Ida,74,693,Ida,1,1.35,BarraShopping - Américas
301,Ida,74,692,Ida,1,1.35,BarraShopping - Américas
301,Ida,74,692,Volta,1,1.35,BarraShopping - Américas
301,Ida,74,614,Volta,1,1.35,BarraShopping - Américas
301,Ida,74,614,Ida,1,1.35,BarraShopping - Américas
301,Ida,74,2803,Volta,13,17.57,"Barra Private, BarraShopping - Américas, Centro Empresarial BarraShopping, Coronel Paulo Malta Rezende, Dalcidio Jurandir, Downtown, Evandro Lins e Silva, Freeway, Jornalista Tim Lopes, José Leal da Silva, Metrô Jardim Oceânico, Senador Generoso Ponce, VillageMall"
301,Ida,74,900,Volta,10,13.51,"BarraShopping - Américas, Centro Empresarial BarraShopping, Coronel Paulo Malta Rezende, Dalcidio Jurandir, Evandro Lins e Silva, Freeway, Jornalista Tim Lopes, José Leal da Silva, Senador Generoso Ponce, VillageMall"
301,Ida,74,SN878,Ida,8,10.81,"Barra Private, Itanhangá Golf Club, Marina Barra Clube, Metrô Jardim Oceânico, Poeta Khalil Gibran, Praça do Aleijadinho, Praça Senador Melo Viera, Waldemar Falcão"
301,Ida,74,2334,Volta,13,17.57,"Barra Private, BarraShopping - Américas, Centro Empresarial BarraShopping, Coronel Paulo Malta Rezende, Dalcidio Jurandir, Downtown, Evandro Lins e Silva, Freeway, Jornalista Tim Lopes, José Leal da Silva, Metrô Jardim Oceânico, Senador Generoso Ponce, VillageMall"
301,Ida,74,2335,Volta,13,17.57,"Barra Private, BarraShopping - Américas, Centro Empresarial BarraShopping, Coronel Paulo Malta Rezende, Dalcidio Jurandir, Downtown, Evandro Lins e Silva, Freeway, Jornalista Tim Lopes, José Leal da Silva, Metrô Jardim Oceânico, Senador Generoso Ponce, VillageMall"
301,Ida,74,2337,Volta,13,17.57,"Barra Private, BarraShopping - Américas, Centro Empresarial BarraShopping, Coronel Paulo Malta Rezende, Dalcidio Jurandir, Downtown, Evandro Lins e Silva, Freeway, Jornalista Tim Lopes, José Leal da Silva, Metrô Jardim Oceânico, Senador Generoso Ponce, VillageMall"
301,Ida,74,2802,Volta,11,14.86,"BarraShopping - Américas, Centro Empresarial BarraShopping, Coronel Paulo Malta Rezende, Dalcidio Jurandir, Downtown, Evandro Lins e Silva, Freeway, Jornalista Tim Lopes, José Leal da Silva, Senador Generoso Ponce, VillageMall"
301,Ida,74,2802,Ida,1,1.35,Barra Private
301,Ida,74,2804,Volta,13,17.57,"Barra Private, BarraShopping - Américas, Centro Empresarial BarraShopping, Coronel Paulo Malta Rezende, Dalcidio Jurandir, Downtown, Evandro Lins e Silva, Freeway, Jornalista Tim Lopes, José Leal da Silva, Metrô Jardim Oceânico, Senador Generoso Ponce, VillageMall"
301,Ida,74,2338,Volta,13,17.57,"Barra Private, BarraShopping - Américas, Centro Empresarial BarraShopping, Coronel Paulo Malta Rezende, Dalcidio Jurandir, Downtown, Evandro Lins e Silva, Freeway, Jornalista Tim Lopes, José Leal da Silva, Metrô Jardim Oceânico, Senador Generoso Ponce, VillageMall"
301,Ida,74,217,Volta,1,1.35,Conde de Itaguaí
301,Ida,74,220,Volta,25,33.78,"Alves de Brito, Ary Kerner, BRS 1,2,4,5,6,I: Barão de Ubá, BRS 1,2,4,5,6,I: Domício da Gama, BRS 1,2,4,5,6,I: Matoso, BRS 1,2,5,6,7,I: Carmela Dutra, BRS 1,2,5,6,7,I: Conselheiro Zenha, BRS 1,2,5,6,I: Afonso Pena, BRS 1,2,5,6,I: Professor Gabizo, BRS 1,2,5,6,I: São Francisco Xavier, BRS 2,5,7,I: Saens Peña I, Cascata, Clóvis Bevilaqua, Colégio Marista São José, Conde de Itaguaí, Dona Delfina, Hospital São Francisco, Igreja Nossa Senhora da Conceição, Joaquim Palhares, Metrô Uruguai, Natalina, Pinto de Figueiredo, Radmaker, Santa Carolina, São Rafael"
301,Ida,74,229,Volta,23,31.08,"Alves de Brito, Ary Kerner, BRS 1,2,4,5,6,I: Barão de Ubá, BRS 1,2,4,5,6,I: Domício da Gama, BRS 1,2,4,5,6,I: Matoso, BRS 1,2,5,6,7,I: Carmela Dutra, BRS 1,2,5,6,7,I: Conselheiro Zenha, BRS 1,2,5,6,I: Afonso Pena, BRS 1,2,5,6,I: Professor Gabizo, BRS 1,2,5,6,I: São Francisco Xavier, BRS 2,5,7,I: Saens Peña I, Clóvis Bevilaqua, Colégio Marista São José, Conde de Itaguaí, Dona Delfina, Hospital São Francisco, Igreja Nossa Senhora da Conceição, Metrô Uruguai, Natalina, Pinto de Figueiredo, Radmaker, Santa Carolina, São Rafael"
301,Ida,74,409,Volta,8,10.81,"BRS 1,2,4,5,6,I: Barão de Ubá, BRS 1,2,4,5,6,I: Domício da Gama, BRS 1,2,4,5,6,I: Matoso, BRS 1,2,5,6,7,I: Carmela Dutra, BRS 1,2,5,6,7,I: Conselheiro Zenha, BRS 1,2,5,6,I: Afonso Pena, BRS 1,2,5,6,I: Professor Gabizo, BRS 1,2,5,6,I: São Francisco Xavier"
301,Ida,74,410,Volta,4,5.41,"BRS 1,2,5,6,7,I: Carmela Dutra, BRS 1,2,5,6,7,I: Conselheiro Zenha, BRS 1,2,5,6,I: Professor Gabizo, BRS 1,2,5,6,I: São Francisco Xavier"
301,Ida,74,415,Volta,25,33.78,"Alves de Brito, Ary Kerner, BRS 1,2,4,5,6,I: Barão de Ubá, BRS 1,2,4,5,6,I: Domício da Gama, BRS 1,2,4,5,6,I: Matoso, BRS 1,2,5,6,7,I: Carmela Dutra, BRS 1,2,5,6,7,I: Conselheiro Zenha, BRS 1,2,5,6,I: Afonso Pena, BRS 1,2,5,6,I: Professor Gabizo, BRS 1,2,5,6,I: São Francisco Xavier, BRS 2,5,7,I: Saens Peña I, Cascata, Clóvis Bevilaqua, Colégio Marista São José, Conde de Itaguaí, Dona Delfina, Hospital São Francisco, Igreja Nossa Senhora da Conceição, Joaquim Palhares, Metrô Uruguai, Natalina, Pinto de Figueiredo, Radmaker, Santa Carolina, São Rafael"
301,Ida,74,SN415,Volta,24,32.43,"Alves de Brito, Ary Kerner, BRS 1,2,4,5,6,I: Barão de Ubá, BRS 1,2,4,5,6,I: Domício da Gama, BRS 1,2,4,5,6,I: Matoso, BRS 1,2,5,6,7,I: Carmela Dutra, BRS 1,2,5,6,7,I: Conselheiro Zenha, BRS 1,2,5,6,I: Afonso Pena, BRS 1,2,5,6,I: Professor Gabizo, BRS 1,2,5,6,I: São Francisco Xavier, BRS 2,5,7,I: Saens Peña I, Clóvis Bevilaqua, Colégio Marista São José, Conde de Itaguaí, Dona Delfina, Hospital São Francisco, Igreja Nossa Senhora da Conceição, Joaquim Palhares, Metrô Uruguai, Natalina, Pinto de Figueiredo, Radmaker, Santa Carolina, São Rafael"
301,Ida,74,SN133,Volta,2,2.7,"Estação Barão de Mauá :: Pista Lateral, Francisco Eugênio"
301,Ida,74,426,Volta,24,32.43,"Alves de Brito, Ary Kerner, BRS 1,2,4,5,6,I: Barão de Ubá, BRS 1,2,4,5,6,I: Domício da Gama, BRS 1,2,4,5,6,I: Matoso, BRS 1,2,5,6,7,I: Carmela Dutra, BRS 1,2,5,6,7,I: Conselheiro Zenha, BRS 1,2,5,6,I: Afonso Pena, BRS 1,2,5,6,I: Professor Gabizo, BRS 1,2,5,6,I: São Francisco Xavier, BRS 2,5,7,I: Saens Peña I, Cascata, Clóvis Bevilaqua, Colégio Marista São José, Conde de Itaguaí, Dona Delfina, Hospital São Francisco, Igreja Nossa Senhora da Conceição, Metrô Uruguai, Natalina, Pinto de Figueiredo, Radmaker, Santa Carolina, São Rafael"
301,Ida,74,432,Volta,4,5.41,"BRS 1,2,4,5,6,I: Barão de Ubá, BRS 1,2,4,5,6,I: Domício da Gama, BRS 1,2,4,5,6,I: Matoso, BRS 1,2,5,6,I: Afonso Pena"
301,Ida,74,439,Ida,1,1.35,Joaquim Palhares
301,Ida,74,440,Ida,1,1.35,Estação Barão de Mauá :: Pista Lateral
301,Ida,74,112,Ida,3,4.05,"Estação Barão de Mauá :: Pista Lateral, Francisco Eugênio, Joaquim Palhares"
301,Ida,74,473,Ida,3,4.05,"Estação Barão de Mauá :: Pista Lateral, Francisco Eugênio, Joaquim Palhares"
301,Ida,74,603,Volta,9,12.16,"Alves de Brito, Clóvis Bevilaqua, Conde de Itaguaí, Dona Delfina, Metrô Uruguai, Natalina, Pinto de Figueiredo, Radmaker, São Rafael"
301,Ida,74,608,Volta,1,1.35,Conde de Itaguaí
301,Ida,74,626,Ida,1,1.35,Conde de Itaguaí
301,Ida,74,448,Ida,4,5.41,"Açude, CMS Nicola Albano, Gávea Pequena, Paróquia Nossa Sra. da Luz"
301,Ida,74,448,Volta,12,16.22,"Açude, Biguá, Capitão Campos, CMS Nicola Albano, EDI José da Silva Araújo, Furnas, Furnas, 1805, Gávea Pequena, José Botelho Souza, Mata Machado, Paróquia Nossa Sra. da Luz, Tijuaçu"
301,Ida,74,433,Volta,4,5.41,"BRS 1,2,4,5,6,I: Barão de Ubá, BRS 1,2,4,5,6,I: Domício da Gama, BRS 1,2,4,5,6,I: Matoso, BRS 1,2,5,6,I: Afonso Pena"
301,Ida,74,553,Volta,13,17.57,"Barra Private, BarraShopping - Américas, Centro Empresarial BarraShopping, Coronel Paulo Malta Rezende, Dalcidio Jurandir, Downtown, Evandro Lins e Silva, Freeway, Jornalista Tim Lopes, José Leal da Silva, Metrô Jardim Oceânico, Senador Generoso Ponce, VillageMall"
301,Ida,74,SN554,Volta,13,17.57,"Barra Private, BarraShopping - Américas, Centro Empresarial BarraShopping, Coronel Paulo Malta Rezende, Dalcidio Jurandir, Downtown, Evandro Lins e Silva, Freeway, Jornalista Tim Lopes, José Leal da Silva, Metrô Jardim Oceânico, Senador Generoso Ponce, VillageMall"
301,Ida,74,SPA550,Ida,8,10.81,"Barra Private, Itanhangá Golf Club, Marina Barra Clube, Metrô Jardim Oceânico, Poeta Khalil Gibran, Praça do Aleijadinho, Praça Senador Melo Viera, Waldemar Falcão"
301,Ida,74,957,Ida,2,2.7,"Barra Private, Metrô Jardim Oceânico"
301,Ida,74,605,Volta,2,2.7,"BRS 1,2,5,6,7,I: Carmela Dutra, BRS 1,2,5,6,7,I: Conselheiro Zenha"
301,Ida,74,990,Volta,13,17.57,"Barra Private, BarraShopping - Américas, Centro Empresarial BarraShopping, Coronel Paulo Malta Rezende, Dalcidio Jurandir, Downtown, Evandro Lins e Silva, Freeway, Jornalista Tim Lopes, José Leal da Silva, Metrô Jardim Oceânico, Senador Generoso Ponce, VillageMall"
301,Ida,74,645,Ida,1,1.35,Terminal Alvorada :: Plataforma D13
301,Ida,74,645,Volta,62,83.78,"Açude, Alves de Brito, Amado Nervo, Ary Kerner, Barra Private, BarraShopping - Américas, Biguá, BRS 2,5,7,I: Saens Peña I, Capitão Campos, Casa do Alto, Cascata, Centro Empresarial BarraShopping, Clóvis Bevilaqua, CMS Nicola Albano, Colégio Marista São José, Conde de Itaguaí, Coronel Paulo Malta Rezende, Curva do Violão, Dalcidio Jurandir, Dona Delfina, Doutor Catrambi, Downtown, EDI José da Silva Araújo, Ernani Agrícola, Escola Municipal Mário Faccini, Estrada Velha da Tijuca, Evandro Lins e Silva, Freeway, Furnas, Furnas, 1805, Furnas, 3800, Gávea Pequena, Hospital São Francisco, Igreja Nossa Senhora da Conceição, Itanhangá Golf Club, Jacamim, Jornalista Tim Lopes, José Botelho Souza, José Leal da Silva, Marina Barra Clube, Mata Machado, Metrô Jardim Oceânico, Metrô Uruguai, Muçu, Natalina, Palácio do Alto, Paróquia Nossa Sra. da Luz, Pinto de Figueiredo, Poeta Khalil Gibran, Praça Afonso Viseu, Praça do Aleijadinho, Praça Senador Melo Viera, Radmaker, Raimundo Castro Maia, Santa Carolina, São Miguel, São Rafael, Senador Generoso Ponce, Terminal Alvorada :: Plataforma D13, Tijuaçu, VillageMall, Waldemar Falcão"
301,Ida,74,416,Volta,8,10.81,"BRS 1,2,4,5,6,I: Barão de Ubá, BRS 1,2,4,5,6,I: Domício da Gama, BRS 1,2,4,5,6,I: Matoso, BRS 1,2,5,6,7,I: Carmela Dutra, BRS 1,2,5,6,7,I: Conselheiro Zenha, BRS 1,2,5,6,I: Afonso Pena, BRS 1,2,5,6,I: Professor Gabizo, BRS 1,2,5,6,I: São Francisco Xavier"
301,Ida,74,552,Volta,2,2.7,"Barra Private, Metrô Jardim Oceânico"
301,Ida,74,554,Volta,13,17.57,"Barra Private, BarraShopping - Américas, Centro Empresarial BarraShopping, Coronel Paulo Malta Rezende, Dalcidio Jurandir, Downtown, Evandro Lins e Silva, Freeway, Jornalista Tim Lopes, José Leal da Silva, Metrô Jardim Oceânico, Senador Generoso Ponce, VillageMall"
301,Ida,74,558,Ida,8,10.81,"Barra Private, Itanhangá Golf Club, Marina Barra Clube, Metrô Jardim Oceânico, Poeta Khalil Gibran, Praça do Aleijadinho, Praça Senador Melo Viera, Waldemar Falcão"
301,Ida,74,881,Volta,1,1.35,BarraShopping - Américas
301,Ida,74,SN433,Volta,4,5.41,"BRS 1,2,4,5,6,I: Barão de Ubá, BRS 1,2,4,5,6,I: Domício da Gama, BRS 1,2,4,5,6,I: Matoso, BRS 1,2,5,6,I: Afonso Pena"
301,Ida,74,133,Volta,2,2.7,"Estação Barão de Mauá :: Pista Lateral, Francisco Eugênio"
301,Ida,74,606,Volta,3,4.05,"Conde de Itaguaí, Estação Barão de Mauá :: Pista Lateral, Francisco Eugênio"
301,Ida,74,163,Ida,1,1.35,Francisco Eugênio
301,Ida,74,161,Ida,2,2.7,"Estação Barão de Mauá :: Pista Lateral, Francisco Eugênio"
301,Ida,74,SN634,Ida,6,8.11,"BRS 1,2,4,5,6,I: Barão de Ubá, BRS 1,2,4,5,6,I: Domício da Gama, BRS 1,2,4,5,6,I: Matoso, Estação Barão de Mauá :: Pista Lateral, Francisco Eugênio, Joaquim Palhares"
301,Ida,74,SV112,Ida,2,2.7,"Estação Barão de Mauá :: Pista Lateral, Francisco Eugênio"
301,Ida,74,SN353,Volta,2,2.7,"Estação Barão de Mauá :: Pista Lateral, Francisco Eugênio"
301,Ida,74,353,Volta,2,2.7,"Estação Barão de Mauá :: Pista Lateral, Francisco Eugênio"
301,Ida,74,635,Ida,5,6.76,"BRS 1,2,4,5,6,I: Barão de Ubá, BRS 1,2,4,5,6,I: Domício da Gama, BRS 1,2,4,5,6,I: Matoso, Estação Barão de Mauá :: Pista Lateral, Joaquim Palhares"
301,Ida,74,SV624,Ida,2,2.7,"Estação Barão de Mauá :: Pista Lateral, Francisco Eugênio"
301,Ida,74,SP635,Ida,4,5.41,"BRS 1,2,4,5,6,I: Barão de Ubá, BRS 1,2,4,5,6,I: Domício da Gama, Estação Barão de Mauá :: Pista Lateral, Joaquim Palhares"
301,Ida,74,548,Ida,13,17.57,"Barra Private, BarraShopping - Américas, Centro Empresarial BarraShopping, Coronel Paulo Malta Rezende, Dalcidio Jurandir, Downtown, Evandro Lins e Silva, Freeway, Jornalista Tim Lopes, José Leal da Silva, Metrô Jardim Oceânico, Senador Generoso Ponce, VillageMall"
301,Volta,77,636,Ida,3,3.9,"Abelardo Chacrinha Barbosa, Henry Ford, Metrô Uruguai"
301,Volta,77,805,Ida,1,1.3,Gilberto Amado
301,Volta,77,805,Volta,2,2.6,"Metrô Jardim Oceânico :: Ônibus Convencionais, Paulo Mazzucchelli"
301,Volta,77,238,Ida,6,7.79,"Araújo Pena, Bispo, BRS 1,2,4,5,6,I: Sampaio Ferraz, BRS 1,2,4,5,I: Barão de Ubá, Club Municipal, Matoso"
301,Volta,77,SN238,Ida,5,6.49,"Araújo Pena, Bispo, BRS 1,2,4,5,I: Barão de Ubá, Club Municipal, Matoso"
301,Volta,77,239,Ida,6,7.79,"Araújo Pena, Bispo, BRS 1,2,4,5,6,I: Sampaio Ferraz, BRS 1,2,4,5,I: Barão de Ubá, Club Municipal, Matoso"
301,Volta,77,SPB550,Ida,3,3.9,"Metrô Jardim Oceânico :: Ônibus Convencionais, Passarela da Barra, Paulo Mazzucchelli"
301,Volta,77,SPB550,Volta,7,9.09,"Condomínio Itanhanga Hills, Doutor Luiz Capriglione, Fonseca Costa, Passarela da Barra, Poeta Khalil Gibran, Praça do Aleijadinho, Praça Senador Melo Viera"
301,Volta,77,SV692,Volta,1,1.3,BarraShopping
301,Volta,77,624,Volta,1,1.3,Dinah de Queiroz :: Sentido Ponte / T. Gentileza / São Cristóvão
301,Volta,77,634,Volta,1,1.3,Dinah de Queiroz :: Sentido Ponte / T. Gentileza / São Cristóvão
301,Volta,77,711,Volta,2,2.6,"BRS 1,2,4,5,6,I: Sampaio Ferraz, Metrô Estácio"
301,Volta,77,711,Ida,2,2.6,"Araújo Pena, Club Municipal"
301,Volta,77,SV606,Ida,4,5.19,"Abelardo Chacrinha Barbosa, Dinah de Queiroz :: Sentido Ponte / T. Gentileza / São Cristóvão, Henry Ford, Metrô Uruguai"
301,Volta,77,315,Volta,1,1.3,BarraShopping
301,Volta,77,343,Ida,11,14.29,"Condomínio Itanhanga Hills, Doutor Luiz Capriglione, Fonseca Costa, Gilberto Amado, Metrô Jardim Oceânico :: Ônibus Convencionais, Passarela da Barra, Passarela da Barra, Paulo Mazzucchelli, Poeta Khalil Gibran, Praça do Aleijadinho, Praça Senador Melo Viera"
301,Volta,77,SN302,Ida,2,2.6,"Metrô Jardim Oceânico :: Ônibus Convencionais, Paulo Mazzucchelli"
301,Volta,77,SN302,Volta,59,76.62,"Abelardo Chacrinha Barbosa, Agostinho, Agrícola, Alves de Brito, Amado Nervo, Araújo Pena, Araújos, Bispo, BRS 1,2,4,5,6,I: Sampaio Ferraz, BRS 1,2,4,5,I: Barão de Ubá, Club Municipal, CMS Nicola Albano, Colégio Marista São José, Condomínio Itanhanga Hills, Conselheiro Zenha, Curva do Violão, Dinah de Queiroz :: Sentido Ponte / T. Gentileza / São Cristóvão, Doutor Luiz Capriglione, EDI José da Silva Araújo, Ernani Agrícola, Escola Municipal Mário Faccini, Estrada Velha da Tijuca, Felix da Cunha, Ferreira de Almeida, Fonseca Costa, Fontes Castelo, Furnas, Furnas, 1805, Furnas, 3800, Garibaldi, Gávea Pequena, Henry Ford, Hospital São Francisco, Igreja Nossa Senhora da Conceição, Jacamim, José Botelho Souza, Mata Machado, Matoso, Medeiros Pássaro, Metrô Estácio, Metrô Uruguai, Muçu, Natalina, Paróquia Nossa Sra. da Luz, Passarela da Barra, Poeta Khalil Gibran, Praça Afonso Viseu, Praça do Aleijadinho, Praça Saens Peña, Praça Senador Melo Viera, Raimundo Castro Maia, Rego Lopes, Saens Peña Medical Center, Santa Carolina, São Miguel, São Rafael, Tijuaçu, Ulysses Guimarães, Vicente de Cabo Frio"
301,Volta,77,550,Ida,3,3.9,"Metrô Jardim Oceânico :: Ônibus Convencionais, Passarela da Barra, Paulo Mazzucchelli"
301,Volta,77,550,Volta,7,9.09,"Condomínio Itanhanga Hills, Doutor Luiz Capriglione, Fonseca Costa, Passarela da Barra, Poeta Khalil Gibran, Praça do Aleijadinho, Praça Senador Melo Viera"
301,Volta,77,555,Ida,3,3.9,"Metrô Jardim Oceânico :: Ônibus Convencionais, Passarela da Barra, Paulo Mazzucchelli"
301,Volta,77,555,Volta,7,9.09,"Condomínio Itanhanga Hills, Doutor Luiz Capriglione, Fonseca Costa, Passarela da Barra, Poeta Khalil Gibran, Praça do Aleijadinho, Praça Senador Melo Viera"
301,Volta,77,557,Volta,6,7.79,"Condomínio Itanhanga Hills, Doutor Luiz Capriglione, Fonseca Costa, Poeta Khalil Gibran, Praça do Aleijadinho, Praça Senador Melo Viera"
301,Volta,77,565,Ida,15,19.48,"Afrânio Costa, Barra Garden, BarraShopping, Comitê Olímpico do Brasil, Coronel Paulo Malta Rezende, Dalcidio Jurandir, Estação Parque das Rosas, Estação Paulo Malta Resende, Evandro Lins e Silva, ION Intelligent Center, Jornalista Ricardo Marinho, Metrô Jardim Oceânico :: Ônibus Convencionais, Parque das Rosas, Passarela da Barra, Paulo Mazzucchelli"
301,Volta,77,361,Ida,1,1.3,BarraShopping
301,Volta,77,SN309,Volta,2,2.6,"Metrô Jardim Oceânico :: Ônibus Convencionais, Paulo Mazzucchelli"
301,Volta,77,309,Volta,2,2.6,"Metrô Jardim Oceânico :: Ônibus Convencionais, Paulo Mazzucchelli"
301,Volta,77,601,Ida,3,3.9,"Abelardo Chacrinha Barbosa, Henry Ford, Metrô Uruguai"
301,Volta,77,607,Volta,2,2.6,"BRS 1,2,4,5,6,I: Sampaio Ferraz, Metrô Estácio"
301,Volta,77,607,Ida,10,12.99,"Abelardo Chacrinha Barbosa, Araújo Pena, Araújos, Club Municipal, Conselheiro Zenha, Felix da Cunha, Henry Ford, Metrô Uruguai, Rego Lopes, Saens Peña Medical Center"
301,Volta,77,302,Ida,2,2.6,"Metrô Jardim Oceânico :: Ônibus Convencionais, Paulo Mazzucchelli"
301,Volta,77,302,Volta,59,76.62,"Abelardo Chacrinha Barbosa, Agostinho, Agrícola, Alves de Brito, Amado Nervo, Araújo Pena, Araújos, Bispo, BRS 1,2,4,5,6,I: Sampaio Ferraz, BRS 1,2,4,5,I: Barão de Ubá, Club Municipal, CMS Nicola Albano, Colégio Marista São José, Condomínio Itanhanga Hills, Conselheiro Zenha, Curva do Violão, Dinah de Queiroz :: Sentido Ponte / T. Gentileza / São Cristóvão, Doutor Luiz Capriglione, EDI José da Silva Araújo, Ernani Agrícola, Escola Municipal Mário Faccini, Estrada Velha da Tijuca, Felix da Cunha, Ferreira de Almeida, Fonseca Costa, Fontes Castelo, Furnas, Furnas, 1805, Furnas, 3800, Garibaldi, Gávea Pequena, Henry Ford, Hospital São Francisco, Igreja Nossa Senhora da Conceição, Jacamim, José Botelho Souza, Mata Machado, Matoso, Medeiros Pássaro, Metrô Estácio, Metrô Uruguai, Muçu, Natalina, Paróquia Nossa Sra. da Luz, Passarela da Barra, Poeta Khalil Gibran, Praça Afonso Viseu, Praça do Aleijadinho, Praça Saens Peña, Praça Senador Melo Viera, Raimundo Castro Maia, Rego Lopes, Saens Peña Medical Center, Santa Carolina, São Miguel, São Rafael, Tijuaçu, Ulysses Guimarães, Vicente de Cabo Frio"
301,Volta,77,SN565,Ida,15,19.48,"Afrânio Costa, Barra Garden, BarraShopping, Comitê Olímpico do Brasil, Coronel Paulo Malta Rezende, Dalcidio Jurandir, Estação Parque das Rosas, Estação Paulo Malta Resende, Evandro Lins e Silva, ION Intelligent Center, Jornalista Ricardo Marinho, Metrô Jardim Oceânico :: Ônibus Convencionais, Parque das Rosas, Passarela da Barra, Paulo Mazzucchelli"
301,Volta,77,844,Ida,5,6.49,"Gilberto Amado, Metrô Jardim Oceânico :: Ônibus Convencionais, Passarela da Barra, Passarela da Barra, Paulo Mazzucchelli"
301,Volta,77,SN550,Ida,3,3.9,"Metrô Jardim Oceânico :: Ônibus Convencionais, Passarela da Barra, Paulo Mazzucchelli"
301,Volta,77,SN550,Volta,7,9.09,"Condomínio Itanhanga Hills, Doutor Luiz Capriglione, Fonseca Costa, Passarela da Barra, Poeta Khalil Gibran, Praça do Aleijadinho, Praça Senador Melo Viera"
301,Volta,77,2918,Ida,1,1.3,Metrô Jardim Oceânico :: Ônibus Convencionais
301,Volta,77,878,Volta,7,9.09,"Condomínio Itanhanga Hills, Doutor Luiz Capriglione, Fonseca Costa, Passarela da Barra, Poeta Khalil Gibran, Praça do Aleijadinho, Praça Senador Melo Viera"
301,Volta,77,SV878,Volta,7,9.09,"Condomínio Itanhanga Hills, Doutor Luiz Capriglione, Fonseca Costa, Passarela da Barra, Poeta Khalil Gibran, Praça do Aleijadinho, Praça Senador Melo Viera"
301,Volta,77,SN636,Ida,4,5.19,"Abelardo Chacrinha Barbosa, Henry Ford, Metrô Uruguai, Vicente de Cabo Frio"
301,Volta,77,863,Volta,23,29.87,"Afrânio Costa, Barra Garden, BarraShopping, Comitê Olímpico do Brasil, Condomínio Itanhanga Hills, Coronel Paulo Malta Rezende, Dalcidio Jurandir, Doutor Luiz Capriglione, Estação Parque das Rosas, Estação Paulo Malta Resende, Evandro Lins e Silva, Fonseca Costa, Gilberto Amado, ION Intelligent Center, Jornalista Ricardo Marinho, Metrô Jardim Oceânico :: Ônibus Convencionais, Parque das Rosas, Passarela da Barra, Passarela da Barra, Paulo Mazzucchelli, Poeta Khalil Gibran, Praça do Aleijadinho, Praça Senador Melo Viera"
301,Volta,77,693,Volta,1,1.3,BarraShopping
301,Volta,77,692,Volta,1,1.3,BarraShopping
301,Volta,77,614,Volta,1,1.3,BarraShopping
301,Volta,77,2803,Ida,15,19.48,"Afrânio Costa, Barra Garden, BarraShopping, Comitê Olímpico do Brasil, Coronel Paulo Malta Rezende, Dalcidio Jurandir, Estação Parque das Rosas, Estação Paulo Malta Resende, Evandro Lins e Silva, Gilberto Amado, ION Intelligent Center, Jornalista Ricardo Marinho, Parque das Rosas, Passarela da Barra, Paulo Mazzucchelli"
301,Volta,77,900,Ida,11,14.29,"Afrânio Costa, Barra Garden, Comitê Olímpico do Brasil, Coronel Paulo Malta Rezende, Dalcidio Jurandir, Estação Parque das Rosas, Estação Paulo Malta Resende, Evandro Lins e Silva, ION Intelligent Center, Jornalista Ricardo Marinho, Parque das Rosas"
301,Volta,77,SN878,Volta,7,9.09,"Condomínio Itanhanga Hills, Doutor Luiz Capriglione, Fonseca Costa, Passarela da Barra, Poeta Khalil Gibran, Praça do Aleijadinho, Praça Senador Melo Viera"
301,Volta,77,2334,Ida,14,18.18,"Afrânio Costa, Barra Garden, BarraShopping, Comitê Olímpico do Brasil, Coronel Paulo Malta Rezende, Dalcidio Jurandir, Estação Parque das Rosas, Estação Paulo Malta Resende, Evandro Lins e Silva, ION Intelligent Center, Jornalista Ricardo Marinho, Parque das Rosas, Passarela da Barra, Paulo Mazzucchelli"
301,Volta,77,2335,Ida,14,18.18,"Afrânio Costa, Barra Garden, BarraShopping, Comitê Olímpico do Brasil, Coronel Paulo Malta Rezende, Dalcidio Jurandir, Estação Parque das Rosas, Estação Paulo Malta Resende, Evandro Lins e Silva, ION Intelligent Center, Jornalista Ricardo Marinho, Parque das Rosas, Passarela da Barra, Paulo Mazzucchelli"
301,Volta,77,2337,Ida,14,18.18,"Afrânio Costa, Barra Garden, BarraShopping, Comitê Olímpico do Brasil, Coronel Paulo Malta Rezende, Dalcidio Jurandir, Estação Parque das Rosas, Estação Paulo Malta Resende, Evandro Lins e Silva, ION Intelligent Center, Jornalista Ricardo Marinho, Parque das Rosas, Passarela da Barra, Paulo Mazzucchelli"
301,Volta,77,2802,Ida,15,19.48,"Afrânio Costa, Barra Garden, BarraShopping, Comitê Olímpico do Brasil, Coronel Paulo Malta Rezende, Dalcidio Jurandir, Estação Parque das Rosas, Estação Paulo Malta Resende, Evandro Lins e Silva, Gilberto Amado, ION Intelligent Center, Jornalista Ricardo Marinho, Parque das Rosas, Passarela da Barra, Paulo Mazzucchelli"
301,Volta,77,2804,Ida,15,19.48,"Afrânio Costa, Barra Garden, BarraShopping, Comitê Olímpico do Brasil, Coronel Paulo Malta Rezende, Dalcidio Jurandir, Estação Parque das Rosas, Estação Paulo Malta Resende, Evandro Lins e Silva, Gilberto Amado, ION Intelligent Center, Jornalista Ricardo Marinho, Parque das Rosas, Passarela da Barra, Paulo Mazzucchelli"
301,Volta,77,2338,Ida,14,18.18,"Afrânio Costa, Barra Garden, BarraShopping, Comitê Olímpico do Brasil, Coronel Paulo Malta Rezende, Dalcidio Jurandir, Estação Parque das Rosas, Estação Paulo Malta Resende, Evandro Lins e Silva, ION Intelligent Center, Jornalista Ricardo Marinho, Parque das Rosas, Passarela da Barra, Paulo Mazzucchelli"
301,Volta,77,181,Ida,15,19.48,"Afrânio Costa, Barra Garden, BarraShopping, Comitê Olímpico do Brasil, Coronel Paulo Malta Rezende, Dalcidio Jurandir, Estação Parque das Rosas, Estação Paulo Malta Resende, Evandro Lins e Silva, ION Intelligent Center, Jornalista Ricardo Marinho, Metrô Jardim Oceânico :: Ônibus Convencionais, Parque das Rosas, Passarela da Barra, Paulo Mazzucchelli"
301,Volta,77,217,Ida,3,3.9,"Abelardo Chacrinha Barbosa, Henry Ford, Metrô Uruguai"
301,Volta,77,220,Ida,25,32.47,"Abelardo Chacrinha Barbosa, Agostinho, Alves de Brito, Araújo Pena, Araújos, Bispo, BRS 1,2,4,5,6,I: Sampaio Ferraz, BRS 1,2,4,5,I: Barão de Ubá, Club Municipal, Colégio Marista São José, Conselheiro Zenha, Felix da Cunha, Garibaldi, Henry Ford, Hospital São Francisco, Igreja Nossa Senhora da Conceição, Matoso, Medeiros Pássaro, Metrô Uruguai, Natalina, Praça Saens Peña, Rego Lopes, Saens Peña Medical Center, Santa Carolina, Vicente de Cabo Frio"
301,Volta,77,229,Ida,25,32.47,"Abelardo Chacrinha Barbosa, Agostinho, Alves de Brito, Araújo Pena, Araújos, Bispo, BRS 1,2,4,5,6,I: Sampaio Ferraz, BRS 1,2,4,5,I: Barão de Ubá, Club Municipal, Colégio Marista São José, Conselheiro Zenha, Felix da Cunha, Garibaldi, Henry Ford, Hospital São Francisco, Igreja Nossa Senhora da Conceição, Matoso, Medeiros Pássaro, Metrô Uruguai, Natalina, Praça Saens Peña, Rego Lopes, Saens Peña Medical Center, Santa Carolina, Vicente de Cabo Frio"
301,Volta,77,409,Ida,12,15.58,"Araújo Pena, Araújos, Bispo, BRS 1,2,4,5,6,I: Sampaio Ferraz, BRS 1,2,4,5,I: Barão de Ubá, Club Municipal, Conselheiro Zenha, Felix da Cunha, Matoso, Praça Saens Peña, Rego Lopes, Saens Peña Medical Center"
301,Volta,77,410,Volta,2,2.6,"Araújo Pena, Felix da Cunha"
301,Volta,77,410,Ida,8,10.39,"Araújo Pena, Araújos, Club Municipal, Conselheiro Zenha, Felix da Cunha, Praça Saens Peña, Rego Lopes, Saens Peña Medical Center"
301,Volta,77,415,Ida,25,32.47,"Abelardo Chacrinha Barbosa, Agostinho, Alves de Brito, Araújo Pena, Araújos, Bispo, BRS 1,2,4,5,6,I: Sampaio Ferraz, BRS 1,2,4,5,I: Barão de Ubá, Club Municipal, Colégio Marista São José, Conselheiro Zenha, Felix da Cunha, Garibaldi, Henry Ford, Hospital São Francisco, Igreja Nossa Senhora da Conceição, Matoso, Medeiros Pássaro, Metrô Uruguai, Natalina, Praça Saens Peña, Rego Lopes, Saens Peña Medical Center, Santa Carolina, Vicente de Cabo Frio"
301,Volta,77,SN415,Ida,25,32.47,"Abelardo Chacrinha Barbosa, Agostinho, Alves de Brito, Araújo Pena, Araújos, Bispo, BRS 1,2,4,5,6,I: Sampaio Ferraz, BRS 1,2,4,5,I: Barão de Ubá, Club Municipal, Colégio Marista São José, Conselheiro Zenha, Felix da Cunha, Garibaldi, Henry Ford, Hospital São Francisco, Igreja Nossa Senhora da Conceição, Matoso, Medeiros Pássaro, Metrô Uruguai, Natalina, Praça Saens Peña, Rego Lopes, Saens Peña Medical Center, Santa Carolina, Vicente de Cabo Frio"
301,Volta,77,SN133,Volta,1,1.3,Metrô Estácio
301,Volta,77,SN133,Ida,4,5.19,"BRS 1,2,4,5,6,I: Sampaio Ferraz, Dinah de Queiroz :: Sentido Ponte / T. Gentileza / São Cristóvão, Metrô Estácio, Ulysses Guimarães"
301,Volta,77,426,Ida,21,27.27,"Abelardo Chacrinha Barbosa, Agostinho, Alves de Brito, Araújo Pena, Araújos, Club Municipal, Colégio Marista São José, Conselheiro Zenha, Felix da Cunha, Garibaldi, Henry Ford, Hospital São Francisco, Igreja Nossa Senhora da Conceição, Medeiros Pássaro, Metrô Uruguai, Natalina, Praça Saens Peña, Rego Lopes, Saens Peña Medical Center, Santa Carolina, Vicente de Cabo Frio"
301,Volta,77,426,Volta,2,2.6,"BRS 1,2,4,5,6,I: Sampaio Ferraz, Metrô Estácio"
301,Volta,77,432,Ida,6,7.79,"Araújo Pena, Bispo, BRS 1,2,4,5,6,I: Sampaio Ferraz, BRS 1,2,4,5,I: Barão de Ubá, Club Municipal, Matoso"
301,Volta,77,110,Volta,1,1.3,"BRS 1,2,4,5,6,I: Sampaio Ferraz"
301,Volta,77,112,Volta,1,1.3,"BRS 1,2,4,5,6,I: Sampaio Ferraz"
301,Volta,77,473,Volta,1,1.3,Dinah de Queiroz :: Sentido Ponte / T. Gentileza / São Cristóvão
301,Volta,77,603,Ida,8,10.39,"Abelardo Chacrinha Barbosa, Alves de Brito, Garibaldi, Henry Ford, Metrô Uruguai, Natalina, Praça Saens Peña, Vicente de Cabo Frio"
301,Volta,77,608,Ida,3,3.9,"Abelardo Chacrinha Barbosa, Henry Ford, Metrô Uruguai"
301,Volta,77,626,Volta,8,10.39,"Abelardo Chacrinha Barbosa, Alves de Brito, Garibaldi, Henry Ford, Metrô Uruguai, Natalina, Praça Saens Peña, Vicente de Cabo Frio"
301,Volta,77,448,Ida,8,10.39,"Agrícola, EDI José da Silva Araújo, Furnas, 1805, Gávea Pequena, José Botelho Souza, Mata Machado, Paróquia Nossa Sra. da Luz, Tijuaçu"
301,Volta,77,448,Volta,2,2.6,"Gávea Pequena, Paróquia Nossa Sra. da Luz"
301,Volta,77,433,Ida,6,7.79,"Araújo Pena, Bispo, BRS 1,2,4,5,6,I: Sampaio Ferraz, BRS 1,2,4,5,I: Barão de Ubá, Club Municipal, Matoso"
301,Volta,77,553,Ida,15,19.48,"Afrânio Costa, Barra Garden, BarraShopping, Comitê Olímpico do Brasil, Coronel Paulo Malta Rezende, Dalcidio Jurandir, Estação Parque das Rosas, Estação Paulo Malta Resende, Evandro Lins e Silva, ION Intelligent Center, Jornalista Ricardo Marinho, Metrô Jardim Oceânico :: Ônibus Convencionais, Parque das Rosas, Passarela da Barra, Paulo Mazzucchelli"
301,Volta,77,SP553,Ida,15,19.48,"Afrânio Costa, Barra Garden, BarraShopping, Comitê Olímpico do Brasil, Coronel Paulo Malta Rezende, Dalcidio Jurandir, Estação Parque das Rosas, Estação Paulo Malta Resende, Evandro Lins e Silva, ION Intelligent Center, Jornalista Ricardo Marinho, Metrô Jardim Oceânico :: Ônibus Convencionais, Parque das Rosas, Passarela da Barra, Paulo Mazzucchelli"
301,Volta,77,SN554,Ida,15,19.48,"Afrânio Costa, Barra Garden, BarraShopping, Comitê Olímpico do Brasil, Coronel Paulo Malta Rezende, Dalcidio Jurandir, Estação Parque das Rosas, Estação Paulo Malta Resende, Evandro Lins e Silva, ION Intelligent Center, Jornalista Ricardo Marinho, Metrô Jardim Oceânico :: Ônibus Convencionais, Parque das Rosas, Passarela da Barra, Paulo Mazzucchelli"
301,Volta,77,SPA550,Volta,7,9.09,"Condomínio Itanhanga Hills, Doutor Luiz Capriglione, Fonseca Costa, Passarela da Barra, Poeta Khalil Gibran, Praça do Aleijadinho, Praça Senador Melo Viera"
301,Volta,77,SPA550,Ida,3,3.9,"Metrô Jardim Oceânico :: Ônibus Convencionais, Passarela da Barra, Paulo Mazzucchelli"
301,Volta,77,957,Ida,2,2.6,"Metrô Jardim Oceânico :: Ônibus Convencionais, Paulo Mazzucchelli"
301,Volta,77,990,Ida,16,20.78,"Afrânio Costa, Barra Garden, BarraShopping, Comitê Olímpico do Brasil, Coronel Paulo Malta Rezende, Dalcidio Jurandir, Estação Parque das Rosas, Estação Paulo Malta Resende, Evandro Lins e Silva, Gilberto Amado, ION Intelligent Center, Jornalista Ricardo Marinho, Metrô Jardim Oceânico :: Ônibus Convencionais, Parque das Rosas, Passarela da Barra, Paulo Mazzucchelli"
301,Volta,77,645,Ida,62,80.52,"Abelardo Chacrinha Barbosa, Afrânio Costa, Agostinho, Agrícola, Alves de Brito, Amado Nervo, Barra Garden, BarraShopping, CMS Nicola Albano, Colégio Marista São José, Comitê Olímpico do Brasil, Condomínio Itanhanga Hills, Coronel Paulo Malta Rezende, Curva do Violão, Dalcidio Jurandir, Doutor Luiz Capriglione, EDI José da Silva Araújo, Ernani Agrícola, Escola Municipal Mário Faccini, Estação Parque das Rosas, Estação Paulo Malta Resende, Estrada Velha da Tijuca, Evandro Lins e Silva, Ferreira de Almeida, Fonseca Costa, Fontes Castelo, Furnas, Furnas, 1805, Furnas, 3800, Garibaldi, Gávea Pequena, Gilberto Amado, Henry Ford, Hospital São Francisco, Igreja Nossa Senhora da Conceição, ION Intelligent Center, Jacamim, Jornalista Ricardo Marinho, José Botelho Souza, Mata Machado, Medeiros Pássaro, Metrô Jardim Oceânico :: Ônibus Convencionais, Metrô Uruguai, Muçu, Natalina, Paróquia Nossa Sra. da Luz, Parque das Rosas, Passarela da Barra, Passarela da Barra, Paulo Mazzucchelli, Poeta Khalil Gibran, Praça Afonso Viseu, Praça do Aleijadinho, Praça Saens Peña, Praça Senador Melo Viera, Raimundo Castro Maia, Santa Carolina, São Miguel, São Rafael, Terminal Alvorada :: Plataforma D13, Tijuaçu, Vicente de Cabo Frio"
301,Volta,77,645,Volta,1,1.3,Terminal Alvorada :: Plataforma D13
301,Volta,77,416,Volta,2,2.6,"BRS 1,2,4,5,6,I: Sampaio Ferraz, Metrô Estácio"
301,Volta,77,416,Ida,11,14.29,"Araújo Pena, Araújos, Bispo, BRS 1,2,4,5,I: Barão de Ubá, Club Municipal, Conselheiro Zenha, Felix da Cunha, Matoso, Praça Saens Peña, Rego Lopes, Saens Peña Medical Center"
301,Volta,77,552,Volta,2,2.6,"Metrô Jardim Oceânico :: Ônibus Convencionais, Paulo Mazzucchelli"
301,Volta,77,554,Ida,15,19.48,"Afrânio Costa, Barra Garden, BarraShopping, Comitê Olímpico do Brasil, Coronel Paulo Malta Rezende, Dalcidio Jurandir, Estação Parque das Rosas, Estação Paulo Malta Resende, Evandro Lins e Silva, ION Intelligent Center, Jornalista Ricardo Marinho, Metrô Jardim Oceânico :: Ônibus Convencionais, Parque das Rosas, Passarela da Barra, Paulo Mazzucchelli"
301,Volta,77,558,Ida,3,3.9,"Metrô Jardim Oceânico :: Ônibus Convencionais, Passarela da Barra, Paulo Mazzucchelli"
301,Volta,77,558,Volta,7,9.09,"Condomínio Itanhanga Hills, Doutor Luiz Capriglione, Fonseca Costa, Passarela da Barra, Poeta Khalil Gibran, Praça do Aleijadinho, Praça Senador Melo Viera"
301,Volta,77,881,Volta,1,1.3,BarraShopping
301,Volta,77,SN433,Ida,6,7.79,"Araújo Pena, Bispo, BRS 1,2,4,5,6,I: Sampaio Ferraz, BRS 1,2,4,5,I: Barão de Ubá, Club Municipal, Matoso"
301,Volta,77,133,Volta,1,1.3,Metrô Estácio
301,Volta,77,133,Ida,4,5.19,"BRS 1,2,4,5,6,I: Sampaio Ferraz, Dinah de Queiroz :: Sentido Ponte / T. Gentileza / São Cristóvão, Metrô Estácio, Ulysses Guimarães"
301,Volta,77,606,Ida,4,5.19,"Abelardo Chacrinha Barbosa, Dinah de Queiroz :: Sentido Ponte / T. Gentileza / São Cristóvão, Henry Ford, Metrô Uruguai"
301,Volta,77,163,Volta,1,1.3,Dinah de Queiroz :: Sentido Ponte / T. Gentileza / São Cristóvão
301,Volta,77,161,Ida,1,1.3,Dinah de Queiroz :: Sentido Ponte / T. Gentileza / São Cristóvão
301,Volta,77,SN634,Volta,1,1.3,Dinah de Queiroz :: Sentido Ponte / T. Gentileza / São Cristóvão
301,Volta,77,SV112,Volta,1,1.3,Dinah de Queiroz :: Sentido Ponte / T. Gentileza / São Cristóvão
301,Volta,77,SN353,Ida,1,1.3,Dinah de Queiroz :: Sentido Ponte / T. Gentileza / São Cristóvão
301,Volta,77,353,Ida,1,1.3,Dinah de Queiroz :: Sentido Ponte / T. Gentileza / São Cristóvão
301,Volta,77,635,Volta,1,1.3,Dinah de Queiroz :: Sentido Ponte / T. Gentileza / São Cristóvão
301,Volta,77,SV863,Volta,22,28.57,"Afrânio Costa, Barra Garden, BarraShopping, Comitê Olímpico do Brasil, Condomínio Itanhanga Hills, Coronel Paulo Malta Rezende, Dalcidio Jurandir, Doutor Luiz Capriglione, Estação Parque das Rosas, Estação Paulo Malta Resende, Evandro Lins e Silva, Gilberto Amado, ION Intelligent Center, Jornalista Ricardo Marinho, Metrô Jardim Oceânico :: Ônibus Convencionais, Parque das Rosas, Passarela da Barra, Passarela da Barra, Paulo Mazzucchelli, Poeta Khalil Gibran, Praça do Aleijadinho, Praça Senador Melo Viera"
301,Volta,77,SV624,Volta,1,1.3,Dinah de Queiroz :: Sentido Ponte / T. Gentileza / São Cristóvão
301,Volta,77,SP635,Volta,1,1.3,Dinah de Queiroz :: Sentido Ponte / T. Gentileza / São Cristóvão
301,Volta,77,548,Volta,15,19.48,"Afrânio Costa, Barra Garden, BarraShopping, Comitê Olímpico do Brasil, Coronel Paulo Malta Rezende, Dalcidio Jurandir, Estação Parque das Rosas, Estação Paulo Malta Resende, Evandro Lins e Silva, ION Intelligent Center, Jornalista Ricardo Marinho, Metrô Jardim Oceânico :: Ônibus Convencionais, Parque das Rosas, Passarela da Barra, Paulo Mazzucchelli"
165,Volta,13,497,Volta,2,15.38,"BRS 1,2,3: Praça Onze, BRS 1,3,5: Cidade Nova"
165,Volta,13,2343,Volta,1,7.69,Geógrafo Milton Santos :: Linhas Municipais via São Cristóvão
165,Volta,13,2342,Volta,1,7.69,Geógrafo Milton Santos :: Linhas Municipais via São Cristóvão
165,Volta,13,2344,Volta,1,7.69,Geógrafo Milton Santos :: Linhas Municipais via São Cristóvão
165,Volta,13,265,Volta,1,7.69,GRES Unidos da Tijuca :: Pistal Lateral
165,Volta,13,SN265,Volta,1,7.69,GRES Unidos da Tijuca :: Pistal Lateral
165,Volta,13,277,Volta,2,15.38,"Geógrafo Milton Santos :: Linhas Municipais via São Cristóvão, GRES Unidos da Tijuca :: Pistal Lateral"
165,Volta,13,296,Volta,2,15.38,"Geógrafo Milton Santos :: Linhas Municipais via São Cristóvão, GRES Unidos da Tijuca :: Pistal Lateral"
165,Volta,13,298,Volta,1,7.69,Geógrafo Milton Santos :: Linhas Municipais via São Cristóvão
165,Volta,13,311,Volta,2,15.38,"Geógrafo Milton Santos :: Linhas Municipais via São Cristóvão, GRES Unidos da Tijuca :: Pistal Lateral"
165,Volta,13,312,Volta,1,7.69,Geógrafo Milton Santos :: Linhas Municipais via São Cristóvão
165,Volta,13,313,Volta,1,7.69,Geógrafo Milton Santos :: Linhas Municipais via São Cristóvão
165,Volta,13,321,Volta,1,7.69,Geógrafo Milton Santos :: Linhas Municipais via São Cristóvão
165,Volta,13,323,Volta,1,7.69,Geógrafo Milton Santos :: Linhas Municipais via São Cristóvão
165,Volta,13,325,Volta,1,7.69,Geógrafo Milton Santos :: Linhas Municipais via São Cristóvão
165,Volta,13,327,Volta,1,7.69,Geógrafo Milton Santos :: Linhas Municipais via São Cristóvão
165,Volta,13,355,Volta,1,7.69,GRES Unidos da Tijuca :: Pistal Lateral
165,Volta,13,SR355,Volta,1,7.69,GRES Unidos da Tijuca :: Pistal Lateral
165,Volta,13,SN298,Volta,2,15.38,"Geógrafo Milton Santos :: Linhas Municipais via São Cristóvão, GRES Unidos da Tijuca :: Pistal Lateral"
165,Volta,13,483,Volta,2,15.38,"BRS 1,2,3: Praça Onze, BRS 1,3,5: Cidade Nova"
165,Volta,13,SP485,Ida,2,15.38,"BRS 1,3,5: Cidade Nova, Geógrafo Milton Santos :: Linhas Municipais via São Cristóvão"
165,Volta,13,315,Ida,1,7.69,"BRS 1,3,5: Cidade Nova"
165,Volta,13,338,Volta,1,7.69,"BRS 1,3,5: Cidade Nova"
165,Volta,13,343,Volta,1,7.69,"BRS 1,3,5: Cidade Nova"
165,Volta,13,348,Volta,1,7.69,"BRS 1,3,5: Cidade Nova"
165,Volta,13,380,Volta,1,7.69,"BRS 1,3,5: Cidade Nova"
165,Volta,13,361,Volta,1,7.69,"BRS 1,3,5: Cidade Nova"
165,Volta,13,SN309,Ida,4,30.77,"BRS 1,2,3: Praça Onze, BRS 1,3,5: Cidade Nova, Geógrafo Milton Santos :: Linhas Municipais via São Cristóvão, GRES Unidos da Tijuca :: Pistal Lateral"
165,Volta,13,352,Volta,1,7.69,"BRS 1,3,5: Cidade Nova"
165,Volta,13,369,Volta,1,7.69,"BRS 1,3,5: Cidade Nova"
165,Volta,13,388,Volta,1,7.69,"BRS 1,3,5: Cidade Nova"
165,Volta,13,393,Volta,1,7.69,"BRS 1,3,5: Cidade Nova"
165,Volta,13,SR393,Volta,1,7.69,"BRS 1,3,5: Cidade Nova"
165,Volta,13,2307,Volta,1,7.69,"BRS 1,3,5: Cidade Nova"
165,Volta,13,2308,Volta,1,7.69,"BRS 1,3,5: Cidade Nova"
165,Volta,13,2309,Volta,1,7.69,"BRS 1,3,5: Cidade Nova"
165,Volta,13,2310,Volta,1,7.69,"BRS 1,3,5: Cidade Nova"
165,Volta,13,SN393,Volta,1,7.69,"BRS 1,3,5: Cidade Nova"
165,Volta,13,SR300,Volta,1,7.69,"BRS 1,3,5: Cidade Nova"
165,Volta,13,2336,Volta,1,7.69,"BRS 1,3,5: Cidade Nova"
165,Volta,13,2303,Volta,1,7.69,"BRS 1,3,5: Cidade Nova"
165,Volta,13,2339,Volta,1,7.69,"BRS 1,3,5: Cidade Nova"
165,Volta,13,2381,Volta,1,7.69,"BRS 1,3,5: Cidade Nova"
165,Volta,13,2383,Volta,1,7.69,"BRS 1,3,5: Cidade Nova"
165,Volta,13,394,Volta,1,7.69,"BRS 1,3,5: Cidade Nova"
165,Volta,13,SR397,Volta,1,7.69,"BRS 1,3,5: Cidade Nova"
165,Volta,13,SN397,Volta,1,7.69,"BRS 1,3,5: Cidade Nova"
165,Volta,13,181,Ida,1,7.69,GRES Unidos da Tijuca :: Pistal Lateral
165,Volta,13,210,Volta,2,15.38,"BRS 1,2,3: Praça Onze, BRS 1,3,5: Cidade Nova"
165,Volta,13,275,Volta,3,23.08,"BRS 1,2,3: Praça Onze, Geógrafo Milton Santos :: Linhas Municipais via São Cristóvão, GRES Unidos da Tijuca :: Pistal Lateral"
165,Volta,13,422,Volta,7,53.85,"Marechal Pires Ferreira, Paróquia Cristo Redentor, Rumânia, Sebastião de Lacerda, Soares Cabral, Terminal do Cosme Velho :: Plataforma A, Trem do Corcovado"
165,Volta,13,422,Ida,1,7.69,Terminal do Cosme Velho :: Plataforma A
165,Volta,13,SN422,Volta,7,53.85,"Marechal Pires Ferreira, Paróquia Cristo Redentor, Rumânia, Sebastião de Lacerda, Soares Cabral, Terminal do Cosme Velho :: Plataforma A, Trem do Corcovado"
165,Volta,13,SN422,Ida,1,7.69,Terminal do Cosme Velho :: Plataforma A
165,Volta,13,SN133,Volta,1,7.69,Soares Cabral
165,Volta,13,117,Ida,1,7.69,Terminal do Cosme Velho :: Plataforma A
165,Volta,13,117,Volta,8,61.54,"Laranjeiras, Marechal Pires Ferreira, Paróquia Cristo Redentor, Rumânia, Sebastião de Lacerda, Soares Cabral, Terminal do Cosme Velho :: Plataforma A, Trem do Corcovado"
165,Volta,13,110,Volta,4,30.77,"BRS 1,2,3: Praça Onze, BRS 1,3,5: Cidade Nova, Geógrafo Milton Santos :: Linhas Municipais via São Cristóvão, GRES Unidos da Tijuca :: Pistal Lateral"
165,Volta,13,112,Volta,4,30.77,"BRS 1,2,3: Praça Onze, BRS 1,3,5: Cidade Nova, Geógrafo Milton Santos :: Linhas Municipais via São Cristóvão, GRES Unidos da Tijuca :: Pistal Lateral"
165,Volta,13,209,Ida,4,30.77,"BRS 1,2,3: Praça Onze, BRS 1,3,5: Cidade Nova, Geógrafo Milton Santos :: Linhas Municipais via São Cristóvão, GRES Unidos da Tijuca :: Pistal Lateral"
165,Volta,13,472,Volta,3,23.08,"BRS 1,2,3: Praça Onze, Geógrafo Milton Santos :: Linhas Municipais via São Cristóvão, GRES Unidos da Tijuca :: Pistal Lateral"
165,Volta,13,109,Ida,4,30.77,"BRS 1,2,3: Praça Onze, BRS 1,3,5: Cidade Nova, Geógrafo Milton Santos :: Linhas Municipais via São Cristóvão, GRES Unidos da Tijuca :: Pistal Lateral"
165,Volta,13,474,Volta,3,23.08,"BRS 1,2,3: Praça Onze, Geógrafo Milton Santos :: Linhas Municipais via São Cristóvão, GRES Unidos da Tijuca :: Pistal Lateral"
165,Volta,13,507,Ida,1,7.69,Soares Cabral
165,Volta,13,583,Ida,6,46.15,"Marechal Pires Ferreira, Paróquia Cristo Redentor, Rumânia, Sebastião de Lacerda, Soares Cabral, Trem do Corcovado"
165,Volta,13,584,Ida,6,46.15,"Marechal Pires Ferreira, Paróquia Cristo Redentor, Rumânia, Sebastião de Lacerda, Soares Cabral, Trem do Corcovado"
165,Volta,13,498,Volta,1,7.69,"BRS 1,3,5: Cidade Nova"
165,Volta,13,SN474,Volta,3,23.08,"BRS 1,2,3: Praça Onze, Geógrafo Milton Santos :: Linhas Municipais via São Cristóvão, GRES Unidos da Tijuca :: Pistal Lateral"
165,Volta,13,104,Ida,4,30.77,"BRS 1,2,3: Praça Onze, BRS 1,3,5: Cidade Nova, Geógrafo Milton Santos :: Linhas Municipais via São Cristóvão, GRES Unidos da Tijuca :: Pistal Lateral"
165,Volta,13,485,Volta,3,23.08,"BRS 1,2,3: Praça Onze, BRS 1,3,5: Cidade Nova, Geógrafo Milton Santos :: Linhas Municipais via São Cristóvão"
165,Volta,13,SN483,Volta,1,7.69,"BRS 1,3,5: Cidade Nova"
165,Volta,13,SV384,Volta,1,7.69,GRES Unidos da Tijuca :: Pistal Lateral
165,Volta,13,SN209,Ida,4,30.77,"BRS 1,2,3: Praça Onze, BRS 1,3,5: Cidade Nova, Geógrafo Milton Santos :: Linhas Municipais via São Cristóvão, GRES Unidos da Tijuca :: Pistal Lateral"
165,Volta,13,300,Volta,1,7.69,"BRS 1,3,5: Cidade Nova"
165,Volta,13,371,Volta,2,15.38,"BRS 1,3,5: Cidade Nova, Geógrafo Milton Santos :: Linhas Municipais via São Cristóvão"
165,Volta,13,SR388,Volta,1,7.69,"BRS 1,3,5: Cidade Nova"
165,Volta,13,397,Volta,1,7.69,"BRS 1,3,5: Cidade Nova"
165,Volta,13,350,Volta,1,7.69,GRES Unidos da Tijuca :: Pistal Lateral
165,Volta,13,SN388,Volta,1,7.69,"BRS 1,3,5: Cidade Nova"
165,Volta,13,SN355,Volta,1,7.69,GRES Unidos da Tijuca :: Pistal Lateral
165,Volta,13,SN497,Volta,2,15.38,"BRS 1,2,3: Praça Onze, BRS 1,3,5: Cidade Nova"
165,Volta,13,133,Volta,1,7.69,Soares Cabral
165,Volta,13,SN624,Volta,2,15.38,"Geógrafo Milton Santos :: Linhas Municipais via São Cristóvão, GRES Unidos da Tijuca :: Pistal Lateral"
165,Volta,13,108,Ida,4,30.77,"BRS 1,2,3: Praça Onze, BRS 1,3,5: Cidade Nova, Geógrafo Milton Santos :: Linhas Municipais via São Cristóvão, GRES Unidos da Tijuca :: Pistal Lateral"
165,Volta,13,SN104,Ida,4,30.77,"BRS 1,2,3: Praça Onze, BRS 1,3,5: Cidade Nova, Geógrafo Milton Santos :: Linhas Municipais via São Cristóvão, GRES Unidos da Tijuca :: Pistal Lateral"
165,Volta,13,013,Ida,1,7.69,GRES Unidos da Tijuca :: Pistal Lateral
165,Volta,13,SN312,Volta,2,15.38,"Geógrafo Milton Santos :: Linhas Municipais via São Cristóvão, GRES Unidos da Tijuca :: Pistal Lateral"
165,Volta,13,167,Volta,1,7.69,GRES Unidos da Tijuca :: Pistal Lateral
165,Volta,13,585,Volta,6,46.15,"Marechal Pires Ferreira, Paróquia Cristo Redentor, Rumânia, Sebastião de Lacerda, Soares Cabral, Trem do Corcovado"
165,Volta,13,486,Volta,1,7.69,"BRS 1,3,5: Cidade Nova"
165,Volta,13,LECD110,Volta,1,7.69,GRES Unidos da Tijuca :: Pistal Lateral
165,Ida,12,497,Ida,4,33.33,"BRS 1,2,3,4,5,I: Cidade Nova, Estação Barão de Mauá :: Pista Central, Marquês de Sapucaí, Ribeiro de Almeida"
165,Ida,12,2343,Ida,2,16.67,"BRS 1,2,3,4,5,I: Cidade Nova, Estação Barão de Mauá :: Pista Central"
165,Ida,12,2305,Ida,2,16.67,"BRS 1,2,3,4,5,I: Cidade Nova, Estação Barão de Mauá :: Pista Central"
165,Ida,12,2342,Ida,2,16.67,"BRS 1,2,3,4,5,I: Cidade Nova, Estação Barão de Mauá :: Pista Central"
165,Ida,12,2344,Ida,2,16.67,"BRS 1,2,3,4,5,I: Cidade Nova, Estação Barão de Mauá :: Pista Central"
165,Ida,12,277,Ida,2,16.67,"BRS 1,2,3,4,5,I: Cidade Nova, Estação Barão de Mauá :: Pista Central"
165,Ida,12,292,Ida,2,16.67,"BRS 1,2,3,4,5,I: Cidade Nova, Estação Barão de Mauá :: Pista Central"
165,Ida,12,296,Ida,2,16.67,"BRS 1,2,3,4,5,I: Cidade Nova, Estação Barão de Mauá :: Pista Central"
165,Ida,12,298,Ida,2,16.67,"BRS 1,2,3,4,5,I: Cidade Nova, Estação Barão de Mauá :: Pista Central"
165,Ida,12,311,Ida,2,16.67,"BRS 1,2,3,4,5,I: Cidade Nova, Estação Barão de Mauá :: Pista Central"
165,Ida,12,312,Ida,2,16.67,"BRS 1,2,3,4,5,I: Cidade Nova, Estação Barão de Mauá :: Pista Central"
165,Ida,12,313,Ida,2,16.67,"BRS 1,2,3,4,5,I: Cidade Nova, Estação Barão de Mauá :: Pista Central"
165,Ida,12,321,Ida,2,16.67,"BRS 1,2,3,4,5,I: Cidade Nova, Estação Barão de Mauá :: Pista Central"
165,Ida,12,323,Ida,2,16.67,"BRS 1,2,3,4,5,I: Cidade Nova, Estação Barão de Mauá :: Pista Central"
165,Ida,12,325,Ida,2,16.67,"BRS 1,2,3,4,5,I: Cidade Nova, Estação Barão de Mauá :: Pista Central"
165,Ida,12,326,Ida,2,16.67,"BRS 1,2,3,4,5,I: Cidade Nova, Estação Barão de Mauá :: Pista Central"
165,Ida,12,327,Ida,2,16.67,"BRS 1,2,3,4,5,I: Cidade Nova, Estação Barão de Mauá :: Pista Central"
165,Ida,12,328,Ida,2,16.67,"BRS 1,2,3,4,5,I: Cidade Nova, Estação Barão de Mauá :: Pista Central"
165,Ida,12,329,Ida,2,16.67,"BRS 1,2,3,4,5,I: Cidade Nova, Estação Barão de Mauá :: Pista Central"
165,Ida,12,342,Ida,2,16.67,"BRS 1,2,3,4,5,I: Cidade Nova, Estação Barão de Mauá :: Pista Central"
165,Ida,12,SR342,Ida,2,16.67,"BRS 1,2,3,4,5,I: Cidade Nova, Estação Barão de Mauá :: Pista Central"
165,Ida,12,349,Ida,2,16.67,"BRS 1,2,3,4,5,I: Cidade Nova, Estação Barão de Mauá :: Pista Central"
165,Ida,12,362,Ida,3,25,"BRS 1,2,3,4,5,I: Cidade Nova, Estação Barão de Mauá :: Pista Central, Marquês de Sapucaí"
165,Ida,12,SR362,Ida,3,25,"BRS 1,2,3,4,5,I: Cidade Nova, Estação Barão de Mauá :: Pista Central, Marquês de Sapucaí"
165,Ida,12,378,Ida,2,16.67,"BRS 1,2,3,4,5,I: Cidade Nova, Estação Barão de Mauá :: Pista Central"
165,Ida,12,SR378,Ida,2,16.67,"BRS 1,2,3,4,5,I: Cidade Nova, Estação Barão de Mauá :: Pista Central"
165,Ida,12,384,Ida,2,16.67,"BRS 1,2,3,4,5,I: Cidade Nova, Estação Barão de Mauá :: Pista Central"
165,Ida,12,385,Ida,2,16.67,"BRS 1,2,3,4,5,I: Cidade Nova, Estação Barão de Mauá :: Pista Central"
165,Ida,12,SN324,Ida,2,16.67,"BRS 1,2,3,4,5,I: Cidade Nova, Estação Barão de Mauá :: Pista Central"
165,Ida,12,SN298,Ida,2,16.67,"BRS 1,2,3,4,5,I: Cidade Nova, Estação Barão de Mauá :: Pista Central"
165,Ida,12,399,Ida,2,16.67,"BRS 1,2,3,4,5,I: Cidade Nova, Estação Barão de Mauá :: Pista Central"
165,Ida,12,457,Ida,1,8.33,Marquês de Sapucaí
165,Ida,12,483,Ida,2,16.67,"BRS 1,2,3,4,5,I: Cidade Nova, Estação Barão de Mauá :: Pista Central"
165,Ida,12,484,Ida,2,16.67,"BRS 1,2,3,4,5,I: Cidade Nova, Estação Barão de Mauá :: Pista Central"
165,Ida,12,386,Ida,2,16.67,"BRS 1,2,3,4,5,I: Cidade Nova, Estação Barão de Mauá :: Pista Central"
165,Ida,12,SN457,Ida,1,8.33,Ribeiro de Almeida
165,Ida,12,SN457,Volta,1,8.33,Ribeiro de Almeida
165,Ida,12,315,Volta,2,16.67,"BRS 1,2,3,4,5,I: Cidade Nova, Estação Barão de Mauá :: Pista Central"
165,Ida,12,338,Ida,2,16.67,"BRS 1,2,3,4,5,I: Cidade Nova, Estação Barão de Mauá :: Pista Central"
165,Ida,12,343,Ida,2,16.67,"BRS 1,2,3,4,5,I: Cidade Nova, Estação Barão de Mauá :: Pista Central"
165,Ida,12,SP343,Ida,2,16.67,"BRS 1,2,3,4,5,I: Cidade Nova, Estação Barão de Mauá :: Pista Central"
165,Ida,12,348,Ida,2,16.67,"BRS 1,2,3,4,5,I: Cidade Nova, Estação Barão de Mauá :: Pista Central"
165,Ida,12,380,Ida,2,16.67,"BRS 1,2,3,4,5,I: Cidade Nova, Estação Barão de Mauá :: Pista Central"
165,Ida,12,361,Ida,2,16.67,"BRS 1,2,3,4,5,I: Cidade Nova, Estação Barão de Mauá :: Pista Central"
165,Ida,12,2345,Ida,2,16.67,"BRS 1,2,3,4,5,I: Cidade Nova, Estação Barão de Mauá :: Pista Central"
165,Ida,12,SN309,Volta,2,16.67,"BRS 1,2,3,4,5,I: Cidade Nova, Estação Barão de Mauá :: Pista Central"
165,Ida,12,352,Ida,2,16.67,"BRS 1,2,3,4,5,I: Cidade Nova, Estação Barão de Mauá :: Pista Central"
165,Ida,12,369,Ida,2,16.67,"BRS 1,2,3,4,5,I: Cidade Nova, Estação Barão de Mauá :: Pista Central"
165,Ida,12,379,Ida,2,16.67,"BRS 1,2,3,4,5,I: Cidade Nova, Estação Barão de Mauá :: Pista Central"
165,Ida,12,388,Ida,2,16.67,"BRS 1,2,3,4,5,I: Cidade Nova, Estação Barão de Mauá :: Pista Central"
165,Ida,12,389,Ida,2,16.67,"BRS 1,2,3,4,5,I: Cidade Nova, Estação Barão de Mauá :: Pista Central"
165,Ida,12,393,Ida,2,16.67,"BRS 1,2,3,4,5,I: Cidade Nova, Estação Barão de Mauá :: Pista Central"
165,Ida,12,SR393,Ida,2,16.67,"BRS 1,2,3,4,5,I: Cidade Nova, Estação Barão de Mauá :: Pista Central"
165,Ida,12,2307,Ida,2,16.67,"BRS 1,2,3,4,5,I: Cidade Nova, Estação Barão de Mauá :: Pista Central"
165,Ida,12,2308,Ida,2,16.67,"BRS 1,2,3,4,5,I: Cidade Nova, Estação Barão de Mauá :: Pista Central"
165,Ida,12,2309,Ida,2,16.67,"BRS 1,2,3,4,5,I: Cidade Nova, Estação Barão de Mauá :: Pista Central"
165,Ida,12,2310,Ida,2,16.67,"BRS 1,2,3,4,5,I: Cidade Nova, Estação Barão de Mauá :: Pista Central"
165,Ida,12,SN393,Ida,2,16.67,"BRS 1,2,3,4,5,I: Cidade Nova, Estação Barão de Mauá :: Pista Central"
165,Ida,12,SR300,Ida,2,16.67,"BRS 1,2,3,4,5,I: Cidade Nova, Estação Barão de Mauá :: Pista Central"
165,Ida,12,2336,Ida,2,16.67,"BRS 1,2,3,4,5,I: Cidade Nova, Estação Barão de Mauá :: Pista Central"
165,Ida,12,2303,Ida,2,16.67,"BRS 1,2,3,4,5,I: Cidade Nova, Estação Barão de Mauá :: Pista Central"
165,Ida,12,2339,Ida,2,16.67,"BRS 1,2,3,4,5,I: Cidade Nova, Estação Barão de Mauá :: Pista Central"
165,Ida,12,2381,Ida,2,16.67,"BRS 1,2,3,4,5,I: Cidade Nova, Estação Barão de Mauá :: Pista Central"
165,Ida,12,2383,Ida,2,16.67,"BRS 1,2,3,4,5,I: Cidade Nova, Estação Barão de Mauá :: Pista Central"
165,Ida,12,395,Ida,2,16.67,"BRS 1,2,3,4,5,I: Cidade Nova, Estação Barão de Mauá :: Pista Central"
165,Ida,12,394,Ida,2,16.67,"BRS 1,2,3,4,5,I: Cidade Nova, Estação Barão de Mauá :: Pista Central"
165,Ida,12,SR397,Ida,2,16.67,"BRS 1,2,3,4,5,I: Cidade Nova, Estação Barão de Mauá :: Pista Central"
165,Ida,12,SN397,Ida,2,16.67,"BRS 1,2,3,4,5,I: Cidade Nova, Estação Barão de Mauá :: Pista Central"
165,Ida,12,210,Ida,2,16.67,"BRS 1,2,3,4,5,I: Cidade Nova, Estação Barão de Mauá :: Pista Central"
165,Ida,12,220,Ida,1,8.33,Marquês de Sapucaí
165,Ida,12,275,Ida,2,16.67,"BRS 1,2,3,4,5,I: Cidade Nova, Estação Barão de Mauá :: Pista Central"
165,Ida,12,415,Ida,1,8.33,Marquês de Sapucaí
165,Ida,12,SN415,Ida,1,8.33,Marquês de Sapucaí
165,Ida,12,422,Volta,1,8.33,Terminal do Cosme Velho :: Plataforma A
165,Ida,12,422,Ida,8,66.67,"Cardoso Júnior, Leite Leal, Marechal Pires Ferreira, Paróquia Cristo Redentor, Pires de Almeida, Ribeiro de Almeida, Santuário São Judas Tadeu, Terminal do Cosme Velho :: Plataforma A"
165,Ida,12,SN422,Volta,1,8.33,Terminal do Cosme Velho :: Plataforma A
165,Ida,12,SN422,Ida,8,66.67,"Cardoso Júnior, Leite Leal, Marechal Pires Ferreira, Paróquia Cristo Redentor, Pires de Almeida, Ribeiro de Almeida, Santuário São Judas Tadeu, Terminal do Cosme Velho :: Plataforma A"
165,Ida,12,SN133,Volta,1,8.33,"BRS 1,2,3,4,5,I: Cidade Nova"
165,Ida,12,SN133,Ida,2,16.67,"Leite Leal, Ribeiro de Almeida"
165,Ida,12,117,Ida,8,66.67,"Cardoso Júnior, Leite Leal, Marechal Pires Ferreira, Paróquia Cristo Redentor, Pires de Almeida, Ribeiro de Almeida, Santuário São Judas Tadeu, Terminal do Cosme Velho :: Plataforma A"
165,Ida,12,117,Volta,1,8.33,Terminal do Cosme Velho :: Plataforma A
165,Ida,12,110,Ida,2,16.67,"BRS 1,2,3,4,5,I: Cidade Nova, Estação Barão de Mauá :: Pista Central"
165,Ida,12,209,Volta,2,16.67,"BRS 1,2,3,4,5,I: Cidade Nova, Estação Barão de Mauá :: Pista Central"
165,Ida,12,472,Ida,2,16.67,"BRS 1,2,3,4,5,I: Cidade Nova, Estação Barão de Mauá :: Pista Central"
165,Ida,12,474,Ida,2,16.67,"BRS 1,2,3,4,5,I: Cidade Nova, Estação Barão de Mauá :: Pista Central"
165,Ida,12,507,Volta,2,16.67,"Leite Leal, Ribeiro de Almeida"
165,Ida,12,583,Ida,7,58.33,"Cardoso Júnior, Leite Leal, Marechal Pires Ferreira, Paróquia Cristo Redentor, Pires de Almeida, Ribeiro de Almeida, Santuário São Judas Tadeu"
165,Ida,12,584,Ida,7,58.33,"Cardoso Júnior, Leite Leal, Marechal Pires Ferreira, Paróquia Cristo Redentor, Pires de Almeida, Ribeiro de Almeida, Santuário São Judas Tadeu"
165,Ida,12,498,Ida,3,25,"BRS 1,2,3,4,5,I: Cidade Nova, Estação Barão de Mauá :: Pista Central, Ribeiro de Almeida"
165,Ida,12,SN474,Ida,2,16.67,"BRS 1,2,3,4,5,I: Cidade Nova, Estação Barão de Mauá :: Pista Central"
165,Ida,12,104,Volta,2,16.67,"BRS 1,2,3,4,5,I: Cidade Nova, Estação Barão de Mauá :: Pista Central"
165,Ida,12,335,Ida,2,16.67,"BRS 1,2,3,4,5,I: Cidade Nova, Estação Barão de Mauá :: Pista Central"
165,Ida,12,485,Ida,2,16.67,"BRS 1,2,3,4,5,I: Cidade Nova, Estação Barão de Mauá :: Pista Central"
165,Ida,12,SN483,Ida,2,16.67,"BRS 1,2,3,4,5,I: Cidade Nova, Estação Barão de Mauá :: Pista Central"
165,Ida,12,SN209,Volta,2,16.67,"BRS 1,2,3,4,5,I: Cidade Nova, Estação Barão de Mauá :: Pista Central"
165,Ida,12,300,Ida,2,16.67,"BRS 1,2,3,4,5,I: Cidade Nova, Estação Barão de Mauá :: Pista Central"
165,Ida,12,443,Ida,3,25,"BRS 1,2,3,4,5,I: Cidade Nova, Estação Barão de Mauá :: Pista Central, Marquês de Sapucaí"
165,Ida,12,371,Ida,2,16.67,"BRS 1,2,3,4,5,I: Cidade Nova, Estação Barão de Mauá :: Pista Central"
165,Ida,12,SR399,Ida,2,16.67,"BRS 1,2,3,4,5,I: Cidade Nova, Estação Barão de Mauá :: Pista Central"
165,Ida,12,SR388,Ida,2,16.67,"BRS 1,2,3,4,5,I: Cidade Nova, Estação Barão de Mauá :: Pista Central"
165,Ida,12,397,Ida,2,16.67,"BRS 1,2,3,4,5,I: Cidade Nova, Estação Barão de Mauá :: Pista Central"
165,Ida,12,SN328,Ida,2,16.67,"BRS 1,2,3,4,5,I: Cidade Nova, Estação Barão de Mauá :: Pista Central"
165,Ida,12,SN388,Ida,2,16.67,"BRS 1,2,3,4,5,I: Cidade Nova, Estação Barão de Mauá :: Pista Central"
165,Ida,12,SN399,Ida,2,16.67,"BRS 1,2,3,4,5,I: Cidade Nova, Estação Barão de Mauá :: Pista Central"
165,Ida,12,SR384,Ida,2,16.67,"BRS 1,2,3,4,5,I: Cidade Nova, Estação Barão de Mauá :: Pista Central"
165,Ida,12,SR386,Ida,2,16.67,"BRS 1,2,3,4,5,I: Cidade Nova, Estação Barão de Mauá :: Pista Central"
165,Ida,12,SN497,Ida,4,33.33,"BRS 1,2,3,4,5,I: Cidade Nova, Estação Barão de Mauá :: Pista Central, Marquês de Sapucaí, Ribeiro de Almeida"
165,Ida,12,133,Volta,1,8.33,"BRS 1,2,3,4,5,I: Cidade Nova"
165,Ida,12,133,Ida,2,16.67,"Leite Leal, Ribeiro de Almeida"
165,Ida,12,SR328,Ida,2,16.67,"BRS 1,2,3,4,5,I: Cidade Nova, Estação Barão de Mauá :: Pista Central"
165,Ida,12,SN624,Ida,2,16.67,"BRS 1,2,3,4,5,I: Cidade Nova, Estação Barão de Mauá :: Pista Central"
165,Ida,12,108,Volta,2,16.67,"BRS 1,2,3,4,5,I: Cidade Nova, Estação Barão de Mauá :: Pista Central"
165,Ida,12,SN104,Volta,2,16.67,"BRS 1,2,3,4,5,I: Cidade Nova, Estação Barão de Mauá :: Pista Central"
165,Ida,12,SN312,Ida,2,16.67,"BRS 1,2,3,4,5,I: Cidade Nova, Estação Barão de Mauá :: Pista Central"
165,Ida,12,324,Ida,2,16.67,"BRS 1,2,3,4,5,I: Cidade Nova, Estação Barão de Mauá :: Pista Central"
165,Ida,12,585,Ida,7,58.33,"Cardoso Júnior, Leite Leal, Marechal Pires Ferreira, Paróquia Cristo Redentor, Pires de Almeida, Ribeiro de Almeida, Santuário São Judas Tadeu"
